employee_id,name_mask,gender,birth_year,hire_date,leave_date,leave_type,leave_reason_code,current_dept_id,current_level_code,is_key_talent,probation_end,status_end
E00001,华静*,女,1989,2020-09-23,,,,D01,L1,0,2020-12-22,active
E00002,秦伟慧,女,1990,2024-12-08,2025-01-27,invol,R06,D06,L4,1,2025-03-08,left
E00003,魏明云,男,1998,2024-05-21,2025-02-11,vol,R02,D01,L2,0,2024-08-19,left
E00004,尤勇杰,女,1986,2020-10-19,,,,D03,L4,0,2021-01-17,active
E00005,杨慧*,男,1995,2024-05-06,,,,D01,L3,0,2024-08-04,active
E00006,孙春*,女,1975,2020-03-31,,,,D01,L5,0,2020-06-29,active
E00007,喻红爱,女,1997,2019-12-17,,,,D11,L2,0,2020-03-16,active
E00008,褚爱莲,男,1985,2024-01-14,,,,D03,L1,0,2024-04-13,active
E00009,吕涛*,女,1981,2021-09-05,,,,D01,L4,1,2021-12-04,active
E00010,许佳华,女,1988,2019-11-30,,,,D02,L4,1,2020-02-28,active
E00011,许芝*,女,1992,2017-06-25,,,,D11,L1,0,2017-12-22,active
E00012,陶巧*,女,1998,2024-09-15,,,,D11,L6,0,2024-12-14,active
E00013,杨翠*,女,1998,2021-08-14,,,,D01,L2,0,2021-11-12,active
E00014,吕洋*,男,1985,2021-03-14,,,,D01,L3,0,2021-09-10,active
E00015,施爱*,女,1990,2021-08-03,,,,D11,L2,1,2021-11-01,active
E00016,杨静*,男,1983,2020-07-17,2025-08-29,vol,R04,D03,L2,0,2021-01-13,left
E00017,邹芳芝,女,1983,2023-08-26,,,,D01,L5,0,2023-11-24,active
E00018,魏芬*,男,1987,2022-10-11,,,,D12,L1,0,2023-04-09,active
E00019,李强佳,男,1995,2021-06-13,,,,D11,L3,0,2021-09-11,active
E00020,杨环*,男,1978,2024-10-25,,,,D11,L1,0,2025-01-23,active
E00021,何芝*,男,1995,2021-02-03,,,,D01,L2,0,2021-05-04,active
E00022,邹珠*,男,1998,2022-04-29,2025-03-12,vol,R03,D01,L3,0,2022-07-28,left
E00023,谢芳燕,男,1987,2024-10-18,,,,D01,L4,1,2025-04-16,active
E00024,沈凤*,男,1978,2018-04-26,,,,D05,L1,0,2018-07-25,active
E00025,朱慧爱,男,1996,2022-01-25,,,,D04,L1,0,2022-04-25,active
E00026,冯丽*,女,1984,2017-08-10,,,,D06,L5,0,2017-11-08,active
E00027,陈芝美,女,1990,2018-02-06,,,,D11,L3,1,2018-08-05,active
E00028,杨娥*,女,1993,2019-10-07,2025-12-16,vol,R02,D06,L2,0,2020-01-05,left
E00029,钱静*,男,1991,2024-11-17,,,,D01,L2,1,2025-02-15,active
E00030,钱涛红,女,1995,2019-05-25,,,,D01,L2,0,2019-08-23,active
E00031,蒋萍*,女,1998,2023-09-30,,,,D03,L2,0,2023-12-29,active
E00032,何明燕,男,1980,2019-01-27,2025-07-25,vol,R05,D03,L1,0,2019-04-27,left
E00033,许环*,女,1989,2023-04-25,,,,D01,L2,0,2023-07-24,active
E00034,戚媛巧,女,1983,2022-07-03,,,,D05,L2,0,2022-10-01,active
E00035,钱丽*,男,1985,2020-06-12,2025-10-26,vol,R02,D08,L3,0,2020-09-10,left
E00036,曹玉*,女,2002,2024-10-06,,,,D06,L3,0,2025-01-04,active
E00037,王月*,女,1985,2018-07-09,,,,D03,L4,0,2018-10-07,active
E00038,喻香媛,女,1982,2023-05-13,2025-01-24,vol,R04,D03,L4,0,2023-11-09,left
E00039,邹勇*,男,1992,2023-08-20,,,,D01,L4,0,2023-11-18,active
E00040,孔娜云,男,1987,2024-10-18,,,,D03,L2,0,2025-04-16,active
E00041,韩瑞*,女,1987,2023-07-02,,,,D03,L4,1,2023-09-30,active
E00042,邹敏敏,女,1994,2023-03-27,,,,D01,L5,0,2023-09-23,active
E00043,严萍媛,男,1992,2024-03-31,,,,D01,L4,0,2024-09-27,active
E00044,杨淑华,男,1987,2023-02-10,,,,D01,L6,0,2023-05-11,active
E00045,褚彩*,女,1986,2017-07-20,,,,D01,L3,0,2017-10-18,active
E00046,杨娟燕,男,1993,2020-05-03,,,,D10,L4,0,2020-08-01,active
E00047,姜娟*,男,1992,2017-03-09,2025-05-31,vol,R04,D02,L3,0,2017-09-05,left
E00048,邹艳*,男,1989,2022-04-20,,,,D09,L4,0,2022-07-19,active
E00049,姜菊*,男,2001,2023-11-18,,,,D01,L3,0,2024-02-16,active
E00050,吴芝瑞,女,1989,2023-03-09,,,,D04,L1,0,2023-09-05,active
E00051,张媛洁,男,1987,2022-02-18,,,,D03,L2,0,2022-05-19,active
E00052,王娜*,男,1992,2023-04-08,,,,D07,L1,0,2023-07-07,active
E00053,邹超*,女,1979,2021-02-22,2025-03-06,invol,R07,D12,L2,0,2021-05-23,left
E00054,尤媛*,女,1991,2020-03-01,,,,D02,L4,0,2020-05-30,active
E00055,许勇明,女,1989,2018-07-04,2025-08-09,vol,R02,D01,L3,0,2018-10-02,left
E00056,华彩磊,男,1989,2021-01-28,2025-03-23,invol,R07,D05,L3,0,2021-04-28,left
E00057,严香媛,女,1987,2017-07-28,,,,D02,L1,0,2017-10-26,active
E00058,蒋爱*,男,1987,2020-01-18,,,,D01,L1,0,2020-07-16,active
E00059,王莺环,男,1990,2023-09-29,2025-02-15,invol,R09,D12,L4,0,2023-12-28,left
E00060,韩娜娥,女,1989,2024-10-07,2025-01-03,invol,R06,D04,L4,0,2025-01-05,left
E00061,施雪*,女,1987,2021-10-10,,,,D06,L3,0,2022-01-08,active
E00062,魏艳*,男,1985,2023-04-10,,,,D02,L6,0,2023-07-09,active
E00063,金强*,女,1996,2021-11-07,,,,D04,L1,0,2022-05-06,active
E00064,褚彩雪,男,1993,2022-06-12,2025-02-02,vol,R01,D01,L6,0,2022-09-10,left
E00065,陶媛*,女,1984,2022-04-16,,,,D04,L2,0,2022-07-15,active
E00066,严凤佳,女,1975,2017-10-29,,,,D01,L1,1,2018-04-27,active
E00067,邹云*,女,1995,2019-11-06,,,,D02,L2,0,2020-02-04,active
E00068,陶云*,男,1998,2020-02-16,,,,D06,L5,0,2020-05-16,active
E00069,魏芳雪,男,1986,2022-01-04,,,,D11,L2,0,2022-04-04,active
E00070,邹云瑞,男,1995,2024-10-08,,,,D11,L4,1,2025-04-06,active
E00071,郑霞*,女,1995,2024-10-05,,,,D02,L1,1,2025-04-03,active
E00072,卫巧*,男,1988,2023-05-08,2025-03-16,vol,R03,D05,L2,0,2023-08-06,left
E00073,魏芬慧,女,1985,2020-04-10,2025-05-13,vol,R03,D01,L1,0,2020-07-09,left
E00074,蒋莲娟,女,1981,2017-02-14,2025-08-07,vol,R04,D01,L2,0,2017-08-13,left
E00075,李凡芬,男,1988,2021-04-19,,,,D08,L1,0,2021-10-16,active
E00076,冯杰丽,女,1994,2019-02-12,2025-07-13,vol,R01,D02,L3,0,2019-05-13,left
E00077,张欣*,男,1993,2021-04-08,,,,D01,L1,0,2021-07-07,active
E00078,魏洋*,女,1977,2017-11-30,2025-03-01,vol,R01,D12,L2,0,2018-05-29,left
E00079,魏素红,女,1987,2019-11-19,,,,D05,L4,0,2020-02-17,active
E00080,韩军莺,男,1999,2024-08-17,,,,D11,L3,0,2024-11-15,active
E00081,孔月*,男,1972,2022-09-17,,,,D12,L1,0,2022-12-16,active
E00082,姜雪玲,女,1986,2021-07-31,2025-12-06,invol,R08,D01,L1,0,2021-10-29,left
E00083,曹玲*,女,1984,2022-06-04,,,,D01,L3,0,2022-09-02,active
E00084,杨超惠,女,1986,2022-05-03,,,,D01,L3,0,2022-10-30,active
E00085,陈超*,女,1992,2024-02-08,,,,D08,L4,1,2024-05-08,active
E00086,卫红*,男,1977,2018-06-14,,,,D07,L4,0,2018-09-12,active
E00087,谢燕*,男,1986,2022-02-22,,,,D03,L6,1,2022-08-21,active
E00088,吴菊军,男,1987,2022-02-13,2025-07-20,vol,R04,D01,L1,0,2022-05-14,left
E00089,王珠*,男,1995,2021-03-14,2025-05-25,invol,R07,D11,L3,0,2021-09-10,left
E00090,张华媛,男,1990,2018-11-03,2025-12-19,vol,R02,D01,L1,0,2019-02-01,left
E00091,王雪*,女,1996,2024-09-15,,,,D06,L1,0,2024-12-14,active
E00092,沈华翠,女,1985,2018-06-11,,,,D10,L3,0,2018-09-09,active
E00093,喻敏娥,女,1999,2021-06-24,2025-08-11,vol,R01,D01,L5,1,2021-12-21,left
E00094,周英敏,男,1993,2019-07-05,,,,D01,L1,0,2019-10-03,active
E00095,李华*,男,1998,2022-12-07,,,,D05,L4,0,2023-03-07,active
E00096,施妹*,女,1983,2020-06-23,,,,D06,L3,0,2020-09-21,active
E00097,冯萍*,男,1997,2021-09-20,,,,D01,L1,0,2021-12-19,active
E00098,施洋*,男,1987,2022-07-15,,,,D07,L4,0,2023-01-11,active
E00099,何巧月,女,2002,2024-10-02,,,,D09,L2,0,2024-12-31,active
E00100,许凤*,男,1998,2024-09-23,,,,D08,L3,1,2024-12-22,active
E00101,杨娟*,男,1985,2020-09-28,,,,D01,L4,0,2021-03-27,active
E00102,金菊春,女,1993,2020-07-25,,,,D01,L3,1,2020-10-23,active
E00103,张芬*,女,1996,2022-06-06,,,,D11,L1,0,2022-09-04,active
E00104,孙香静,男,1993,2020-11-29,,,,D02,L3,0,2021-02-27,active
E00105,孙玉霞,男,1989,2024-06-08,,,,D04,L7,0,2024-09-06,active
E00106,吕军*,男,1995,2017-11-17,,,,D04,L2,0,2018-05-16,active
E00107,曹超勇,女,1996,2023-10-17,2025-10-28,vol,R02,D02,L1,0,2024-04-14,left
E00108,谢艳爱,女,1982,2019-03-25,,,,D03,L5,1,2019-06-23,active
E00109,郑佳欣,男,1992,2023-06-12,,,,D01,L7,1,2023-09-10,active
E00110,褚霞*,女,1992,2019-06-27,,,,D02,L1,0,2019-09-25,active
E00111,陶静*,男,1987,2017-04-18,,,,D12,L3,0,2017-10-15,active
E00112,蒋秀强,女,1998,2022-04-09,,,,D05,L3,0,2022-07-08,active
E00113,戚英艳,女,1994,2021-06-29,,,,D12,L1,0,2021-09-27,active
E00114,孔勇*,女,1992,2022-05-08,2025-02-04,vol,R02,D01,L2,0,2022-08-06,left
E00115,陶香勇,男,1986,2018-09-11,,,,D01,L5,1,2019-03-10,active
E00116,李芝*,女,1992,2024-05-23,,,,D08,L1,0,2024-08-21,active
E00117,施芝娜,女,1986,2024-08-05,,,,D06,L1,0,2024-11-03,active
E00118,钱莲丽,女,1986,2017-04-15,,,,D05,L3,0,2017-07-14,active
E00119,吕秀*,男,1988,2023-11-01,2025-08-05,vol,R01,D04,L3,0,2024-01-30,left
E00120,魏静*,女,1992,2024-04-08,,,,D01,L2,0,2024-07-07,active
E00121,施强兰,男,1986,2024-11-19,2025-12-06,invol,R07,D01,L1,0,2025-02-17,left
E00122,姜凡*,女,1992,2022-06-18,2025-01-26,invol,R06,D08,L5,1,2022-12-15,left
E00123,尤彩*,男,2002,2024-09-22,,,,D06,L3,0,2024-12-21,active
E00124,秦磊*,男,1998,2022-05-27,,,,D05,L5,0,2022-11-23,active
E00125,张琳*,男,1998,2020-05-08,,,,D04,L1,0,2020-11-04,active
E00126,曹春玉,男,1996,2020-04-28,,,,D12,L4,1,2020-07-27,active
E00127,尤瑞*,男,1998,2024-03-14,2025-02-02,invol,R06,D01,L1,1,2024-09-10,left
E00128,施军*,未披露,1995,2024-04-13,2025-04-02,vol,R01,D03,L4,1,2024-10-10,left
E00129,姜敏*,男,1996,2024-05-07,,,,D04,L7,0,2024-08-05,active
E00130,严雪洋,男,1990,2024-07-16,,,,D01,L2,0,2024-10-14,active
E00131,冯妹*,女,2000,2024-10-03,,,,D11,L4,0,2025-01-01,active
E00132,尤勇*,男,1982,2023-06-25,,,,D05,L4,0,2023-12-22,active
E00133,吕丽敏,男,1998,2023-06-16,,,,D01,L3,0,2023-09-14,active
E00134,姜芳燕,女,1995,2019-06-06,,,,D03,L4,0,2019-09-04,active
E00135,何洁超,女,1989,2023-07-15,,,,D07,L2,0,2023-10-13,active
E00136,尤莲荣,男,1988,2024-08-21,2025-04-29,invol,R08,D01,L1,0,2024-11-19,left
E00137,许凡*,女,1994,2024-05-13,2025-12-24,invol,R09,D12,L1,0,2024-08-11,left
E00138,陶芬*,女,1990,2017-05-13,,,,D10,L1,0,2017-08-11,active
E00139,周莲*,女,1992,2018-04-06,2025-03-31,invol,R06,D07,L3,0,2018-07-05,left
E00140,吕琳淑,男,1982,2017-01-29,,,,D05,L6,1,2017-07-28,active
E00141,何慧*,女,1997,2024-11-21,,,,D05,L5,0,2025-05-20,active
E00142,张兰荣,女,1991,2021-11-13,,,,D05,L4,0,2022-05-12,active
E00143,李艳*,女,1990,2020-04-08,,,,D05,L6,0,2020-07-07,active
E00144,何荣*,男,1985,2024-06-08,,,,D01,L6,0,2024-09-06,active
E00145,卫月凤,女,1994,2017-11-18,,,,D04,L7,0,2018-02-16,active
E00146,韩燕惠,女,1990,2020-04-25,,,,D06,L1,0,2020-07-24,active
E00147,曹洁英,女,1990,2022-02-05,,,,D02,L1,0,2022-05-06,active
E00148,邹娥娥,女,1993,2019-12-26,2025-08-05,vol,R05,D01,L3,0,2020-03-25,left
E00149,陶杰秀,男,1987,2021-03-12,,,,D01,L1,0,2021-06-10,active
E00150,尤菊*,女,1989,2017-10-03,2025-09-28,vol,R02,D01,L5,0,2018-01-01,left
E00151,曹凡*,女,1987,2023-12-19,,,,D07,L1,0,2024-06-16,active
E00152,尤月欣,男,1981,2023-08-05,,,,D03,L3,0,2024-02-01,active
E00153,赵凤静,男,1986,2018-08-03,,,,D01,L4,0,2018-11-01,active
E00154,陶菊伟,男,1993,2018-10-31,2025-04-03,vol,R01,D01,L2,0,2019-04-29,left
E00155,王莺*,男,1989,2019-08-06,,,,D03,L3,0,2019-11-04,active
E00156,韩翠艳,女,1988,2018-02-18,,,,D01,L3,0,2018-05-19,active
E00157,吴欣*,女,1982,2021-01-02,,,,D06,L4,1,2021-07-01,active
E00158,褚菊霞,女,1996,2021-05-31,2025-12-20,invol,R06,D01,L5,1,2021-08-29,left
E00159,喻莺彩,女,1992,2021-03-29,,,,D06,L1,0,2021-06-27,active
E00160,李军媛,女,1987,2018-12-20,,,,D01,L1,0,2019-03-20,active
E00161,孔云*,女,1992,2019-06-01,2025-11-16,invol,R06,D12,L7,0,2019-11-28,left
E00162,韩伟燕,男,1992,2018-07-09,,,,D03,L3,0,2018-10-07,active
E00163,王静荣,女,1991,2022-07-26,,,,D05,L1,0,2022-10-24,active
E00164,李玉环,男,1982,2018-03-16,,,,D03,L1,0,2018-06-14,active
E00165,何芝*,男,1984,2019-08-13,,,,D01,L5,0,2019-11-11,active
E00166,华凡*,女,1993,2023-07-08,,,,D02,L3,0,2023-10-06,active
E00167,韩燕英,男,1994,2022-11-21,,,,D08,L2,0,2023-02-19,active
E00168,吴香艳,女,1989,2021-05-25,,,,D04,L1,0,2021-08-23,active
E00169,喻珠*,女,2002,2024-11-05,,,,D11,L1,0,2025-02-03,active
E00170,陶玉惠,男,1994,2017-06-27,,,,D03,L1,0,2017-09-25,active
E00171,郑媛春,男,1998,2023-05-07,,,,D11,L1,0,2023-08-05,active
E00172,严芳*,女,1993,2022-08-18,,,,D02,L4,0,2022-11-16,active
E00173,魏巧梅,女,1996,2021-12-04,,,,D01,L2,0,2022-03-04,active
E00174,周强雪,未披露,1983,2022-01-10,,,,D01,L6,1,2022-07-09,active
E00175,姜娜*,男,1999,2024-06-02,2025-11-22,vol,R01,D04,L3,1,2024-08-31,left
E00176,华美*,女,1985,2021-09-13,,,,D01,L2,0,2021-12-12,active
E00177,杨翠*,男,2000,2024-03-02,,,,D09,L1,0,2024-05-31,active
E00178,李芳勇,女,1978,2017-01-17,2025-09-24,vol,R04,D03,L1,0,2017-04-17,left
E00179,陶娥*,女,1976,2019-04-07,,,,D01,L5,0,2019-10-04,active
E00180,陈真燕,男,1993,2021-06-02,,,,D01,L5,1,2021-08-31,active
E00181,吴佳洁,女,1993,2018-10-06,,,,D01,L4,0,2019-01-04,active
E00182,秦香*,女,1994,2023-03-08,,,,D02,L2,0,2023-06-06,active
E00183,陈云华,女,1984,2022-06-27,,,,D07,L4,1,2022-09-25,active
E00184,吴娜*,女,1989,2024-08-27,,,,D04,L2,0,2024-11-25,active
E00185,孔勇玉,男,1987,2024-08-31,2025-10-18,vol,R01,D04,L2,0,2024-11-29,left
E00186,秦荣*,男,1987,2022-12-04,,,,D08,L1,0,2023-03-04,active
E00187,孔兰*,男,1991,2017-07-28,,,,D06,L1,0,2017-10-26,active
E00188,何美春,男,1994,2020-07-26,2025-06-03,vol,R03,D02,L2,0,2020-10-24,left
E00189,蒋娜敏,女,1994,2022-01-01,,,,D12,L4,0,2022-06-30,active
E00190,姜秀芝,女,1987,2022-06-17,,,,D01,L1,0,2022-12-14,active
E00191,严静琳,男,1985,2022-07-29,,,,D06,L2,0,2023-01-25,active
E00192,孙环兰,男,1991,2021-02-22,,,,D12,L1,0,2021-05-23,active
E00193,魏佳*,男,1994,2024-12-20,,,,D12,L4,0,2025-03-20,active
E00194,魏惠*,男,1994,2017-11-17,2025-08-29,invol,R08,D02,L6,1,2018-02-15,left
E00195,褚玉*,男,1992,2019-11-25,2025-11-30,vol,R01,D04,L1,0,2020-02-23,left
E00196,华真*,男,1981,2022-07-17,,,,D05,L2,0,2022-10-15,active
E00197,邹娜*,男,1989,2021-02-17,,,,D01,L4,1,2021-05-18,active
E00198,王洁*,女,1985,2020-05-23,,,,D03,L4,0,2020-08-21,active
E00199,张英*,女,1997,2020-05-19,,,,D03,L2,0,2020-08-17,active
E00200,卫巧*,男,1996,2022-11-25,,,,D01,L3,0,2023-05-24,active
E00201,姜雪荣,女,1985,2022-05-19,2025-09-10,vol,R03,D06,L1,0,2022-08-17,left
E00202,邹芬*,男,1996,2024-04-20,,,,D03,L4,0,2024-07-19,active
E00203,金珠娟,女,1991,2021-07-15,,,,D07,L7,0,2022-01-11,active
E00204,王芝*,男,1980,2018-05-16,,,,D07,L2,0,2018-08-14,active
E00205,施玲巧,女,1986,2018-06-20,,,,D02,L1,0,2018-09-18,active
E00206,冯雪玲,女,1990,2023-07-29,,,,D11,L3,0,2024-01-25,active
E00207,秦荣*,男,1989,2018-06-13,,,,D01,L5,0,2018-09-11,active
E00208,赵艳月,女,1987,2022-09-29,2025-09-19,invol,R07,D05,L5,0,2022-12-28,left
E00209,冯瑞强,男,1992,2019-03-02,,,,D06,L1,0,2019-05-31,active
E00210,华淑超,男,1986,2018-10-10,,,,D11,L5,1,2019-01-08,active
E00211,许雅*,男,1989,2018-05-11,,,,D01,L3,0,2018-08-09,active
E00212,吕明爱,男,1992,2024-01-30,,,,D06,L1,0,2024-04-29,active
E00213,冯英*,女,1988,2023-12-26,,,,D04,L5,0,2024-06-23,active
E00214,沈艳秀,女,1989,2023-02-21,2025-06-13,invol,R09,D07,L1,0,2023-05-22,left
E00215,尤敏燕,男,1988,2022-11-16,,,,D01,L1,0,2023-02-14,active
E00216,姜莲*,男,1990,2024-03-13,2025-01-06,invol,R06,D03,L1,0,2024-09-09,left
E00217,卫媛洋,女,1988,2021-09-24,,,,D01,L5,1,2021-12-23,active
E00218,戚荣*,女,1994,2023-10-10,,,,D03,L6,0,2024-01-08,active
E00219,周彩芝,男,1998,2024-06-03,,,,D01,L4,1,2024-09-01,active
E00220,卫明*,女,1992,2022-06-24,,,,D01,L1,1,2022-09-22,active
E00221,秦明敏,女,1989,2021-12-22,2025-06-25,vol,R05,D08,L1,0,2022-06-20,left
E00222,张磊*,女,1999,2021-09-30,,,,D04,L3,0,2021-12-29,active
E00223,赵玉*,女,1994,2023-10-25,,,,D02,L4,0,2024-04-22,active
E00224,何玉*,女,1989,2017-06-12,2025-01-20,vol,R05,D06,L5,1,2017-09-10,left
E00225,曹军芬,男,1994,2024-10-01,,,,D08,L1,0,2024-12-30,active
E00226,杨莺*,男,1995,2024-09-15,,,,D12,L1,0,2024-12-14,active
E00227,赵兰*,女,1988,2019-05-10,,,,D05,L2,0,2019-08-08,active
E00228,陈玲*,男,1988,2019-11-17,,,,D11,L7,0,2020-05-15,active
E00229,李妹超,男,1990,2020-02-11,2025-12-20,vol,R01,D01,L3,0,2020-05-11,left
E00230,周淑*,女,2000,2023-05-21,,,,D08,L4,1,2023-08-19,active
E00231,朱明*,男,2000,2024-08-15,,,,D08,L6,1,2024-11-13,active
E00232,杨梅*,男,1985,2020-01-21,,,,D01,L5,1,2020-04-20,active
E00233,冯明*,男,1993,2018-12-07,,,,D09,L4,0,2019-03-07,active
E00234,周娜淑,女,1984,2018-11-18,,,,D11,L6,0,2019-02-16,active
E00235,姜敏*,男,1986,2018-01-09,,,,D03,L6,0,2018-04-09,active
E00236,尤凡*,女,1993,2023-08-27,,,,D04,L1,1,2023-11-25,active
E00237,钱云梅,男,1999,2023-08-26,,,,D03,L1,0,2023-11-24,active
E00238,韩敏玲,男,2001,2023-02-28,,,,D01,L2,0,2023-05-29,active
E00239,李翠莲,未披露,1988,2021-09-03,,,,D02,L3,0,2022-03-02,active
E00240,钱梅英,男,1988,2018-09-03,,,,D04,L2,0,2018-12-02,active
E00241,陶伟*,女,1986,2017-02-06,,,,D05,L1,0,2017-05-07,active
E00242,陈涛琳,女,1991,2023-03-22,2025-01-28,vol,R01,D12,L5,0,2023-06-20,left
E00243,姜春*,男,1999,2022-10-24,,,,D12,L4,0,2023-01-22,active
E00244,尤超*,女,1974,2019-04-08,,,,D01,L4,0,2019-07-07,active
E00245,姜英*,男,1996,2018-07-31,2025-07-21,vol,R02,D01,L6,1,2018-10-29,left
E00246,吕香*,女,2001,2023-05-01,,,,D01,L1,0,2023-07-30,active
E00247,孔洁*,女,1986,2023-02-26,,,,D01,L2,0,2023-05-27,active
E00248,孙芳*,女,1986,2018-06-08,,,,D01,L1,0,2018-12-05,active
E00249,陶敏*,男,1980,2023-03-12,,,,D05,L6,0,2023-09-08,active
E00250,邹红燕,男,1987,2024-11-04,,,,D01,L1,1,2025-02-02,active
E00251,蒋杰*,男,1995,2021-04-22,,,,D01,L2,0,2021-07-21,active
E00252,吴莲*,男,1989,2024-10-03,,,,D11,L2,0,2025-01-01,active
E00253,郑勇雪,男,1992,2022-05-27,,,,D12,L3,0,2022-08-25,active
E00254,陶芝*,女,1979,2021-06-23,2025-03-23,vol,R02,D01,L2,0,2021-12-20,left
E00255,金美巧,女,1996,2019-12-20,,,,D12,L7,0,2020-06-17,active
E00256,何军*,男,1992,2022-07-27,,,,D04,L5,0,2022-10-25,active
E00257,郑娟杰,女,1996,2021-10-22,,,,D08,L2,0,2022-01-20,active
E00258,卫玲*,男,1993,2018-04-13,,,,D05,L3,0,2018-07-12,active
E00259,钱凤燕,女,1994,2022-09-28,,,,D02,L4,0,2023-03-27,active
E00260,秦荣艳,男,1986,2020-04-12,,,,D01,L6,1,2020-10-09,active
E00261,戚环*,女,1980,2018-11-13,2025-02-10,vol,R01,D10,L3,0,2019-02-11,left
E00262,李琳玲,女,2002,2024-12-06,,,,D02,L1,0,2025-03-06,active
E00263,喻洁*,女,1991,2022-10-21,,,,D09,L3,0,2023-01-19,active
E00264,沈翠惠,男,1981,2018-10-31,,,,D01,L2,0,2019-01-29,active
E00265,许玲*,男,1991,2024-12-20,2025-05-05,invol,R06,D02,L4,1,2025-03-20,left
E00266,赵嘉素,男,1990,2023-10-22,,,,D04,L3,0,2024-01-20,active
E00267,许静*,男,1995,2023-08-20,,,,D07,L2,0,2023-11-18,active
E00268,姜芳*,男,1984,2019-01-18,2025-04-08,vol,R04,D03,L2,0,2019-04-18,left
E00269,施佳*,女,1999,2024-11-17,,,,D01,L4,0,2025-02-15,active
E00270,卫兰翠,男,1985,2023-07-11,,,,D02,L1,0,2024-01-07,active
E00271,周媛佳,男,1998,2023-06-12,,,,D01,L1,0,2023-09-10,active
E00272,严月*,男,1994,2021-09-06,,,,D12,L5,1,2021-12-05,active
E00273,褚慧*,女,1990,2024-09-27,,,,D07,L1,0,2025-03-26,active
E00274,邹淑芳,男,1982,2020-11-27,,,,D11,L2,0,2021-02-25,active
E00275,孔佳巧,女,1994,2021-09-16,,,,D01,L4,1,2021-12-15,active
E00276,冯凤瑞,女,1990,2017-07-17,,,,D02,L3,0,2018-01-13,active
E00277,王琳静,男,1984,2017-07-21,,,,D02,L1,0,2017-10-19,active
E00278,钱强荣,男,1971,2019-05-25,2025-02-15,invol,R07,D03,L7,1,2019-08-23,left
E00279,冯荣娟,男,1993,2023-10-30,,,,D03,L2,0,2024-01-28,active
E00280,蒋梅芳,男,1993,2023-08-19,,,,D01,L4,0,2024-02-15,active
E00281,陈艳洋,男,1978,2017-12-14,2025-01-24,vol,R03,D06,L5,1,2018-03-14,left
E00282,卫丽琳,男,1992,2023-10-19,,,,D08,L6,1,2024-01-17,active
E00283,金娥艳,女,1988,2019-10-07,,,,D02,L2,0,2020-01-05,active
E00284,严巧*,女,1994,2024-08-03,,,,D06,L1,1,2025-01-30,active
E00285,施敏超,男,1981,2017-08-19,2025-03-09,vol,R03,D03,L3,0,2017-11-17,left
E00286,谢翠凤,男,1991,2018-03-14,,,,D03,L1,0,2018-06-12,active
E00287,喻强*,女,1989,2020-11-21,,,,D11,L3,0,2021-05-20,active
E00288,秦强*,女,1986,2022-03-11,,,,D04,L1,0,2022-06-09,active
E00289,姜娜*,男,1985,2018-12-22,,,,D03,L5,1,2019-03-22,active
E00290,魏凤*,女,2000,2024-09-03,,,,D01,L3,0,2024-12-02,active
E00291,韩伟*,女,1999,2022-04-22,,,,D09,L2,0,2022-07-21,active
E00292,严娟*,男,1998,2023-07-14,,,,D01,L1,0,2023-10-12,active
E00293,王香*,男,1986,2018-08-06,2025-10-22,vol,R02,D05,L1,0,2019-02-02,left
E00294,陶嘉美,女,1995,2017-05-30,,,,D06,L1,0,2017-11-26,active
E00295,杨玲*,男,1996,2018-12-28,,,,D02,L3,0,2019-06-26,active
E00296,喻春珠,男,1996,2019-02-04,,,,D01,L4,0,2019-05-05,active
E00297,王梅荣,女,2001,2023-03-11,,,,D06,L3,0,2023-06-09,active
E00298,李淑*,女,1999,2021-08-25,2025-04-28,vol,R04,D08,L3,0,2021-11-23,left
E00299,郑翠莲,女,1991,2020-04-20,,,,D01,L4,0,2020-10-17,active
E00300,何强*,女,1997,2023-08-09,,,,D01,L2,0,2024-02-05,active
E00301,蒋静*,女,1981,2019-04-24,,,,D01,L3,0,2019-07-23,active
E00302,朱超*,女,1998,2024-03-23,,,,D10,L1,1,2024-06-21,active
E00303,许瑞梅,男,1984,2022-03-31,,,,D01,L4,0,2022-09-27,active
E00304,吴洁*,男,1990,2017-06-11,2025-07-02,invol,R06,D01,L3,0,2017-09-09,left
E00305,王洁*,女,1998,2023-01-26,,,,D11,L3,0,2023-04-26,active
E00306,孔萍*,女,1994,2020-11-23,,,,D02,L2,0,2021-05-22,active
E00307,吴杰*,男,1994,2018-11-24,,,,D12,L2,0,2019-02-22,active
E00308,郑惠*,男,1994,2024-12-28,,,,D06,L3,0,2025-03-28,active
E00309,周强*,女,1980,2019-05-09,,,,D01,L1,1,2019-08-07,active
E00310,孔明*,男,1984,2018-11-29,,,,D05,L2,0,2019-02-27,active
E00311,吴芬霞,男,1985,2019-07-21,2025-09-29,vol,R01,D01,L3,0,2019-10-19,left
E00312,邹芳英,女,1998,2024-12-05,2025-02-22,invol,R06,D02,L1,0,2025-06-03,left
E00313,曹勇*,男,1979,2017-05-04,,,,D07,L3,0,2017-08-02,active
E00314,朱静*,女,1995,2023-03-05,,,,D06,L5,1,2023-06-03,active
E00315,姜兰*,男,1993,2019-08-09,2025-06-23,invol,R07,D06,L1,0,2019-11-07,left
E00316,许华琳,女,1994,2023-08-14,,,,D08,L2,0,2023-11-12,active
E00317,吕艳*,男,1992,2024-04-25,,,,D02,L2,0,2024-07-24,active
E00318,邹淑*,女,1981,2021-07-07,,,,D11,L1,1,2022-01-03,active
E00319,孙红*,女,2001,2024-10-15,,,,D12,L3,0,2025-01-13,active
E00320,冯莺*,男,1997,2019-05-18,,,,D01,L5,1,2019-11-14,active
E00321,陈艳丽,女,1992,2023-11-16,,,,D01,L1,0,2024-02-14,active
E00322,孔媛丽,男,1997,2024-10-22,,,,D01,L3,0,2025-04-20,active
E00323,孔琳洋,女,1995,2024-08-17,,,,D03,L3,0,2024-11-15,active
E00324,赵佳霞,男,1977,2017-12-26,2025-09-28,invol,R06,D01,L4,1,2018-06-24,left
E00325,吕涛*,男,1985,2020-09-03,,,,D03,L4,1,2020-12-02,active
E00326,戚丽英,男,1987,2024-05-07,,,,D12,L1,0,2024-08-05,active
E00327,吴珠*,女,1995,2024-03-31,2025-03-07,vol,R03,D12,L4,0,2024-06-29,left
E00328,戚红*,男,1988,2018-10-16,,,,D06,L3,0,2019-01-14,active
E00329,严华美,男,1993,2021-02-13,2025-05-20,vol,R05,D03,L1,0,2021-05-14,left
E00330,邹伟妹,男,1992,2024-11-14,,,,D04,L1,0,2025-02-12,active
E00331,郑爱*,男,1987,2024-11-10,,,,D03,L4,1,2025-05-09,active
E00332,赵怡*,女,1990,2018-07-08,,,,D01,L3,0,2018-10-06,active
E00333,张玲真,男,1985,2020-03-29,,,,D07,L3,0,2020-06-27,active
E00334,施真明,男,1985,2019-04-12,2025-12-29,vol,R02,D07,L3,0,2019-10-09,left
E00335,李慧*,男,1998,2020-02-23,,,,D05,L4,0,2020-05-23,active
E00336,孙莲环,男,1992,2022-02-28,2025-07-05,vol,R03,D05,L2,0,2022-05-29,left
E00337,谢芬*,男,1988,2019-12-27,,,,D08,L2,0,2020-06-24,active
E00338,褚艳环,男,1993,2020-02-12,,,,D06,L1,0,2020-05-12,active
E00339,施洁玲,男,1994,2021-03-05,,,,D01,L3,0,2021-06-03,active
E00340,周佳*,女,2000,2022-04-27,,,,D08,L1,0,2022-07-26,active
E00341,吕月敏,女,1995,2017-06-11,,,,D03,L6,1,2017-12-08,active
E00342,谢芳红,女,1996,2022-11-26,,,,D01,L1,0,2023-05-25,active
E00343,蒋凡芝,男,1983,2020-05-18,,,,D07,L2,0,2020-08-16,active
E00344,王勇凡,女,1996,2024-02-09,,,,D05,L5,0,2024-08-07,active
E00345,卫嘉*,男,1999,2024-11-13,2025-11-28,invol,R06,D01,L5,1,2025-02-11,left
E00346,卫月怡,女,1977,2019-02-14,,,,D03,L1,0,2019-08-13,active
E00347,秦媛凤,男,1989,2024-12-21,2025-04-25,invol,R07,D02,L5,0,2025-03-21,left
E00348,韩杰芝,男,1986,2020-02-12,,,,D01,L2,0,2020-05-12,active
E00349,邹春燕,男,1987,2024-03-05,,,,D01,L1,0,2024-06-03,active
E00350,郑香红,女,1993,2024-11-18,,,,D02,L1,0,2025-02-16,active
E00351,邹美芬,男,1991,2017-09-27,,,,D02,L3,0,2017-12-26,active
E00352,陈巧凤,女,1989,2022-01-16,,,,D03,L2,0,2022-04-16,active
E00353,曹娥琳,男,1994,2022-09-29,,,,D07,L3,0,2022-12-28,active
E00354,吴惠*,男,1987,2022-05-17,,,,D01,L1,1,2022-08-15,active
E00355,吴莲*,男,1987,2018-04-15,,,,D01,L7,1,2018-07-14,active
E00356,何媛*,女,1997,2020-11-02,,,,D11,L1,0,2021-01-31,active
E00357,华欣彩,女,1992,2021-07-18,,,,D11,L3,0,2021-10-16,active
E00358,赵怡秀,男,1996,2023-12-30,,,,D03,L2,0,2024-03-29,active
E00359,赵素*,女,1994,2024-12-14,2025-11-25,vol,R02,D11,L2,0,2025-03-14,left
E00360,杨怡娥,男,1992,2023-10-20,,,,D02,L2,0,2024-01-18,active
E00361,姜静*,男,1986,2019-01-11,,,,D04,L1,0,2019-04-11,active
E00362,吴华*,男,1992,2024-12-15,2025-02-22,invol,R06,D01,L1,0,2025-03-15,left
E00363,李娥洋,未披露,1997,2019-04-05,,,,D04,L2,0,2019-10-02,active
E00364,杨莲霞,女,1985,2018-02-17,,,,D01,L5,0,2018-08-16,active
E00365,孙怡*,女,1982,2019-10-19,,,,D03,L4,1,2020-01-17,active
E00366,何芳*,女,1993,2023-02-01,,,,D01,L1,0,2023-05-02,active
E00367,杨慧*,女,1997,2019-04-07,,,,D06,L4,1,2019-10-04,active
E00368,郑超*,男,1991,2017-04-17,,,,D02,L2,0,2017-07-16,active
E00369,孙瑞芳,女,1993,2020-08-25,2025-03-26,vol,R01,D04,L4,0,2020-11-23,left
E00370,喻慧*,女,1989,2021-07-28,,,,D01,L1,0,2022-01-24,active
E00371,张芝*,男,1991,2023-09-28,,,,D01,L4,0,2023-12-27,active
E00372,何涛*,女,2001,2024-03-07,,,,D05,L1,1,2024-06-05,active
E00373,姜欣萍,女,1984,2017-09-07,,,,D01,L1,0,2018-03-06,active
E00374,吴莺磊,女,1982,2019-12-24,,,,D02,L1,0,2020-06-21,active
E00375,周珠杰,女,1980,2018-03-06,,,,D01,L3,0,2018-09-02,active
E00376,喻荣梅,女,1989,2022-11-19,,,,D06,L1,0,2023-02-17,active
E00377,金梅菊,男,1989,2022-07-26,2025-07-18,invol,R06,D10,L2,0,2023-01-22,left
E00378,朱琳香,女,1984,2020-10-04,2025-10-30,invol,R09,D12,L3,1,2021-04-02,left
E00379,何娜玲,女,2002,2024-11-27,,,,D11,L2,0,2025-02-25,active
E00380,张玉*,男,1993,2021-04-23,,,,D09,L1,0,2021-07-22,active
E00381,郑燕*,女,1993,2022-10-09,2025-09-02,invol,R06,D08,L1,0,2023-01-07,left
E00382,韩芳云,男,1997,2019-05-01,2025-04-19,vol,R03,D01,L4,0,2019-10-28,left
E00383,戚艳*,男,1990,2021-05-20,,,,D02,L4,0,2021-08-18,active
E00384,华超艳,女,1992,2024-09-17,,,,D04,L3,0,2024-12-16,active
E00385,吴涛爱,女,1982,2020-08-04,,,,D02,L1,0,2020-11-02,active
E00386,金英*,男,1993,2023-02-25,,,,D11,L2,0,2023-05-26,active
E00387,尤芳*,女,1988,2020-04-13,,,,D08,L1,0,2020-10-10,active
E00388,朱艳英,男,1994,2022-03-10,,,,D06,L3,0,2022-06-08,active
E00389,赵军*,男,1989,2022-12-03,,,,D12,L4,0,2023-03-03,active
E00390,戚杰瑞,男,1983,2018-06-27,,,,D11,L5,0,2018-12-24,active
E00391,褚娜*,女,1991,2021-12-06,2025-03-11,invol,R07,D02,L6,0,2022-03-06,left
E00392,钱玲*,男,1988,2017-03-17,,,,D02,L1,0,2017-06-15,active
E00393,华彩兰,女,1999,2024-06-22,,,,D03,L4,1,2024-09-20,active
E00394,谢秀*,女,1998,2020-07-22,,,,D11,L4,0,2020-10-20,active
E00395,钱春雪,男,1999,2021-05-25,,,,D12,L1,0,2021-11-21,active
E00396,卫敏娥,女,1994,2019-08-26,,,,D05,L1,0,2019-11-24,active
E00397,张娜瑞,女,1996,2021-02-08,,,,D03,L2,0,2021-05-09,active
E00398,蒋惠*,女,1985,2023-12-21,,,,D11,L1,0,2024-03-20,active
E00399,孔春*,女,1979,2018-06-01,2025-02-18,vol,R01,D11,L2,0,2018-08-30,left
E00400,孙玉*,女,1999,2021-08-10,2025-08-04,vol,R01,D03,L4,0,2021-11-08,left
E00401,褚爱*,女,1988,2021-10-13,,,,D11,L5,0,2022-01-11,active
E00402,邹秀*,男,1985,2022-03-23,,,,D02,L4,1,2022-09-19,active
E00403,王艳*,女,1987,2022-05-06,2025-05-05,vol,R02,D03,L3,0,2022-08-04,left
E00404,喻云*,女,1988,2021-09-27,,,,D01,L6,1,2021-12-26,active
E00405,金芬明,男,1981,2018-05-27,,,,D11,L1,0,2018-08-25,active
E00406,姜芝*,男,1985,2024-12-23,,,,D05,L2,0,2025-06-21,active
E00407,李娜*,女,1991,2022-05-28,,,,D05,L3,1,2022-11-24,active
E00408,严美*,女,1980,2018-07-19,,,,D02,L2,0,2018-10-17,active
E00409,许菊*,女,1987,2020-02-08,,,,D02,L3,1,2020-05-08,active
E00410,吕欣*,男,1986,2022-07-11,,,,D01,L2,0,2023-01-07,active
E00411,尤爱春,女,2002,2024-10-21,2025-10-01,vol,R05,D01,L2,0,2025-04-19,left
E00412,卫雅静,女,1998,2020-11-13,,,,D01,L2,1,2021-02-11,active
E00413,沈芳芬,女,1987,2020-11-07,,,,D01,L2,1,2021-02-05,active
E00414,钱美*,男,1985,2023-06-23,,,,D09,L1,0,2023-09-21,active
E00415,吕莺雪,女,1996,2022-02-09,2025-11-17,vol,R01,D11,L3,1,2022-05-10,left
E00416,吕梅*,女,1996,2021-09-29,,,,D01,L2,0,2021-12-28,active
E00417,许春娥,女,1988,2023-03-19,,,,D03,L2,0,2023-09-15,active
E00418,张静艳,女,1999,2023-11-24,,,,D03,L2,1,2024-02-22,active
E00419,郑怡超,男,1995,2022-01-28,,,,D01,L5,1,2022-04-28,active
E00420,吴兰*,男,1986,2022-11-03,,,,D01,L2,0,2023-05-02,active
E00421,邹春明,男,1989,2020-07-09,2025-01-01,vol,R01,D01,L1,0,2020-10-07,left
E00422,秦英芬,女,2002,2024-07-26,,,,D08,L1,0,2024-10-24,active
E00423,吴爱*,女,1991,2023-06-01,,,,D06,L5,0,2023-08-30,active
E00424,邹勇莺,女,1989,2020-03-17,,,,D04,L2,0,2020-06-15,active
E00425,陈红真,男,1992,2019-02-03,2025-10-10,vol,R02,D01,L4,0,2019-08-02,left
E00426,魏巧*,男,1979,2018-06-30,,,,D02,L1,0,2018-09-28,active
E00427,曹雪*,女,1989,2021-11-15,,,,D01,L3,0,2022-02-13,active
E00428,华凤*,男,1997,2022-02-12,2025-05-02,invol,R06,D01,L4,1,2022-08-11,left
E00429,许环*,女,1980,2017-09-21,,,,D01,L2,0,2017-12-20,active
E00430,冯伟华,男,1983,2019-05-31,,,,D03,L3,0,2019-08-29,active
E00431,华洁芳,男,1992,2020-11-29,,,,D05,L3,0,2021-02-27,active
E00432,喻梅*,男,1992,2018-08-21,,,,D02,L5,1,2018-11-19,active
E00433,陶秀*,男,1994,2022-06-28,,,,D03,L2,0,2022-09-26,active
E00434,钱英瑞,男,1982,2018-09-24,,,,D05,L5,0,2018-12-23,active
E00435,华香*,女,1986,2024-06-21,,,,D01,L6,1,2024-09-19,active
E00436,孙静素,女,1996,2021-12-21,,,,D01,L1,0,2022-03-21,active
E00437,谢艳*,女,1998,2020-03-26,,,,D05,L4,0,2020-06-24,active
E00438,赵媛*,女,1991,2020-04-04,,,,D11,L2,0,2020-07-03,active
E00439,朱磊巧,女,1991,2023-04-09,,,,D08,L1,0,2023-07-08,active
E00440,秦萍*,男,1997,2023-07-12,,,,D02,L2,0,2023-10-10,active
E00441,杨瑞*,女,1985,2024-12-22,2025-01-19,vol,R02,D04,L3,1,2025-03-22,left
E00442,严莲*,女,1992,2017-03-05,,,,D03,L5,0,2017-09-01,active
E00443,陶雅*,男,1990,2019-10-14,,,,D06,L1,0,2020-01-12,active
E00444,谢丽*,男,1982,2024-06-07,,,,D04,L6,0,2024-09-05,active
E00445,杨静*,女,1992,2020-12-10,,,,D06,L1,0,2021-03-10,active
E00446,郑香*,女,1988,2023-06-06,,,,D06,L5,1,2023-09-04,active
E00447,王艳超,男,1985,2024-11-18,,,,D02,L5,0,2025-02-16,active
E00448,周月玲,女,1992,2019-02-09,,,,D07,L4,0,2019-05-10,active
E00449,朱美*,男,1979,2019-06-09,,,,D03,L2,0,2019-09-07,active
E00450,郑霞娟,女,1985,2020-12-26,,,,D01,L1,1,2021-03-26,active
E00451,陈兰伟,男,1997,2019-11-05,2025-03-28,vol,R02,D03,L1,0,2020-02-03,left
E00452,韩伟*,男,1991,2022-01-07,2025-04-23,vol,R01,D06,L4,0,2022-04-07,left
E00453,吕勇芳,男,1991,2021-08-22,,,,D05,L7,1,2021-11-20,active
E00454,施瑞*,女,1992,2024-11-19,,,,D05,L2,0,2025-02-17,active
E00455,姜香娜,男,1989,2024-06-23,2025-01-18,vol,R05,D01,L2,1,2024-09-21,left
E00456,邹华雅,男,1989,2019-04-12,,,,D02,L1,1,2019-07-11,active
E00457,李彩杰,男,1987,2024-06-06,,,,D03,L1,0,2024-09-04,active
E00458,蒋爱*,男,1995,2021-03-02,,,,D09,L3,0,2021-05-31,active
E00459,卫兰*,女,1994,2022-10-06,,,,D01,L5,0,2023-04-04,active
E00460,孔慧*,男,1994,2023-01-02,,,,D03,L6,1,2023-04-02,active
E00461,冯惠*,女,1998,2024-04-11,,,,D01,L4,0,2024-07-10,active
E00462,许洁*,女,1996,2024-04-22,,,,D04,L4,1,2024-07-21,active
E00463,沈玲*,女,1975,2017-02-24,2025-07-11,vol,R04,D01,L3,0,2017-05-25,left
E00464,张芬*,男,1996,2018-08-30,,,,D01,L1,0,2018-11-28,active
E00465,王洋霞,男,1988,2018-03-05,,,,D05,L1,0,2018-06-03,active
E00466,严淑*,男,2002,2024-02-22,2025-06-07,vol,R01,D01,L1,0,2024-05-22,left
E00467,施娥*,男,1986,2022-01-26,,,,D01,L2,0,2022-04-26,active
E00468,韩芳巧,男,1996,2024-11-02,,,,D04,L2,0,2025-05-01,active
E00469,华玉*,女,2001,2023-12-13,,,,D03,L3,0,2024-03-12,active
E00470,陶佳*,女,1985,2017-10-19,,,,D04,L5,0,2018-01-17,active
E00471,施芳*,男,1979,2018-11-24,2025-07-21,vol,R02,D12,L4,1,2019-02-22,left
E00472,魏莺环,女,1984,2020-06-08,,,,D01,L5,0,2020-09-06,active
E00473,秦惠勇,女,1978,2020-02-11,,,,D05,L2,0,2020-05-11,active
E00474,张莺琳,女,1981,2017-09-18,,,,D02,L3,0,2017-12-17,active
E00475,沈翠*,女,1985,2020-01-22,,,,D11,L1,0,2020-04-21,active
E00476,王媛芳,男,1975,2022-08-09,,,,D03,L2,0,2022-11-07,active
E00477,周娟*,男,1988,2020-05-27,2025-04-04,invol,R07,D01,L2,0,2020-11-23,left
E00478,邹超*,女,1995,2024-06-03,,,,D03,L3,0,2024-11-30,active
E00479,吕菊*,男,1990,2024-12-13,,,,D06,L6,0,2025-03-13,active
E00480,陶素强,男,1995,2022-04-11,2025-04-05,vol,R01,D01,L4,1,2022-07-10,left
E00481,陈慧*,女,1988,2017-06-11,,,,D01,L6,1,2017-09-09,active
E00482,施英*,男,1998,2024-07-16,2025-09-05,vol,R02,D04,L1,0,2024-10-14,left
E00483,邹佳*,男,1996,2023-07-06,,,,D06,L2,0,2023-10-04,active
E00484,吕涛丽,女,1992,2023-07-18,,,,D01,L4,0,2024-01-14,active
E00485,秦淑*,男,1990,2022-10-03,,,,D04,L3,0,2023-01-01,active
E00486,戚磊琳,女,1988,2020-06-02,2025-03-14,vol,R01,D03,L2,0,2020-08-31,left
E00487,金荣芬,男,1993,2022-07-16,,,,D01,L6,0,2022-10-14,active
E00488,陶欣军,男,1983,2019-11-02,,,,D11,L3,0,2020-01-31,active
E00489,冯淑*,男,1986,2022-12-22,,,,D03,L3,0,2023-06-20,active
E00490,钱伟*,女,1997,2024-11-19,,,,D02,L2,0,2025-02-17,active
E00491,王玲*,女,1985,2020-09-30,,,,D12,L2,0,2020-12-29,active
E00492,王素*,女,1996,2023-01-14,2025-07-05,invol,R06,D04,L5,0,2023-04-14,left
E00493,施强*,男,1995,2024-10-29,,,,D04,L1,0,2025-01-27,active
E00494,何燕*,男,1996,2021-10-20,2025-12-31,vol,R03,D06,L1,0,2022-01-18,left
E00495,褚娟*,女,1983,2021-08-25,,,,D03,L2,0,2021-11-23,active
E00496,喻涛*,女,1988,2019-02-27,2025-11-25,vol,R02,D11,L5,1,2019-05-28,left
E00497,吕美敏,男,1996,2024-07-15,,,,D07,L4,1,2024-10-13,active
E00498,华涛*,女,1988,2024-07-16,,,,D08,L2,0,2025-01-12,active
E00499,许芳明,男,1998,2024-11-24,,,,D11,L2,0,2025-02-22,active
E00500,秦洁*,女,1994,2018-01-29,,,,D10,L1,0,2018-04-29,active
E00501,尤巧伟,女,1983,2020-12-06,2025-03-08,invol,R08,D12,L2,0,2021-03-06,left
E00502,郑娜云,女,1989,2024-01-14,,,,D03,L2,0,2024-04-13,active
E00503,孙勇*,男,1989,2022-09-13,2025-04-28,invol,R08,D01,L4,1,2022-12-12,left
E00504,华静媛,女,1988,2021-01-24,,,,D11,L5,1,2021-04-24,active
E00505,郑巧*,男,1998,2020-05-23,,,,D12,L1,0,2020-08-21,active
E00506,秦环*,男,1992,2021-02-08,2025-02-18,vol,R03,D06,L5,0,2021-05-09,left
E00507,郑强凡,女,1987,2021-11-13,,,,D06,L2,0,2022-02-11,active
E00508,谢凡淑,男,1989,2022-11-23,2025-04-23,vol,R02,D02,L3,0,2023-02-21,left
E00509,王莲*,男,1986,2021-11-20,,,,D10,L6,1,2022-02-18,active
E00510,孔瑞瑞,女,1999,2024-04-09,,,,D06,L1,0,2024-07-08,active
E00511,施芬*,女,1989,2021-04-21,,,,D01,L1,1,2021-07-20,active
E00512,孔杰*,女,1986,2018-09-29,,,,D12,L4,0,2018-12-28,active
E00513,吕巧*,男,1998,2024-11-03,2025-10-14,invol,R06,D02,L5,0,2025-02-01,left
E00514,孔莲*,男,1997,2021-05-07,,,,D01,L4,0,2021-11-03,active
E00515,姜洋珠,男,1993,2024-02-02,,,,D02,L3,1,2024-05-02,active
E00516,郑凤*,女,1992,2017-01-07,,,,D04,L3,0,2017-04-07,active
E00517,蒋荣*,女,1994,2022-07-18,,,,D05,L5,0,2022-10-16,active
E00518,魏娥妹,女,1998,2024-04-11,,,,D11,L3,0,2024-07-10,active
E00519,何军雪,男,1991,2024-10-31,,,,D01,L4,1,2025-01-29,active
E00520,许莺*,男,1991,2024-05-02,,,,D12,L1,0,2024-07-31,active
E00521,孙瑞磊,男,1984,2018-01-11,2025-04-13,vol,R02,D10,L4,1,2018-04-11,left
E00522,吴真秀,女,1987,2021-01-27,,,,D01,L2,0,2021-04-27,active
E00523,杨明春,女,1984,2021-12-18,,,,D02,L6,0,2022-06-16,active
E00524,秦霞*,女,1997,2019-08-28,2025-03-10,vol,R01,D11,L1,1,2019-11-26,left
E00525,张媛彩,男,1999,2021-09-05,,,,D01,L6,0,2022-03-04,active
E00526,许琳明,女,1983,2018-09-21,,,,D04,L4,1,2018-12-20,active
E00527,杨燕*,女,2000,2022-06-14,2025-02-23,invol,R09,D11,L1,0,2022-12-11,left
E00528,姜媛兰,男,1979,2020-10-01,,,,D06,L1,0,2021-03-30,active
E00529,魏敏娜,女,1993,2018-12-07,,,,D05,L3,0,2019-03-07,active
E00530,杨怡超,男,1994,2024-06-25,,,,D10,L2,0,2024-09-23,active
E00531,尤淑*,男,1986,2019-03-15,,,,D02,L1,0,2019-06-13,active
E00532,韩艳淑,男,1994,2022-11-29,,,,D01,L6,1,2023-02-27,active
E00533,华月凡,男,1985,2020-11-16,,,,D01,L6,0,2021-02-14,active
E00534,沈芬静,男,1984,2018-06-28,2025-11-09,vol,R01,D03,L2,0,2018-12-25,left
E00535,吴芳*,女,1993,2024-06-09,2025-08-05,invol,R07,D11,L1,0,2024-09-07,left
E00536,郑磊*,女,1985,2022-10-16,,,,D11,L4,0,2023-01-14,active
E00537,张超丽,女,1989,2020-12-25,2025-05-29,invol,R06,D05,L3,0,2021-06-23,left
E00538,陈红*,女,1991,2021-11-30,,,,D01,L1,0,2022-02-28,active
E00539,朱怡*,女,1983,2018-05-21,,,,D11,L5,1,2018-11-17,active
E00540,蒋华*,女,1989,2017-01-22,,,,D01,L6,0,2017-04-22,active
E00541,姜涛英,未披露,1990,2022-03-29,,,,D01,L2,0,2022-06-27,active
E00542,沈伟*,女,1988,2018-06-07,2025-03-07,vol,R02,D04,L4,1,2018-09-05,left
E00543,郑菊*,女,1980,2019-06-21,,,,D01,L4,0,2019-09-19,active
E00544,金菊超,女,1990,2022-05-03,2025-07-05,vol,R02,D01,L1,1,2022-08-01,left
E00545,杨环*,女,1990,2020-08-30,2025-01-06,vol,R03,D10,L3,0,2020-11-28,left
E00546,华彩超,女,1996,2019-05-04,2025-10-03,invol,R06,D02,L6,1,2019-08-02,left
E00547,张娜*,男,1987,2023-01-08,2025-04-19,invol,R06,D03,L3,1,2023-07-07,left
E00548,谢欣*,女,1997,2023-03-10,,,,D03,L3,1,2023-09-06,active
E00549,李洋嘉,男,1979,2019-02-11,,,,D01,L5,0,2019-05-12,active
E00550,钱涛莺,女,1980,2020-06-23,2025-07-11,vol,R02,D01,L2,0,2020-12-20,left
E00551,朱凤娜,男,1993,2022-11-02,2025-12-14,invol,R08,D01,L5,1,2023-01-31,left
E00552,王芳*,女,1991,2017-03-09,,,,D03,L1,0,2017-06-07,active
E00553,曹燕*,女,1991,2018-05-21,,,,D01,L3,0,2018-11-17,active
E00554,华静*,女,1977,2018-12-22,,,,D05,L1,0,2019-03-22,active
E00555,杨淑*,男,1986,2022-08-10,,,,D02,L6,0,2023-02-06,active
E00556,喻芳*,女,1986,2024-08-21,,,,D05,L5,0,2024-11-19,active
E00557,严媛*,男,1985,2017-09-07,2025-02-02,vol,R03,D05,L3,0,2017-12-06,left
E00558,韩佳*,男,1991,2022-05-15,2025-12-28,invol,R08,D11,L2,0,2022-08-13,left
E00559,张媛慧,男,1993,2021-01-13,,,,D05,L6,1,2021-04-13,active
E00560,严凡*,男,1979,2019-08-17,,,,D01,L1,1,2019-11-15,active
E00561,华涛明,男,1987,2024-12-14,,,,D04,L5,0,2025-03-14,active
E00562,戚娟霞,女,1979,2019-04-22,,,,D08,L3,0,2019-10-19,active
E00563,褚明琳,女,1997,2019-08-06,,,,D01,L1,0,2019-11-04,active
E00564,冯明霞,男,1999,2022-06-01,2025-06-03,invol,R07,D12,L5,1,2022-08-30,left
E00565,杨华欣,男,1990,2018-10-03,,,,D03,L2,0,2019-01-01,active
E00566,张敏*,女,1989,2019-02-06,,,,D08,L5,0,2019-05-07,active
E00567,陈磊怡,男,1990,2024-10-14,,,,D12,L1,0,2025-01-12,active
E00568,秦欣英,女,1988,2018-03-18,,,,D06,L4,0,2018-06-16,active
E00569,许勇*,女,1995,2021-07-16,2025-11-02,vol,R02,D02,L4,0,2021-10-14,left
E00570,褚娜*,男,2002,2024-07-08,,,,D08,L1,0,2024-10-06,active
E00571,施明*,女,1990,2023-11-20,,,,D05,L1,0,2024-02-18,active
E00572,邹雅*,男,1993,2023-07-15,,,,D02,L7,0,2024-01-11,active
E00573,郑英雪,男,1989,2020-05-20,,,,D05,L3,1,2020-08-18,active
E00574,喻怡红,男,1982,2018-03-10,,,,D05,L1,0,2018-06-08,active
E00575,戚欣*,女,1990,2017-01-03,,,,D01,L3,0,2017-04-03,active
E00576,王素丽,男,1987,2019-08-25,2025-03-10,vol,R02,D04,L6,1,2019-11-23,left
E00577,许芬*,男,2001,2023-06-17,2025-09-04,vol,R04,D09,L1,0,2023-09-15,left
E00578,金凤媛,男,1993,2024-07-20,,,,D09,L1,0,2024-10-18,active
E00579,严莲*,男,2000,2024-07-09,,,,D03,L2,0,2024-10-07,active
E00580,许明勇,女,1985,2017-06-08,,,,D01,L3,0,2017-09-06,active
E00581,邹娜玲,女,1999,2021-04-20,,,,D08,L3,0,2021-07-19,active
E00582,孙瑞娜,男,1991,2020-01-18,2025-09-07,invol,R06,D02,L4,1,2020-04-17,left
E00583,朱艳*,男,1994,2024-12-01,,,,D06,L1,0,2025-03-01,active
E00584,陈雪红,男,1991,2024-10-28,,,,D02,L4,0,2025-01-26,active
E00585,魏雪*,女,2002,2024-02-05,2025-06-02,vol,R01,D01,L2,0,2024-05-05,left
E00586,喻超*,男,1986,2017-12-16,,,,D03,L6,1,2018-03-16,active
E00587,喻香*,女,1985,2020-09-30,,,,D09,L1,0,2021-03-29,active
E00588,朱云珠,女,1984,2020-11-06,2025-06-23,vol,R02,D05,L1,0,2021-02-04,left
E00589,秦妹*,女,1995,2024-11-07,,,,D03,L1,0,2025-02-05,active
E00590,何凤*,女,1982,2018-04-02,,,,D12,L6,1,2018-07-01,active
E00591,姜真*,女,1980,2017-12-11,,,,D08,L5,1,2018-03-11,active
E00592,施莲*,女,1993,2024-11-26,,,,D07,L2,0,2025-05-25,active
E00593,施静*,男,1993,2024-12-15,,,,D05,L4,1,2025-03-15,active
E00594,沈伟*,女,1988,2019-12-17,2025-08-25,vol,R05,D09,L6,0,2020-03-16,left
E00595,冯军*,男,1987,2021-05-01,,,,D11,L3,0,2021-07-30,active
E00596,邹萍月,男,1978,2018-04-15,2025-09-11,vol,R03,D01,L4,0,2018-07-14,left
E00597,魏凡*,男,1984,2020-05-10,,,,D07,L7,0,2020-08-08,active
E00598,钱翠爱,女,1995,2023-08-21,,,,D12,L2,0,2023-11-19,active
E00599,吕萍*,男,1995,2024-02-26,,,,D03,L2,0,2024-05-26,active
E00600,金杰明,男,1989,2018-10-16,2025-10-04,vol,R04,D01,L1,1,2019-01-14,left
E00601,华军*,女,1997,2024-11-28,2025-11-09,invol,R06,D01,L1,1,2025-02-26,left
E00602,赵月*,男,1996,2018-08-09,,,,D08,L4,0,2018-11-07,active
E00603,蒋超萍,男,1994,2023-03-30,,,,D02,L1,0,2023-06-28,active
E00604,华嘉梅,男,1986,2020-11-20,2025-10-30,invol,R07,D02,L4,0,2021-02-18,left
E00605,杨佳强,女,1998,2024-06-06,,,,D03,L3,0,2024-09-04,active
E00606,魏兰兰,女,1978,2024-02-23,,,,D04,L2,0,2024-05-23,active
E00607,魏珠*,女,1988,2024-05-04,,,,D07,L5,0,2024-08-02,active
E00608,施敏英,男,1992,2019-09-29,,,,D02,L5,1,2019-12-28,active
E00609,吕玉*,男,1987,2021-03-12,2025-01-22,vol,R01,D01,L1,0,2021-06-10,left
E00610,吕惠*,女,1986,2017-12-28,2025-08-10,vol,R02,D01,L1,0,2018-06-26,left
E00611,冯静*,女,1977,2020-06-25,,,,D02,L5,0,2020-09-23,active
E00612,尤华*,女,1987,2017-03-31,,,,D01,L4,0,2017-09-27,active
E00613,戚莲嘉,女,1987,2018-07-28,2025-10-23,vol,R04,D02,L2,0,2018-10-26,left
E00614,曹静*,女,1991,2024-04-03,2025-11-12,vol,R02,D11,L2,0,2024-07-02,left
E00615,冯勇*,男,1987,2023-12-09,,,,D03,L6,1,2024-03-08,active
E00616,姜春*,女,1999,2024-11-13,2025-05-20,vol,R05,D01,L3,0,2025-02-11,left
E00617,韩杰*,男,1982,2023-10-01,2025-09-11,vol,R05,D02,L3,0,2024-03-29,left
E00618,蒋秀红,男,1987,2023-04-04,,,,D06,L4,1,2023-10-01,active
E00619,陈真*,女,1983,2018-11-22,2025-10-26,invol,R08,D06,L1,0,2019-05-21,left
E00620,吴春爱,女,2001,2023-11-29,,,,D08,L4,0,2024-02-27,active
E00621,施凤*,男,1984,2022-05-06,,,,D03,L2,0,2022-08-04,active
E00622,冯华兰,男,1979,2019-06-27,2025-06-10,invol,R07,D04,L3,0,2019-09-25,left
E00623,郑兰香,女,1982,2017-11-28,2025-05-26,vol,R05,D05,L2,0,2018-02-26,left
E00624,蒋军莲,男,1994,2024-04-12,2025-03-28,vol,R05,D02,L5,1,2024-07-11,left
E00625,王超*,男,1990,2020-07-14,,,,D03,L2,1,2020-10-12,active
E00626,陶慧彩,男,1986,2017-06-28,,,,D05,L1,0,2017-09-26,active
E00627,吕瑞*,男,1983,2020-04-11,,,,D04,L6,0,2020-07-10,active
E00628,卫荣*,男,1988,2018-04-09,,,,D11,L5,0,2018-07-08,active
E00629,邹芳军,女,1979,2017-12-22,,,,D06,L1,0,2018-03-22,active
E00630,郑佳菊,男,1988,2024-01-08,,,,D03,L4,1,2024-04-07,active
E00631,蒋真*,男,1985,2024-02-13,,,,D01,L4,0,2024-05-13,active
E00632,金秀*,男,1985,2020-05-26,,,,D01,L1,0,2020-08-24,active
E00633,秦华*,男,1990,2018-09-15,,,,D01,L2,0,2019-03-14,active
E00634,郑莲霞,男,1980,2018-02-20,2025-08-30,invol,R07,D01,L4,1,2018-08-19,left
E00635,吕静军,女,1992,2019-06-02,,,,D01,L1,0,2019-11-29,active
E00636,何静真,女,1985,2019-03-04,,,,D11,L1,0,2019-08-31,active
E00637,秦素*,男,1985,2024-01-20,2025-10-26,vol,R02,D11,L1,0,2024-04-19,left
E00638,褚萍菊,女,1988,2019-06-11,,,,D12,L1,0,2019-12-08,active
E00639,吕娜香,男,1998,2020-05-09,,,,D03,L2,0,2020-08-07,active
E00640,王彩*,女,2001,2023-12-02,,,,D03,L2,0,2024-05-30,active
E00641,金兰*,男,1994,2024-10-05,,,,D02,L1,0,2025-04-03,active
E00642,吕凤*,女,1990,2024-11-18,2025-07-26,invol,R07,D04,L2,0,2025-05-17,left
E00643,赵军军,女,1991,2020-06-20,,,,D12,L5,1,2020-09-18,active
E00644,沈芝*,男,1991,2017-01-30,,,,D03,L2,0,2017-07-29,active
E00645,秦艳*,男,1991,2024-05-08,,,,D12,L2,0,2024-08-06,active
E00646,陶娜爱,男,1989,2024-04-23,,,,D10,L3,0,2024-07-22,active
E00647,喻艳*,女,1990,2017-10-27,,,,D01,L2,0,2018-01-25,active
E00648,曹荣素,男,1995,2024-05-26,2025-03-07,invol,R06,D03,L5,1,2024-08-24,left
E00649,华萍洁,男,1973,2017-02-21,,,,D03,L2,0,2017-05-22,active
E00650,孙琳敏,女,1986,2020-04-05,,,,D06,L6,0,2020-07-04,active
E00651,孔真勇,男,2000,2022-05-02,,,,D03,L5,1,2022-10-29,active
E00652,孔彩艳,男,2000,2022-07-28,2025-01-26,invol,R06,D01,L2,0,2022-10-26,left
E00653,姜伟*,男,1986,2019-03-03,,,,D08,L4,0,2019-06-01,active
E00654,卫佳香,男,1983,2023-07-27,2025-09-24,invol,R08,D04,L2,0,2023-10-25,left
E00655,郑巧*,女,1987,2024-02-23,,,,D01,L5,1,2024-08-21,active
E00656,李娥伟,女,1978,2024-10-31,,,,D01,L2,0,2025-01-29,active
E00657,陶凤凤,女,1985,2024-11-22,,,,D02,L7,0,2025-05-21,active
E00658,吕杰*,女,1987,2018-12-14,,,,D12,L2,0,2019-03-14,active
E00659,金媛*,男,1982,2018-10-11,2025-05-06,vol,R01,D06,L6,1,2019-01-09,left
E00660,何霞*,男,1984,2020-09-18,,,,D03,L2,0,2021-03-17,active
E00661,孔芳英,男,1976,2019-03-10,,,,D11,L7,0,2019-09-06,active
E00662,喻莺*,男,1994,2019-12-27,,,,D01,L4,1,2020-03-26,active
E00663,钱慧菊,男,1983,2020-06-28,,,,D11,L4,0,2020-12-25,active
E00664,姜艳兰,女,1980,2023-10-07,,,,D11,L3,0,2024-04-04,active
E00665,喻妹翠,男,1996,2019-06-12,,,,D01,L5,1,2019-09-10,active
E00666,张超云,女,1983,2024-08-09,,,,D04,L6,1,2024-11-07,active
E00667,冯怡翠,男,1998,2024-10-17,,,,D01,L4,1,2025-04-15,active
E00668,魏英英,男,1983,2018-08-02,,,,D07,L6,0,2018-10-31,active
E00669,沈凡*,男,1990,2024-11-26,,,,D12,L7,1,2025-02-24,active
E00670,李美真,女,1989,2019-01-15,,,,D02,L1,0,2019-07-14,active
E00671,曹洋*,未披露,1992,2017-12-16,,,,D02,L3,0,2018-06-14,active
E00672,李燕*,男,1995,2024-02-23,,,,D01,L1,0,2024-05-23,active
E00673,郑英*,女,1987,2020-03-02,2025-10-29,vol,R04,D12,L1,0,2020-05-31,left
E00674,戚凤华,男,1983,2024-05-05,,,,D05,L6,1,2024-08-03,active
E00675,吴莺云,男,1996,2023-11-16,,,,D01,L4,0,2024-05-14,active
E00676,陶玲杰,男,1996,2024-08-02,,,,D08,L3,0,2024-10-31,active
E00677,邹娜*,女,1992,2022-01-20,2025-05-06,vol,R01,D06,L2,0,2022-07-19,left
E00678,王惠明,男,1985,2018-12-06,,,,D01,L3,0,2019-03-06,active
E00679,朱静*,男,1994,2024-03-26,,,,D01,L3,0,2024-06-24,active
E00680,谢芳霞,男,1985,2017-05-15,,,,D01,L6,0,2017-08-13,active
E00681,陈燕珠,女,1995,2017-12-17,,,,D12,L4,0,2018-03-17,active
E00682,朱云慧,男,1994,2024-01-15,2025-03-19,vol,R01,D03,L4,1,2024-04-14,left
E00683,蒋素嘉,女,1990,2023-10-17,,,,D05,L3,0,2024-01-15,active
E00684,邹涛雪,男,1990,2024-05-22,,,,D03,L6,0,2024-08-20,active
E00685,郑明*,男,1991,2023-04-07,,,,D06,L1,0,2023-07-06,active
E00686,秦杰巧,男,1992,2018-11-23,,,,D02,L2,0,2019-02-21,active
E00687,陈超*,女,1989,2024-03-24,,,,D04,L3,0,2024-06-22,active
E00688,魏娜*,女,1991,2017-11-07,,,,D02,L4,0,2018-02-05,active
E00689,严春勇,女,1978,2017-06-28,,,,D01,L2,0,2017-12-25,active
E00690,赵爱秀,男,2001,2024-08-30,,,,D03,L4,0,2024-11-28,active
E00691,施玉欣,男,1996,2018-03-24,2025-11-12,invol,R08,D06,L4,1,2018-06-22,left
E00692,周琳嘉,女,2000,2022-05-22,,,,D02,L5,1,2022-08-20,active
E00693,王芳*,男,1980,2021-12-31,2025-05-07,invol,R07,D02,L1,0,2022-06-29,left
E00694,戚静瑞,男,1980,2019-09-24,,,,D01,L6,1,2020-03-22,active
E00695,姜淑*,男,1979,2022-04-13,,,,D02,L1,0,2022-07-12,active
E00696,张燕*,男,1993,2024-07-14,,,,D11,L4,0,2024-10-12,active
E00697,蒋芬*,男,1990,2017-02-02,2025-07-28,invol,R07,D03,L2,0,2017-05-03,left
E00698,王荣*,女,1982,2018-01-30,,,,D03,L7,0,2018-07-29,active
E00699,钱超*,男,1978,2019-08-14,,,,D03,L2,0,2019-11-12,active
E00700,尤瑞*,男,1998,2023-12-01,,,,D03,L3,0,2024-02-29,active
E00701,蒋媛娟,男,1987,2019-11-08,2025-02-17,vol,R01,D06,L7,0,2020-05-06,left
E00702,秦静爱,女,1995,2017-01-16,2025-06-27,invol,R07,D01,L1,0,2017-04-16,left
E00703,戚爱燕,男,1990,2018-06-15,,,,D01,L1,0,2018-09-13,active
E00704,何珠*,男,1979,2017-08-09,,,,D02,L5,0,2017-11-07,active
E00705,吕琳琳,男,1993,2023-10-20,,,,D07,L1,0,2024-04-17,active
E00706,冯明*,女,1988,2021-01-12,,,,D12,L1,0,2021-07-11,active
E00707,蒋华*,女,1985,2018-12-17,,,,D02,L3,0,2019-03-17,active
E00708,华军*,女,1994,2023-10-17,2025-04-14,invol,R06,D04,L5,0,2024-01-15,left
E00709,曹凡嘉,女,1992,2024-04-30,,,,D12,L3,0,2024-07-29,active
E00710,赵慧芳,女,1987,2019-08-15,,,,D11,L2,0,2019-11-13,active
E00711,邹芝*,男,1988,2022-04-21,,,,D05,L1,0,2022-07-20,active
E00712,沈涛*,男,1997,2023-08-31,,,,D02,L4,0,2023-11-29,active
E00713,赵梅*,男,1985,2024-09-17,,,,D12,L2,0,2024-12-16,active
E00714,孔萍惠,女,1977,2017-04-12,,,,D09,L5,1,2017-07-11,active
E00715,陈艳*,女,1989,2023-09-07,,,,D01,L2,0,2023-12-06,active
E00716,许慧真,女,1992,2018-06-28,,,,D06,L6,1,2018-09-26,active
E00717,赵杰*,男,1980,2024-06-10,,,,D01,L1,0,2024-09-08,active
E00718,赵芳娟,女,1997,2019-06-21,,,,D04,L1,0,2019-09-19,active
E00719,陈玉*,男,1995,2018-08-08,2025-03-13,vol,R01,D06,L2,0,2018-11-06,left
E00720,陈伟敏,男,1993,2024-07-29,,,,D01,L2,0,2025-01-25,active
E00721,褚涛*,男,1988,2023-02-12,,,,D12,L5,1,2023-05-13,active
E00722,陈美*,男,1998,2024-10-04,2025-05-10,vol,R01,D02,L6,1,2025-04-02,left
E00723,朱洋华,女,1994,2022-07-25,,,,D08,L1,0,2022-10-23,active
E00724,华玲*,女,1982,2024-06-01,,,,D02,L4,1,2024-08-30,active
E00725,杨莲*,男,1997,2019-06-15,,,,D03,L2,0,2019-09-13,active
E00726,韩艳*,男,1986,2021-09-04,,,,D01,L3,0,2021-12-03,active
E00727,冯芳*,男,1992,2024-12-06,2025-01-15,invol,R06,D09,L5,0,2025-06-04,left
E00728,陈云爱,女,1989,2022-08-10,2025-03-05,vol,R01,D02,L1,0,2023-02-06,left
E00729,赵荣*,男,1992,2020-07-03,2025-03-11,vol,R05,D01,L1,0,2020-10-01,left
E00730,赵芬*,男,1990,2019-08-27,,,,D01,L4,0,2019-11-25,active
E00731,戚彩爱,男,1989,2024-04-20,,,,D11,L6,1,2024-10-17,active
E00732,韩真*,女,2001,2024-09-08,,,,D07,L1,0,2024-12-07,active
E00733,华静*,男,1991,2018-09-07,,,,D01,L2,0,2018-12-06,active
E00734,赵彩*,男,1994,2019-05-06,,,,D01,L2,0,2019-08-04,active
E00735,许芳芬,女,2000,2023-11-30,,,,D12,L5,0,2024-02-28,active
E00736,戚杰*,女,1995,2022-10-30,,,,D08,L4,1,2023-01-28,active
E00737,吴雅英,女,1986,2019-02-26,,,,D07,L1,0,2019-08-25,active
E00738,金超*,未披露,1990,2017-05-15,,,,D02,L3,0,2017-11-11,active
E00739,郑芳*,男,1983,2022-07-06,,,,D11,L6,0,2023-01-02,active
E00740,周玲梅,男,1989,2019-05-04,2025-09-04,invol,R06,D06,L2,0,2019-08-02,left
E00741,姜丽*,女,1978,2019-06-02,,,,D02,L2,0,2019-11-29,active
E00742,吴雪*,男,1991,2020-11-25,,,,D04,L3,0,2021-02-23,active
E00743,郑芳*,女,1980,2020-04-08,,,,D04,L4,0,2020-07-07,active
E00744,郑勇*,男,1984,2018-05-18,2025-11-11,vol,R01,D01,L2,0,2018-11-14,left
E00745,陶涛*,男,1994,2022-10-11,,,,D01,L7,1,2023-01-09,active
E00746,李琳媛,男,1987,2022-03-04,,,,D01,L3,0,2022-08-31,active
E00747,金荣*,男,1995,2024-12-05,2025-07-21,vol,R01,D06,L1,0,2025-03-05,left
E00748,蒋洁艳,女,1989,2018-11-01,,,,D03,L2,0,2019-01-30,active
E00749,周英*,男,1996,2024-05-08,,,,D12,L1,0,2024-08-06,active
E00750,何涛雪,男,1994,2019-09-15,,,,D01,L5,0,2019-12-14,active
E00751,邹巧珠,女,1992,2017-08-17,,,,D02,L1,0,2017-11-15,active
E00752,许佳明,女,1993,2017-04-10,,,,D06,L2,0,2017-07-09,active
E00753,魏爱*,男,1989,2022-04-22,,,,D04,L6,1,2022-10-19,active
E00754,郑艳娟,女,1997,2022-06-24,,,,D01,L5,1,2022-09-22,active
E00755,孙芳珠,男,1986,2017-09-30,2025-03-15,vol,R02,D01,L1,0,2017-12-29,left
E00756,魏雪真,女,2000,2022-12-01,2025-12-22,vol,R02,D01,L6,0,2023-05-30,left
E00757,孙芳*,男,1982,2023-08-12,2025-03-17,vol,R05,D08,L3,0,2024-02-08,left
E00758,喻真*,男,1998,2021-10-05,,,,D05,L1,0,2022-01-03,active
E00759,褚妹*,男,1983,2019-02-03,,,,D06,L4,1,2019-05-04,active
E00760,喻慧惠,女,1996,2024-07-20,,,,D01,L5,1,2024-10-18,active
E00761,冯月梅,男,1999,2024-12-09,,,,D01,L6,0,2025-03-09,active
E00762,李玲*,女,1999,2024-03-07,,,,D01,L4,1,2024-06-05,active
E00763,周凡惠,男,1984,2017-03-03,,,,D01,L1,0,2017-06-01,active
E00764,何香娜,男,1995,2024-12-17,2025-05-15,vol,R01,D02,L3,0,2025-03-17,left
E00765,邹伟*,女,1973,2020-06-26,,,,D07,L7,0,2020-09-24,active
E00766,沈敏*,男,1990,2024-12-11,2025-11-23,vol,R01,D01,L4,0,2025-03-11,left
E00767,华嘉静,男,1985,2023-09-13,,,,D01,L3,0,2024-03-11,active
E00768,褚惠瑞,女,1982,2018-08-28,2025-05-02,vol,R03,D03,L1,0,2018-11-26,left
E00769,周香*,女,1996,2021-02-07,,,,D01,L2,0,2021-05-08,active
E00770,曹敏*,女,1996,2021-03-10,,,,D08,L5,0,2021-06-08,active
E00771,吕珠*,女,2000,2023-11-14,,,,D08,L1,0,2024-02-12,active
E00772,周荣妹,男,1983,2021-05-28,2025-09-17,invol,R07,D02,L1,0,2021-08-26,left
E00773,孔芝芬,男,1987,2024-02-21,,,,D01,L1,0,2024-05-21,active
E00774,邹欣*,女,1991,2021-04-24,,,,D05,L2,1,2021-07-23,active
E00775,李真*,女,1995,2024-09-02,,,,D12,L2,0,2024-12-01,active
E00776,赵秀*,女,1980,2020-09-14,,,,D01,L6,0,2020-12-13,active
E00777,李红丽,女,1989,2024-04-26,,,,D01,L3,0,2024-07-25,active
E00778,冯月*,女,2002,2024-10-06,,,,D02,L4,1,2025-01-04,active
E00779,秦菊艳,女,1994,2021-03-15,,,,D01,L1,0,2021-06-13,active
E00780,沈洋*,男,1999,2023-07-18,,,,D03,L5,1,2023-10-16,active
E00781,何彩华,女,1988,2020-05-25,,,,D10,L1,0,2020-08-23,active
E00782,曹静*,男,1991,2024-07-07,,,,D03,L2,0,2024-10-05,active
E00783,卫娥*,女,1979,2017-07-01,2025-06-26,invol,R06,D06,L4,0,2017-12-28,left
E00784,吕强*,男,1977,2017-10-23,,,,D02,L1,1,2018-01-21,active
E00785,郑强涛,男,1990,2022-11-20,,,,D01,L1,1,2023-02-18,active
E00786,曹真*,男,1990,2024-11-27,2025-12-08,invol,R07,D01,L3,0,2025-05-26,left
E00787,郑娜*,男,1988,2020-03-11,,,,D06,L2,0,2020-06-09,active
E00788,魏英媛,男,1998,2023-06-20,2025-07-09,invol,R07,D03,L4,1,2023-09-18,left
E00789,杨媛*,男,1986,2017-04-16,2025-10-06,vol,R01,D09,L2,0,2017-07-15,left
E00790,许兰*,女,1987,2017-02-05,2025-01-28,invol,R07,D07,L1,0,2017-05-06,left
E00791,陶涛*,男,2001,2023-10-08,,,,D03,L3,0,2024-01-06,active
E00792,杨妹*,女,1991,2024-06-01,2025-09-28,vol,R03,D07,L3,0,2024-08-30,left
E00793,谢美*,男,1988,2017-06-16,2025-10-08,vol,R04,D06,L3,0,2017-12-13,left
E00794,吕明*,女,1983,2022-10-27,,,,D03,L2,0,2023-01-25,active
E00795,尤慧*,男,1975,2019-03-18,,,,D02,L1,0,2019-06-16,active
E00796,赵妹*,男,1993,2024-12-23,,,,D09,L5,1,2025-03-23,active
E00797,陈淑*,女,2002,2024-06-25,,,,D11,L3,0,2024-09-23,active
E00798,郑红彩,男,1994,2024-11-28,,,,D01,L3,0,2025-02-26,active
E00799,许莺*,男,1987,2018-04-25,,,,D04,L2,0,2018-07-24,active
E00800,施莺*,女,1996,2022-06-26,,,,D03,L4,0,2022-09-24,active
E00801,戚素*,女,1995,2017-12-21,2025-10-10,vol,R01,D02,L3,0,2018-03-21,left
E00802,谢月勇,男,1988,2023-07-15,,,,D01,L3,0,2024-01-11,active
E00803,戚强怡,女,1986,2020-08-08,,,,D01,L4,0,2020-11-06,active
E00804,赵瑞淑,女,1999,2023-12-20,2025-09-05,vol,R03,D01,L2,1,2024-06-17,left
E00805,王燕*,男,1990,2021-01-19,,,,D12,L1,0,2021-04-19,active
E00806,王妹*,男,1985,2018-09-04,,,,D01,L3,0,2018-12-03,active
E00807,姜素真,男,1989,2019-09-11,,,,D03,L2,0,2019-12-10,active
E00808,许静霞,男,1999,2022-03-29,,,,D01,L2,0,2022-06-27,active
E00809,沈洁欣,女,1987,2017-05-20,,,,D03,L1,1,2017-11-16,active
E00810,冯玲燕,女,1989,2020-07-18,,,,D11,L3,1,2021-01-14,active
E00811,谢红*,男,1996,2018-09-16,2025-10-18,vol,R04,D02,L3,0,2019-03-15,left
E00812,韩杰凡,女,1991,2023-02-16,,,,D11,L1,0,2023-05-17,active
E00813,李萍*,男,1981,2019-07-17,2025-07-08,vol,R01,D10,L2,1,2020-01-13,left
E00814,金云*,女,1995,2019-06-23,2025-12-19,vol,R01,D05,L1,0,2019-09-21,left
E00815,蒋艳杰,男,1994,2024-02-24,,,,D01,L1,0,2024-08-22,active
E00816,谢凡*,女,1984,2018-02-23,,,,D01,L3,0,2018-05-24,active
E00817,周勇*,女,1994,2021-12-08,2025-04-07,vol,R02,D03,L1,0,2022-03-08,left
E00818,朱莲军,女,1992,2021-12-25,,,,D11,L2,0,2022-06-23,active
E00819,王媛红,女,1984,2023-07-23,,,,D05,L3,1,2023-10-21,active
E00820,吕磊*,男,2000,2022-08-09,,,,D01,L4,0,2022-11-07,active
E00821,陶超*,男,1984,2020-02-13,2025-04-04,vol,R01,D01,L4,1,2020-08-11,left
E00822,韩娜敏,男,1988,2021-11-08,,,,D08,L2,0,2022-05-07,active
E00823,华爱*,女,1991,2021-08-25,,,,D01,L1,0,2021-11-23,active
E00824,吴芳*,男,1997,2020-12-02,,,,D07,L2,0,2021-03-02,active
E00825,金娜*,男,1985,2019-03-05,,,,D02,L1,0,2019-06-03,active
E00826,周萍惠,男,1996,2018-03-08,2025-05-29,vol,R01,D03,L2,0,2018-06-06,left
E00827,秦春佳,男,1994,2023-02-04,2025-06-02,vol,R02,D01,L3,0,2023-05-05,left
E00828,谢雅*,男,1986,2022-08-26,,,,D04,L1,0,2023-02-22,active
E00829,孙娥*,男,1988,2019-11-24,2025-12-12,invol,R06,D03,L5,0,2020-02-22,left
E00830,韩惠*,男,1986,2023-08-12,,,,D05,L1,0,2023-11-10,active
E00831,朱珠凤,女,1990,2020-07-12,2025-06-20,vol,R02,D06,L3,0,2021-01-08,left
E00832,尤莺*,女,1986,2018-06-20,,,,D06,L3,0,2018-12-17,active
E00833,秦勇芳,男,1988,2023-10-04,2025-03-18,vol,R05,D02,L5,0,2024-01-02,left
E00834,何红霞,女,1993,2023-01-21,,,,D04,L4,0,2023-04-21,active
E00835,喻春霞,女,1992,2017-05-07,,,,D01,L3,0,2017-11-03,active
E00836,李雅*,男,1995,2023-08-24,,,,D01,L3,0,2023-11-22,active
E00837,钱梅*,男,1992,2018-06-23,,,,D01,L6,1,2018-12-20,active
E00838,张荣*,男,1995,2024-08-07,,,,D03,L3,0,2024-11-05,active
E00839,钱慧*,女,1997,2024-11-27,2025-08-06,vol,R03,D02,L3,0,2025-05-26,left
E00840,戚洁云,女,1985,2021-03-01,,,,D09,L4,1,2021-08-28,active
E00841,喻荣*,女,1997,2019-11-12,2025-06-09,invol,R06,D01,L6,0,2020-02-10,left
E00842,杨兰*,女,1998,2020-12-26,,,,D07,L2,0,2021-03-26,active
E00843,周琳雅,女,2000,2022-05-02,2025-07-02,invol,R07,D10,L2,0,2022-07-31,left
E00844,冯红凤,女,1985,2021-05-11,,,,D02,L1,0,2021-08-09,active
E00845,王荣*,女,1998,2022-08-12,2025-05-24,vol,R01,D04,L5,0,2022-11-10,left
E00846,戚欣爱,女,2001,2024-07-23,,,,D02,L1,0,2024-10-21,active
E00847,孙洋梅,男,1980,2021-06-16,,,,D12,L4,0,2021-12-13,active
E00848,戚勇*,男,1997,2020-10-09,,,,D11,L2,0,2021-01-07,active
E00849,许凡*,男,1996,2020-05-13,,,,D04,L3,0,2020-08-11,active
E00850,孙惠*,男,1988,2021-03-29,,,,D01,L2,0,2021-09-25,active
E00851,朱娟玲,男,1989,2023-05-24,,,,D01,L3,0,2023-08-22,active
E00852,蒋伟*,男,1984,2018-09-28,,,,D09,L5,0,2018-12-27,active
E00853,王霞凡,女,1995,2017-07-20,,,,D01,L2,0,2017-10-18,active
E00854,周菊*,女,1988,2017-01-29,,,,D02,L4,0,2017-04-29,active
E00855,何静静,女,1995,2020-05-31,2025-01-14,vol,R01,D12,L2,0,2020-11-27,left
E00856,陈瑞凡,男,1980,2023-11-01,2025-06-20,vol,R02,D02,L6,1,2024-01-30,left
E00857,卫静*,女,1988,2018-04-27,2025-04-08,invol,R08,D01,L1,0,2018-07-26,left
E00858,韩芳瑞,男,1991,2021-03-09,,,,D08,L3,0,2021-09-05,active
E00859,金菊*,男,1990,2023-01-27,,,,D03,L5,1,2023-04-27,active
E00860,姜雪敏,男,1971,2017-06-27,,,,D02,L2,0,2017-12-24,active
E00861,曹红娥,男,1987,2018-03-07,,,,D03,L2,0,2018-06-05,active
E00862,沈涛兰,男,1994,2020-10-03,,,,D01,L2,0,2021-01-01,active
E00863,李怡*,女,1979,2017-07-24,,,,D04,L5,0,2017-10-22,active
E00864,喻玉静,男,1986,2022-10-21,,,,D02,L1,0,2023-01-19,active
E00865,杨静*,男,1994,2021-09-14,,,,D01,L2,0,2022-03-13,active
E00866,戚荣*,女,1989,2020-07-27,,,,D07,L5,0,2020-10-25,active
E00867,钱燕*,女,1991,2024-08-27,,,,D01,L2,0,2024-11-25,active
E00868,秦艳*,男,1982,2020-07-13,,,,D06,L2,0,2020-10-11,active
E00869,钱真香,女,1982,2022-11-18,,,,D02,L4,0,2023-02-16,active
E00870,姜玉*,女,1996,2023-03-29,,,,D03,L1,0,2023-09-25,active
E00871,孙菊雪,女,1984,2021-09-22,2025-09-30,vol,R02,D11,L2,0,2022-03-21,left
E00872,何莺嘉,女,1991,2024-01-24,2025-09-09,invol,R07,D03,L3,0,2024-04-23,left
E00873,蒋霞涛,男,1986,2019-10-27,,,,D01,L1,0,2020-01-25,active
E00874,尤明*,男,1992,2024-04-15,,,,D02,L4,0,2024-07-14,active
E00875,张怡媛,女,1994,2021-09-24,2025-05-08,vol,R03,D03,L2,0,2022-03-23,left
E00876,卫华*,男,1988,2017-10-20,,,,D12,L5,1,2018-01-18,active
E00877,施翠*,女,1995,2020-02-14,2025-09-14,vol,R03,D01,L1,0,2020-05-14,left
E00878,朱淑*,女,1994,2023-08-06,,,,D01,L2,0,2023-11-04,active
E00879,秦媛*,女,1987,2023-08-21,,,,D01,L3,0,2023-11-19,active
E00880,李秀*,男,1988,2024-01-06,,,,D03,L1,0,2024-04-05,active
E00881,谢春*,女,1992,2023-04-16,,,,D11,L4,0,2023-07-15,active
E00882,朱明妹,女,1981,2017-08-04,,,,D05,L5,1,2017-11-02,active
E00883,蒋云*,女,1991,2018-06-06,,,,D11,L3,0,2018-12-03,active
E00884,张萍*,女,1988,2024-02-28,2025-10-25,vol,R03,D01,L1,0,2024-05-28,left
E00885,钱媛月,男,1981,2020-08-07,,,,D03,L1,0,2021-02-03,active
E00886,陈美超,女,1985,2018-04-30,,,,D01,L1,0,2018-10-27,active
E00887,钱兰春,女,1991,2024-07-22,,,,D11,L3,0,2024-10-20,active
E00888,李军*,男,1985,2017-02-17,2025-07-06,invol,R07,D07,L6,1,2017-08-16,left
E00889,赵彩*,男,1993,2023-09-26,,,,D02,L3,0,2023-12-25,active
E00890,吴娜*,女,1987,2021-05-17,2025-02-19,vol,R02,D05,L2,1,2021-08-15,left
E00891,蒋超*,男,1995,2024-05-03,,,,D02,L4,1,2024-10-30,active
E00892,卫芳*,男,1991,2023-08-14,2025-03-08,vol,R01,D03,L1,0,2024-02-10,left
E00893,孔华*,男,1997,2023-02-05,,,,D01,L3,0,2023-05-06,active
E00894,秦艳*,男,1998,2023-03-01,2025-02-25,invol,R08,D01,L4,1,2023-08-28,left
E00895,孙菊梅,男,1997,2023-10-12,,,,D11,L2,1,2024-01-10,active
E00896,褚莺*,男,1996,2022-08-05,,,,D07,L5,0,2022-11-03,active
E00897,曹燕*,女,1995,2021-02-12,,,,D11,L4,1,2021-05-13,active
E00898,钱慧*,男,1986,2017-09-08,,,,D11,L2,0,2017-12-07,active
E00899,吴彩英,男,1977,2017-05-09,,,,D08,L1,0,2017-11-05,active
E00900,卫芝妹,女,1995,2024-05-11,2025-07-20,vol,R02,D01,L1,0,2024-08-09,left
E00901,陶云玉,男,1988,2020-04-08,,,,D06,L3,0,2020-07-07,active
E00902,华真*,男,1991,2024-07-16,,,,D02,L2,0,2024-10-14,active
E00903,曹洋秀,男,1994,2017-05-04,,,,D03,L2,1,2017-10-31,active
E00904,孔艳*,男,1999,2023-07-03,2025-07-25,vol,R01,D12,L3,0,2023-10-01,left
E00905,赵慧*,女,1996,2024-04-29,,,,D04,L4,0,2024-10-26,active
E00906,王香*,男,1991,2022-01-22,,,,D08,L1,0,2022-04-22,active
E00907,赵凤红,男,1985,2018-09-01,,,,D01,L4,0,2018-11-30,active
E00908,李素*,男,1986,2022-05-07,,,,D07,L1,0,2022-08-05,active
E00909,王梅真,男,1989,2018-11-29,,,,D01,L2,0,2019-02-27,active
E00910,杨欣丽,女,1987,2024-09-12,,,,D01,L2,0,2025-03-11,active
E00911,许爱*,女,1988,2024-05-28,2025-12-18,vol,R04,D01,L4,0,2024-08-26,left
E00912,朱燕玉,女,1984,2019-09-23,2025-07-09,vol,R05,D06,L2,1,2019-12-22,left
E00913,曹娜娥,女,1999,2021-04-26,,,,D01,L4,1,2021-07-25,active
E00914,郑翠*,男,1985,2019-04-30,,,,D06,L2,0,2019-07-29,active
E00915,赵凤*,女,1997,2020-12-08,,,,D02,L3,0,2021-06-06,active
E00916,孙勇洁,男,1996,2022-04-02,,,,D01,L4,0,2022-07-01,active
E00917,严娜芬,男,1996,2023-06-20,,,,D10,L3,0,2023-09-18,active
E00918,沈珠芳,男,1992,2023-11-28,,,,D01,L3,0,2024-02-26,active
E00919,郑春*,女,1991,2019-05-09,,,,D04,L5,1,2019-11-05,active
E00920,曹芬*,男,1988,2022-09-20,,,,D03,L6,0,2023-03-19,active
E00921,冯佳雪,男,1998,2020-04-21,,,,D12,L2,0,2020-07-20,active
E00922,孔嘉慧,女,2001,2023-10-22,,,,D03,L4,0,2024-01-20,active
E00923,金芝莺,男,1995,2022-03-11,,,,D03,L1,0,2022-06-09,active
E00924,周伟雪,女,1978,2021-01-11,,,,D11,L5,0,2021-04-11,active
E00925,钱霞*,女,1988,2024-10-09,,,,D06,L4,1,2025-04-07,active
E00926,华明*,男,1996,2022-10-18,,,,D10,L4,0,2023-01-16,active
E00927,吕洋*,男,1990,2019-03-24,,,,D06,L1,0,2019-06-22,active
E00928,秦静英,男,1991,2019-07-25,2025-03-07,vol,R02,D04,L2,1,2019-10-23,left
E00929,金芳*,男,1991,2018-04-08,2025-06-07,vol,R03,D08,L1,0,2018-07-07,left
E00930,陈芳*,男,1976,2020-12-28,2025-02-02,invol,R06,D06,L1,0,2021-03-28,left
E00931,谢素*,男,1973,2017-01-07,,,,D11,L3,0,2017-04-07,active
E00932,吕翠*,男,1996,2018-05-18,,,,D01,L5,1,2018-11-14,active
E00933,谢雅琳,女,1993,2019-05-16,,,,D06,L5,0,2019-11-12,active
E00934,吴磊*,男,1987,2023-04-23,,,,D04,L6,1,2023-07-22,active
E00935,秦玲*,女,1991,2019-03-03,,,,D01,L4,1,2019-06-01,active
E00936,陶莺*,男,1991,2018-01-11,2025-01-19,vol,R05,D11,L1,1,2018-07-10,left
E00937,姜燕妹,男,1987,2019-04-02,,,,D11,L1,0,2019-07-01,active
E00938,赵萍娥,男,1986,2018-03-13,2025-01-28,invol,R06,D03,L4,1,2018-06-11,left
E00939,戚彩涛,男,1993,2021-11-13,,,,D12,L3,0,2022-02-11,active
E00940,华燕*,女,1995,2022-01-19,,,,D11,L3,0,2022-04-19,active
E00941,陶娟惠,男,1986,2020-04-06,,,,D04,L2,0,2020-10-03,active
E00942,谢媛荣,女,1991,2024-05-17,2025-01-20,vol,R05,D08,L5,1,2024-08-15,left
E00943,何香*,女,1984,2017-09-16,,,,D04,L2,0,2018-03-15,active
E00944,魏玲*,男,1998,2024-12-18,,,,D06,L2,0,2025-03-18,active
E00945,沈佳*,女,1982,2019-12-19,,,,D02,L3,1,2020-03-18,active
E00946,孔瑞*,女,1993,2024-05-06,,,,D12,L3,0,2024-11-02,active
E00947,周菊雪,女,1994,2024-11-06,2025-07-16,vol,R01,D09,L6,0,2025-02-04,left
E00948,朱欣娜,男,1985,2021-04-13,,,,D01,L1,0,2021-10-10,active
E00949,韩月*,女,1994,2018-05-23,,,,D01,L4,0,2018-08-21,active
E00950,李欣*,男,1983,2021-01-22,,,,D12,L3,0,2021-07-21,active
E00951,周洋涛,女,1987,2021-05-26,,,,D04,L3,0,2021-08-24,active
E00952,周妹莺,女,1991,2018-09-02,,,,D03,L2,0,2018-12-01,active
E00953,华娜*,男,1985,2019-09-19,2025-02-12,invol,R07,D02,L2,0,2019-12-18,left
E00954,何月淑,男,1984,2022-11-12,,,,D07,L2,0,2023-02-10,active
E00955,孙超*,男,1992,2023-01-30,2025-04-14,vol,R04,D12,L1,0,2023-04-30,left
E00956,韩珠敏,女,1997,2023-05-25,2025-07-18,vol,R02,D01,L1,0,2023-11-21,left
E00957,蒋惠明,男,1984,2022-06-10,,,,D01,L1,0,2022-09-08,active
E00958,施春*,男,1995,2017-12-02,2025-03-25,invol,R09,D01,L4,1,2018-03-02,left
E00959,郑梅*,男,1985,2021-11-16,,,,D02,L1,1,2022-02-14,active
E00960,孔媛*,男,1982,2017-07-21,,,,D12,L7,0,2017-10-19,active
E00961,沈芳*,男,1986,2024-11-17,2025-11-05,invol,R06,D03,L1,0,2025-02-15,left
E00962,王慧*,女,1993,2024-04-11,,,,D01,L4,0,2024-07-10,active
E00963,严丽*,男,1986,2018-09-03,,,,D05,L5,0,2019-03-02,active
E00964,陶莺霞,女,1999,2024-08-27,,,,D01,L1,0,2024-11-25,active
E00965,郑艳*,男,1986,2020-09-23,,,,D09,L2,0,2021-03-22,active
E00966,郑环*,男,1996,2024-07-09,,,,D05,L6,1,2024-10-07,active
E00967,冯菊*,男,1984,2023-10-30,,,,D06,L3,0,2024-04-27,active
E00968,卫芳*,女,1988,2017-09-23,,,,D01,L4,0,2018-03-22,active
E00969,沈月霞,男,1990,2023-04-26,,,,D01,L5,1,2023-07-25,active
E00970,姜月凤,男,1992,2019-06-13,2025-07-15,invol,R06,D07,L5,1,2019-12-10,left
E00971,喻芳*,女,1985,2019-04-21,,,,D03,L1,0,2019-07-20,active
E00972,戚静*,女,1991,2021-07-04,,,,D04,L6,0,2021-12-31,active
E00973,韩欣*,女,1982,2019-09-02,,,,D01,L3,0,2019-12-01,active
E00974,华淑*,男,1980,2020-09-20,,,,D12,L6,0,2020-12-19,active
E00975,喻彩*,女,1991,2018-01-22,,,,D07,L6,1,2018-04-22,active
E00976,杨真荣,男,1988,2019-08-07,,,,D03,L5,1,2020-02-03,active
E00977,陈惠*,男,1984,2018-10-18,,,,D06,L2,0,2019-01-16,active
E00978,韩霞*,女,1995,2024-12-24,,,,D01,L3,0,2025-03-24,active
E00979,朱涛爱,女,1991,2022-05-08,2025-04-08,invol,R08,D05,L5,0,2022-08-06,left
E00980,张芝凡,男,1997,2019-03-10,,,,D09,L1,0,2019-06-08,active
E00981,吕荣萍,男,1990,2022-07-25,,,,D12,L4,1,2022-10-23,active
E00982,郑瑞云,男,2002,2024-08-21,2025-02-07,vol,R01,D05,L2,0,2024-11-19,left
E00983,杨琳荣,女,1998,2020-06-17,,,,D09,L6,1,2020-09-15,active
E00984,华敏*,女,1995,2020-08-14,,,,D01,L3,0,2021-02-10,active
E00985,施梅玉,女,1989,2023-04-18,2025-03-10,invol,R06,D01,L5,0,2023-10-15,left
E00986,喻菊洁,男,1998,2020-02-08,,,,D08,L4,1,2020-08-06,active
E00987,郑艳春,男,1998,2021-12-21,2025-03-06,vol,R01,D05,L5,0,2022-06-19,left
E00988,褚菊*,男,2000,2024-02-10,,,,D01,L4,1,2024-08-08,active
E00989,吴环英,女,1990,2021-11-13,,,,D06,L2,0,2022-02-11,active
E00990,尤勇*,男,1999,2022-10-12,,,,D01,L6,0,2023-04-10,active
E00991,沈英*,男,1992,2024-05-24,,,,D01,L1,1,2024-08-22,active
E00992,谢环莲,男,1980,2020-12-10,,,,D07,L3,0,2021-03-10,active
E00993,冯菊玉,男,1995,2017-03-10,2025-06-10,vol,R03,D08,L1,0,2017-06-08,left
E00994,韩洁翠,女,1983,2024-08-28,2025-08-10,vol,R01,D03,L3,0,2025-02-24,left
E00995,李洁*,男,1995,2024-10-26,2025-06-16,vol,R02,D06,L7,1,2025-01-24,left
E00996,姜妹秀,女,1994,2023-02-10,,,,D12,L6,1,2023-05-11,active
E00997,邹春强,女,1993,2022-04-29,,,,D06,L4,0,2022-07-28,active
E00998,卫娜*,男,1982,2017-03-18,,,,D11,L2,0,2017-06-16,active
E00999,冯凤*,女,2001,2023-04-16,,,,D02,L2,0,2023-07-15,active
E01000,吴凤*,男,1998,2022-07-12,,,,D01,L1,0,2022-10-10,active
E01001,赵菊*,女,1982,2018-04-29,,,,D01,L1,0,2018-07-28,active
E01002,沈洁*,女,1988,2021-06-02,2025-01-28,vol,R01,D06,L1,0,2021-08-31,left
E01003,钱静明,女,1995,2022-12-21,2025-10-23,vol,R04,D08,L1,0,2023-06-19,left
E01004,蒋华凤,女,2001,2023-07-21,,,,D11,L3,0,2023-10-19,active
E01005,姜静丽,女,1982,2021-07-12,,,,D02,L1,0,2021-10-10,active
E01006,谢怡*,男,1990,2017-10-30,,,,D04,L3,0,2018-01-28,active
E01007,姜娟*,女,1995,2023-05-05,,,,D12,L2,0,2023-08-03,active
E01008,吴彩美,女,1982,2021-12-20,2025-02-09,vol,R01,D05,L4,0,2022-03-20,left
E01009,戚欣嘉,男,1998,2024-11-13,,,,D02,L5,0,2025-02-11,active
E01010,沈芳*,女,1988,2024-09-04,,,,D01,L4,0,2024-12-03,active
E01011,曹丽*,女,1988,2023-07-27,,,,D05,L1,0,2023-10-25,active
E01012,秦雪荣,女,1995,2023-10-08,,,,D09,L4,0,2024-01-06,active
E01013,韩洋涛,男,1984,2024-03-08,,,,D01,L1,0,2024-06-06,active
E01014,曹芬*,男,1993,2024-10-11,,,,D02,L6,0,2025-01-09,active
E01015,郑涛*,女,2000,2024-07-30,,,,D12,L1,0,2024-10-28,active
E01016,孙佳静,男,1991,2019-07-13,,,,D07,L3,0,2019-10-11,active
E01017,李真*,女,2001,2024-11-26,,,,D12,L6,0,2025-02-24,active
E01018,杨欣*,女,1977,2020-10-25,,,,D01,L2,0,2021-01-23,active
E01019,张静*,女,1999,2023-05-23,,,,D01,L3,0,2023-11-19,active
E01020,孙洋*,男,1988,2022-11-19,2025-07-14,vol,R03,D09,L2,0,2023-05-18,left
E01021,施月*,男,1995,2021-04-26,,,,D11,L4,0,2021-07-25,active
E01022,褚素妹,女,1997,2023-12-30,,,,D08,L1,0,2024-06-27,active
E01023,严月霞,女,1988,2022-04-06,,,,D12,L3,0,2022-07-05,active
E01024,蒋琳雪,男,1993,2023-03-22,,,,D02,L3,0,2023-06-20,active
E01025,李淑*,男,1994,2022-10-20,2025-02-17,invol,R06,D04,L5,1,2023-01-18,left
E01026,卫娥华,男,1996,2022-11-12,,,,D05,L6,0,2023-02-10,active
E01027,谢静军,男,1991,2024-05-30,2025-04-17,vol,R01,D01,L6,1,2024-11-26,left
E01028,陈珠*,男,1990,2018-07-04,2025-07-27,vol,R02,D01,L1,0,2018-10-02,left
E01029,陈慧*,男,1994,2023-05-18,,,,D04,L1,0,2023-11-14,active
E01030,杨涛英,女,1998,2024-05-08,,,,D11,L4,1,2024-11-04,active
E01031,金娜*,男,2002,2024-11-19,,,,D01,L3,0,2025-02-17,active
E01032,冯燕华,女,1988,2020-05-24,,,,D01,L7,0,2020-08-22,active
E01033,钱荣琳,男,1997,2024-02-16,2025-03-07,vol,R01,D10,L1,0,2024-08-14,left
E01034,杨彩*,女,2001,2023-08-13,2025-07-08,vol,R03,D12,L1,0,2023-11-11,left
E01035,钱燕*,女,1993,2023-09-02,2025-05-02,vol,R04,D11,L5,1,2023-12-01,left
E01036,严凤*,男,1988,2020-05-22,2025-02-18,vol,R02,D02,L4,1,2020-11-18,left
E01037,戚涛*,男,1982,2024-03-07,2025-05-05,vol,R03,D01,L1,0,2024-06-05,left
E01038,周芳凤,男,1999,2023-11-21,,,,D03,L1,0,2024-05-19,active
E01039,李秀*,女,1985,2024-05-09,,,,D07,L2,0,2024-08-07,active
E01040,吴莲*,男,1995,2024-09-19,2025-08-29,invol,R09,D04,L4,0,2024-12-18,left
E01041,戚伟*,女,1995,2017-02-03,,,,D12,L3,0,2017-05-04,active
E01042,卫菊雅,女,1986,2018-04-16,2025-05-31,invol,R06,D06,L4,0,2018-07-15,left
E01043,朱芬军,女,1990,2021-01-13,2025-06-06,invol,R06,D01,L2,0,2021-04-13,left
E01044,金芳艳,女,1983,2018-01-27,,,,D02,L4,0,2018-07-26,active
E01045,陶素*,女,1985,2020-02-13,2025-05-22,invol,R08,D07,L5,1,2020-05-13,left
E01046,魏菊环,男,1985,2017-01-01,,,,D03,L1,0,2017-04-01,active
E01047,陈环*,女,2000,2022-05-12,,,,D03,L5,0,2022-08-10,active
E01048,蒋娜*,男,1984,2024-06-03,,,,D01,L1,0,2024-09-01,active
E01049,李梅军,男,1996,2018-07-29,,,,D12,L2,0,2018-10-27,active
E01050,赵彩凤,男,1990,2021-01-04,2025-09-13,vol,R01,D05,L6,0,2021-04-04,left
E01051,陶军*,女,1997,2024-07-28,2025-06-18,invol,R06,D02,L4,1,2024-10-26,left
E01052,陶玲兰,女,1982,2017-08-09,,,,D06,L5,0,2018-02-05,active
E01053,陶娜*,女,1987,2019-04-17,,,,D11,L1,0,2019-07-16,active
E01054,秦军*,男,1986,2024-06-04,,,,D08,L2,0,2024-12-01,active
E01055,陶英春,男,1991,2023-09-03,,,,D03,L1,0,2023-12-02,active
E01056,王芳静,女,1994,2018-04-08,,,,D04,L3,0,2018-07-07,active
E01057,严勇*,男,1992,2023-11-01,,,,D08,L1,0,2024-01-30,active
E01058,秦月*,女,1992,2022-05-21,2025-10-12,vol,R05,D06,L3,0,2022-08-19,left
E01059,孔敏菊,男,1992,2024-05-12,,,,D05,L2,0,2024-08-10,active
E01060,戚磊超,女,1987,2018-10-12,,,,D03,L2,0,2019-01-10,active
E01061,严凤凡,女,1989,2024-06-26,2025-07-11,invol,R07,D03,L4,1,2024-09-24,left
E01062,褚涛红,女,1993,2022-08-17,2025-06-19,vol,R03,D01,L3,1,2022-11-15,left
E01063,陈秀*,男,1987,2020-04-23,,,,D02,L1,0,2020-07-22,active
E01064,严军*,男,1993,2020-06-09,,,,D05,L2,0,2020-09-07,active
E01065,陈伟芬,男,1980,2021-04-01,,,,D01,L3,0,2021-06-30,active
E01066,曹明香,女,1985,2022-11-11,,,,D01,L1,0,2023-05-10,active
E01067,沈淑燕,女,1989,2020-07-28,,,,D09,L2,0,2021-01-24,active
E01068,朱珠*,男,1985,2018-03-23,,,,D02,L1,0,2018-06-21,active
E01069,褚瑞*,男,1988,2024-03-31,,,,D05,L3,0,2024-06-29,active
E01070,李芳伟,男,1991,2020-06-13,,,,D02,L1,0,2020-09-11,active
E01071,秦荣燕,男,1996,2021-05-14,,,,D01,L6,0,2021-08-12,active
E01072,陶美*,男,1986,2023-10-04,2025-12-29,vol,R01,D01,L3,0,2024-04-01,left
E01073,沈军*,女,1988,2018-05-19,2025-10-08,vol,R02,D02,L3,1,2018-08-17,left
E01074,周玲艳,男,1990,2022-06-29,,,,D01,L6,1,2022-09-27,active
E01075,华瑞强,男,1990,2020-05-30,2025-02-12,vol,R02,D02,L3,0,2020-11-26,left
E01076,邹英*,女,1991,2022-12-30,,,,D06,L2,0,2023-03-30,active
E01077,邹雪*,男,1993,2021-03-30,2025-04-16,invol,R06,D03,L4,0,2021-06-28,left
E01078,孙凤*,女,1988,2023-04-06,,,,D07,L2,0,2023-07-05,active
E01079,曹勇涛,女,1991,2021-01-21,,,,D12,L3,0,2021-07-20,active
E01080,韩兰*,男,1999,2021-10-04,,,,D02,L6,0,2022-01-02,active
E01081,韩月*,女,1993,2017-08-30,,,,D06,L4,0,2018-02-26,active
E01082,许芝燕,女,1983,2018-02-19,,,,D03,L2,0,2018-05-20,active
E01083,朱香爱,男,1991,2024-09-07,2025-04-09,vol,R01,D12,L1,0,2024-12-06,left
E01084,陶丽静,男,1993,2024-12-08,,,,D03,L2,0,2025-03-08,active
E01085,施瑞云,女,1998,2023-10-12,,,,D01,L1,0,2024-01-10,active
E01086,郑月*,男,1983,2018-01-01,,,,D02,L1,0,2018-06-30,active
E01087,冯敏霞,男,1989,2022-03-16,,,,D01,L1,0,2022-06-14,active
E01088,王怡*,男,2001,2023-08-24,,,,D11,L6,1,2023-11-22,active
E01089,杨伟*,女,2002,2024-05-08,,,,D07,L6,0,2024-08-06,active
E01090,韩霞涛,男,1987,2022-12-10,,,,D01,L2,0,2023-06-08,active
E01091,张娟*,女,1994,2019-09-15,,,,D01,L5,0,2019-12-14,active
E01092,杨秀*,男,1991,2024-10-25,,,,D01,L6,0,2025-01-23,active
E01093,喻丽*,男,1992,2022-05-17,,,,D01,L4,1,2022-08-15,active
E01094,秦欣*,男,1987,2020-02-20,,,,D02,L3,0,2020-05-20,active
E01095,邹洋*,女,1984,2017-11-03,,,,D01,L2,0,2018-02-01,active
E01096,严琳红,男,1981,2018-07-07,,,,D01,L7,1,2018-10-05,active
E01097,冯艳嘉,男,1999,2023-05-07,,,,D11,L2,0,2023-11-03,active
E01098,钱荣*,男,1997,2019-08-05,,,,D01,L3,0,2019-11-03,active
E01099,邹菊媛,男,1994,2024-05-30,,,,D03,L3,0,2024-08-28,active
E01100,冯媛*,女,1983,2018-05-13,2025-07-11,vol,R02,D06,L6,0,2018-08-11,left
E01101,何芝洁,男,1990,2020-12-08,,,,D12,L2,0,2021-03-08,active
E01102,冯芳*,男,1988,2023-03-29,,,,D06,L3,0,2023-06-27,active
E01103,沈凤*,女,1994,2021-07-02,,,,D02,L4,0,2021-09-30,active
E01104,周萍*,女,1993,2022-01-31,,,,D02,L2,0,2022-05-01,active
E01105,秦嘉淑,男,1979,2022-11-01,,,,D01,L2,0,2023-01-30,active
E01106,卫明*,女,1995,2020-10-17,,,,D08,L2,1,2021-01-15,active
E01107,孙磊*,男,1991,2018-08-24,,,,D02,L1,0,2018-11-22,active
E01108,喻梅华,男,1993,2023-08-23,2025-06-10,vol,R02,D01,L1,0,2024-02-19,left
E01109,秦瑞*,女,1987,2019-07-10,,,,D01,L3,0,2019-10-08,active
E01110,杨彩*,男,1996,2023-11-09,,,,D11,L1,0,2024-02-07,active
E01111,孔娜*,男,1983,2022-05-27,,,,D01,L2,0,2022-08-25,active
E01112,金惠*,男,1987,2022-01-01,2025-05-29,invol,R07,D06,L1,0,2022-04-01,left
E01113,韩云媛,男,1993,2020-02-17,,,,D12,L2,0,2020-05-17,active
E01114,施琳*,女,1988,2021-05-15,,,,D03,L2,0,2021-08-13,active
E01115,韩怡淑,男,1990,2018-01-01,,,,D02,L5,0,2018-04-01,active
E01116,朱勇*,女,1985,2019-07-19,,,,D01,L1,0,2019-10-17,active
E01117,吴强美,男,1990,2024-06-13,,,,D02,L2,0,2024-09-11,active
E01118,周杰*,男,1994,2022-08-04,,,,D08,L4,0,2022-11-02,active
E01119,秦嘉佳,女,1983,2021-06-25,,,,D03,L1,1,2021-12-22,active
E01120,张玲*,男,1982,2024-07-08,,,,D03,L6,0,2024-10-06,active
E01121,曹环莺,女,1988,2024-04-29,,,,D12,L1,0,2024-10-26,active
E01122,严巧*,女,1990,2023-01-31,,,,D03,L5,0,2023-05-01,active
E01123,姜淑珠,女,1981,2021-01-24,,,,D03,L2,0,2021-04-24,active
E01124,杨英*,女,1985,2024-05-29,,,,D01,L4,0,2024-08-27,active
E01125,郑芳*,男,1991,2022-03-21,,,,D02,L6,0,2022-06-19,active
E01126,陶军*,女,1984,2018-05-26,2025-03-02,vol,R03,D01,L2,0,2018-08-24,left
E01127,钱香*,男,1995,2024-05-07,,,,D08,L2,0,2024-08-05,active
E01128,姜妹静,男,1994,2020-11-13,,,,D06,L4,0,2021-05-12,active
E01129,陈淑*,女,1997,2021-11-30,,,,D03,L2,0,2022-02-28,active
E01130,陈爱*,男,1987,2024-11-19,2025-03-31,vol,R05,D01,L1,0,2025-02-17,left
E01131,褚凡*,男,1984,2024-12-30,2025-07-02,invol,R08,D06,L4,0,2025-06-28,left
E01132,吕菊*,女,1986,2019-11-07,,,,D06,L6,0,2020-02-05,active
E01133,许凡环,女,1989,2020-04-08,,,,D01,L2,0,2020-10-05,active
E01134,杨莺杰,男,1977,2019-02-12,2025-01-31,vol,R04,D06,L1,0,2019-08-11,left
E01135,周春磊,男,1993,2022-08-28,2025-03-19,invol,R07,D03,L1,0,2023-02-24,left
E01136,姜瑞真,女,1991,2024-05-19,,,,D05,L2,0,2024-08-17,active
E01137,郑勇*,男,1986,2018-08-14,,,,D07,L3,0,2019-02-10,active
E01138,李伟*,女,1997,2022-07-23,,,,D01,L4,1,2022-10-21,active
E01139,吴丽静,女,1984,2018-09-03,,,,D08,L2,0,2019-03-02,active
E01140,尤秀*,男,1986,2018-11-12,,,,D05,L3,0,2019-02-10,active
E01141,陶香*,男,1997,2020-08-24,,,,D03,L1,0,2020-11-22,active
E01142,何惠*,男,1995,2020-01-24,,,,D01,L6,1,2020-07-22,active
E01143,吕春艳,女,1981,2024-09-21,2025-06-22,vol,R01,D03,L1,0,2024-12-20,left
E01144,孙琳*,女,1972,2020-08-20,,,,D01,L2,1,2021-02-16,active
E01145,金秀爱,男,1991,2024-12-02,,,,D05,L6,0,2025-05-31,active
E01146,姜兰*,男,1994,2018-06-07,2025-11-15,invol,R09,D11,L4,1,2018-09-05,left
E01147,张凤*,女,1992,2021-01-13,2025-12-13,vol,R02,D03,L4,0,2021-04-13,left
E01148,曹欣淑,女,2000,2024-01-27,,,,D03,L5,0,2024-04-26,active
E01149,周媛荣,女,2000,2022-04-20,,,,D01,L1,0,2022-07-19,active
E01150,孙雅萍,女,1992,2020-12-29,,,,D03,L5,1,2021-03-29,active
E01151,秦荣*,女,1998,2023-12-20,,,,D11,L2,0,2024-06-17,active
E01152,邹芬芝,女,1987,2019-06-20,,,,D11,L3,0,2019-09-18,active
E01153,钱杰*,女,1986,2019-11-20,,,,D07,L1,0,2020-05-18,active
E01154,郑芬*,男,1981,2020-07-15,2025-02-01,vol,R02,D04,L5,1,2020-10-13,left
E01155,卫涛凤,女,1982,2017-03-12,,,,D01,L4,0,2017-09-08,active
E01156,吴梅*,男,1991,2022-04-04,,,,D01,L3,0,2022-07-03,active
E01157,吕慧*,女,2001,2023-11-09,2025-06-29,vol,R04,D06,L4,1,2024-02-07,left
E01158,郑嘉环,男,1995,2017-01-20,2025-02-19,vol,R01,D01,L2,0,2017-07-19,left
E01159,姜月*,女,1972,2020-09-12,,,,D05,L1,0,2021-03-11,active
E01160,张凤*,男,1986,2024-11-14,,,,D01,L3,0,2025-02-12,active
E01161,喻凤*,男,1982,2018-07-04,2025-11-20,invol,R06,D09,L4,0,2018-10-02,left
E01162,许秀云,女,1988,2023-11-01,,,,D12,L2,0,2024-01-30,active
E01163,尤菊*,女,1992,2018-08-20,,,,D01,L4,1,2018-11-18,active
E01164,吕春娜,女,1985,2021-09-16,,,,D04,L2,0,2021-12-15,active
E01165,喻燕燕,男,1989,2024-10-09,,,,D01,L3,0,2025-04-07,active
E01166,李秀*,女,1993,2017-09-30,,,,D12,L2,0,2017-12-29,active
E01167,杨勇*,男,1991,2024-08-12,,,,D01,L1,0,2025-02-08,active
E01168,褚嘉*,女,1995,2020-02-20,,,,D03,L1,0,2020-05-20,active
E01169,孔静芳,女,1987,2018-04-28,,,,D02,L3,0,2018-07-27,active
E01170,严萍凡,男,1994,2021-02-16,,,,D01,L1,0,2021-05-17,active
E01171,孙雅丽,女,1999,2021-02-26,2025-08-14,invol,R06,D07,L3,0,2021-05-27,left
E01172,王芳*,男,1999,2024-07-06,,,,D02,L1,0,2024-10-04,active
E01173,金淑英,女,1990,2024-05-27,,,,D01,L2,0,2024-08-25,active
E01174,华莺*,男,1991,2018-05-29,2025-04-11,vol,R01,D08,L6,0,2018-08-27,left
E01175,谢军洁,男,1988,2021-10-01,2025-03-07,vol,R02,D02,L1,0,2021-12-30,left
E01176,金秀*,女,1996,2024-02-20,,,,D01,L7,0,2024-05-20,active
E01177,谢彩娜,女,1984,2017-07-15,,,,D01,L2,0,2017-10-13,active
E01178,谢娜欣,男,1990,2024-08-18,,,,D01,L1,0,2025-02-14,active
E01179,华萍娥,男,1996,2023-04-14,,,,D05,L1,0,2023-07-13,active
E01180,杨菊*,女,1984,2020-05-22,2025-08-08,invol,R08,D01,L2,0,2020-08-20,left
E01181,韩雪惠,男,1999,2023-11-20,,,,D03,L4,0,2024-05-18,active
E01182,郑静*,男,1990,2024-08-17,,,,D11,L1,0,2024-11-15,active
E01183,朱芝*,女,1990,2017-01-19,,,,D06,L2,0,2017-04-19,active
E01184,吕杰*,女,1988,2020-07-24,,,,D05,L2,0,2021-01-20,active
E01185,钱玲*,女,1983,2023-08-22,2025-03-06,invol,R07,D09,L3,0,2023-11-20,left
E01186,金翠静,男,1998,2024-11-19,,,,D01,L1,0,2025-02-17,active
E01187,褚媛*,女,1993,2024-02-01,,,,D01,L2,1,2024-07-30,active
E01188,郑妹*,男,2002,2024-04-09,,,,D09,L4,1,2024-07-08,active
E01189,吕香*,女,1999,2021-10-03,,,,D12,L3,0,2022-01-01,active
E01190,朱珠娜,男,1993,2021-05-08,2025-02-13,vol,R01,D01,L3,0,2021-08-06,left
E01191,邹涛真,女,1986,2019-05-25,,,,D11,L4,0,2019-08-23,active
E01192,李嘉洋,男,1996,2024-06-22,2025-05-03,vol,R03,D01,L5,0,2024-09-20,left
E01193,冯翠艳,男,1999,2021-08-18,,,,D03,L1,0,2022-02-14,active
E01194,秦凤*,女,1997,2024-10-01,,,,D07,L4,0,2024-12-30,active
E01195,陶杰*,男,1984,2020-03-28,2025-06-30,vol,R03,D11,L3,0,2020-06-26,left
E01196,何云佳,女,1985,2024-10-20,,,,D05,L3,0,2025-04-18,active
E01197,周华*,女,1987,2023-10-13,,,,D07,L3,0,2024-01-11,active
E01198,李伟玉,男,1981,2019-04-01,,,,D02,L1,0,2019-06-30,active
E01199,戚雅素,男,1990,2024-09-09,,,,D06,L1,0,2025-03-08,active
E01200,李雪*,男,1983,2018-11-19,2025-06-16,invol,R06,D03,L1,0,2019-02-17,left
E01201,谢娜*,男,1980,2021-06-01,,,,D01,L4,0,2021-11-28,active
E01202,赵红红,女,1988,2018-06-15,,,,D12,L1,0,2018-09-13,active
E01203,周环*,男,1984,2021-07-10,2025-03-14,invol,R07,D01,L2,1,2021-10-08,left
E01204,许雪*,女,1993,2020-02-18,2025-10-03,vol,R01,D01,L4,0,2020-05-18,left
E01205,孔芳莲,男,1981,2024-07-01,,,,D11,L1,0,2024-09-29,active
E01206,张凤*,女,1982,2022-12-19,,,,D01,L1,0,2023-03-19,active
E01207,谢佳娜,女,1993,2018-06-22,,,,D08,L4,0,2018-09-20,active
E01208,冯莺磊,男,1990,2021-06-11,,,,D06,L5,1,2021-09-09,active
E01209,施静萍,男,1990,2023-07-16,2025-01-24,vol,R02,D05,L5,0,2024-01-12,left
E01210,魏明*,女,1992,2019-11-12,,,,D05,L1,0,2020-02-10,active
E01211,严静勇,女,1994,2021-02-06,,,,D11,L3,0,2021-05-07,active
E01212,喻欣芳,未披露,1990,2021-11-27,,,,D11,L1,0,2022-05-26,active
E01213,赵玉兰,女,1997,2024-12-14,,,,D03,L3,0,2025-03-14,active
E01214,赵珠*,女,1987,2023-09-28,2025-01-25,vol,R05,D05,L3,0,2024-03-26,left
E01215,邹芳*,男,1985,2018-04-02,,,,D03,L3,0,2018-07-01,active
E01216,褚珠佳,男,1986,2018-09-17,,,,D01,L7,1,2019-03-16,active
E01217,谢雪丽,男,1981,2023-08-31,,,,D09,L5,0,2023-11-29,active
E01218,谢杰*,女,1985,2023-03-20,,,,D01,L2,0,2023-06-18,active
E01219,吴敏*,女,1992,2024-12-21,2025-03-12,invol,R06,D06,L5,1,2025-03-21,left
E01220,施强嘉,男,1988,2017-08-27,2025-08-22,invol,R09,D04,L1,0,2018-02-23,left
E01221,朱芳丽,女,2000,2024-08-04,,,,D01,L5,1,2025-01-31,active
E01222,喻欣*,女,1987,2021-06-16,,,,D01,L4,1,2021-09-14,active
E01223,张军芬,男,1995,2022-12-23,,,,D04,L4,0,2023-03-23,active
E01224,严云芳,女,1997,2022-05-06,2025-01-24,vol,R01,D09,L1,0,2022-08-04,left
E01225,杨英*,男,1992,2019-07-12,,,,D01,L4,1,2019-10-10,active
E01226,蒋娟*,女,1991,2021-12-12,,,,D08,L4,0,2022-06-10,active
E01227,陶华*,男,2002,2024-06-14,,,,D01,L2,0,2024-12-11,active
E01228,韩怡菊,女,1992,2017-04-26,,,,D06,L1,0,2017-07-25,active
E01229,尤伟雪,女,2001,2023-01-22,2025-06-08,vol,R03,D11,L3,0,2023-07-21,left
E01230,陈环梅,女,1995,2024-06-07,2025-01-01,vol,R03,D04,L2,0,2024-12-04,left
E01231,赵艳杰,女,1994,2020-07-09,,,,D06,L2,0,2021-01-05,active
E01232,王萍娥,女,1990,2024-06-13,2025-12-13,invol,R06,D03,L2,0,2024-12-10,left
E01233,韩伟*,女,1992,2021-03-07,2025-06-23,vol,R02,D10,L5,0,2021-06-05,left
E01234,蒋洋*,未披露,1975,2018-04-05,,,,D01,L1,0,2018-07-04,active
E01235,周菊*,男,1981,2018-11-29,,,,D03,L3,0,2019-02-27,active
E01236,李素*,女,1987,2020-10-21,2025-06-13,invol,R06,D08,L6,1,2021-01-19,left
E01237,严超洁,女,1992,2021-12-23,2025-05-13,invol,R08,D01,L6,0,2022-03-23,left
E01238,周红*,女,1989,2021-12-26,,,,D11,L6,0,2022-06-24,active
E01239,褚淑*,男,1985,2017-04-28,,,,D12,L6,1,2017-07-27,active
E01240,郑勇伟,男,1976,2021-08-01,2025-05-03,invol,R07,D02,L1,0,2022-01-28,left
E01241,蒋珠*,女,1994,2022-07-28,,,,D11,L3,0,2022-10-26,active
E01242,陈真*,男,1986,2023-06-04,,,,D01,L6,0,2023-09-02,active
E01243,陈莺凡,男,1991,2023-08-16,,,,D06,L1,0,2023-11-14,active
E01244,邹娜*,女,1989,2024-03-29,,,,D01,L3,0,2024-09-25,active
E01245,华雅玉,女,1993,2017-04-16,,,,D11,L4,0,2017-07-15,active
E01246,钱凡爱,男,1980,2020-04-20,,,,D03,L2,0,2020-07-19,active
E01247,陈芳*,女,2002,2024-07-22,,,,D01,L1,0,2025-01-18,active
E01248,曹琳*,男,1985,2024-09-27,,,,D02,L3,0,2024-12-26,active
E01249,冯菊月,男,1985,2017-09-07,,,,D07,L3,0,2017-12-06,active
E01250,尤娜超,女,1989,2021-06-06,,,,D11,L1,1,2021-09-04,active
E01251,朱佳超,女,1994,2023-04-21,,,,D02,L5,0,2023-07-20,active
E01252,邹佳*,女,1994,2020-12-16,,,,D09,L3,0,2021-03-16,active
E01253,邹娜*,男,1986,2020-02-28,,,,D05,L3,0,2020-05-28,active
E01254,邹凡*,男,1991,2019-04-21,2025-01-15,vol,R01,D01,L3,0,2019-07-20,left
E01255,孙春伟,男,1980,2017-11-24,,,,D03,L1,0,2018-02-22,active
E01256,张莲*,男,1998,2020-11-04,,,,D05,L5,0,2021-02-02,active
E01257,卫欣*,男,1990,2024-12-07,,,,D05,L4,1,2025-03-07,active
E01258,邹娥翠,男,1995,2023-02-03,,,,D11,L3,0,2023-05-04,active
E01259,邹凤艳,女,1988,2017-05-26,,,,D11,L1,0,2017-08-24,active
E01260,吕欣素,男,1988,2022-10-28,,,,D01,L6,0,2023-01-26,active
E01261,喻菊*,男,1985,2024-08-16,2025-04-10,vol,R01,D01,L3,0,2025-02-12,left
E01262,戚洋涛,男,1988,2020-04-27,2025-04-13,invol,R08,D01,L1,0,2020-07-26,left
E01263,沈真*,女,1996,2024-05-07,,,,D02,L1,0,2024-11-03,active
E01264,沈荣*,男,2000,2023-04-23,,,,D10,L1,0,2023-07-22,active
E01265,郑芬艳,男,1993,2023-11-24,,,,D01,L3,0,2024-02-22,active
E01266,喻磊超,女,1991,2022-04-14,,,,D07,L7,1,2022-07-13,active
E01267,吕爱*,女,2001,2023-01-24,,,,D12,L2,0,2023-04-24,active
E01268,褚秀*,女,1992,2021-03-17,,,,D02,L2,0,2021-06-15,active
E01269,尤美*,女,1993,2019-09-24,2025-10-31,vol,R02,D02,L6,0,2019-12-23,left
E01270,孙丽*,女,1987,2024-09-21,,,,D02,L1,0,2024-12-20,active
E01271,何春*,男,1990,2021-03-14,,,,D01,L5,1,2021-06-12,active
E01272,尤燕*,女,1985,2024-12-01,,,,D03,L2,0,2025-03-01,active
E01273,金霞芳,未披露,1999,2022-11-05,,,,D05,L5,1,2023-02-03,active
E01274,尤惠军,女,1993,2024-12-19,,,,D04,L7,0,2025-06-17,active
E01275,赵彩磊,女,1990,2021-08-04,2025-03-25,vol,R02,D02,L1,1,2022-01-31,left
E01276,施敏*,男,1991,2024-09-16,2025-10-26,invol,R08,D07,L2,0,2024-12-15,left
E01277,喻娥*,男,1987,2020-01-20,,,,D02,L2,0,2020-07-18,active
E01278,魏云芝,男,1981,2017-08-15,2025-03-09,vol,R05,D06,L1,0,2018-02-11,left
E01279,金珠娜,女,1982,2021-07-14,,,,D12,L1,0,2021-10-12,active
E01280,严巧爱,男,1995,2023-04-30,,,,D08,L6,0,2023-07-29,active
E01281,邹惠*,女,1982,2020-09-13,,,,D11,L2,0,2021-03-12,active
E01282,曹芳*,男,1983,2024-07-12,2025-04-26,vol,R03,D01,L4,1,2024-10-10,left
E01283,金伟*,女,1986,2018-06-04,2025-03-15,invol,R06,D01,L4,1,2018-09-02,left
E01284,王珠*,女,2002,2024-11-05,,,,D11,L3,0,2025-05-04,active
E01285,冯琳*,女,1994,2021-03-26,,,,D08,L1,0,2021-09-22,active
E01286,魏怡*,男,1991,2021-07-19,,,,D11,L1,0,2021-10-17,active
E01287,孙淑*,女,1992,2020-04-12,,,,D12,L3,0,2020-10-09,active
E01288,周洁慧,女,1988,2022-11-16,,,,D12,L5,0,2023-02-14,active
E01289,施敏*,男,1982,2017-10-16,,,,D01,L4,1,2018-01-14,active
E01290,严媛*,男,1981,2018-05-28,,,,D06,L3,0,2018-08-26,active
E01291,魏雪*,男,1987,2021-01-02,2025-06-07,vol,R01,D06,L1,1,2021-04-02,left
E01292,孙明静,男,1989,2021-01-13,,,,D03,L2,0,2021-07-12,active
E01293,蒋妹*,女,1986,2020-06-22,,,,D01,L3,1,2020-09-20,active
E01294,尤美*,女,1995,2024-03-25,,,,D02,L4,0,2024-06-23,active
E01295,孔超*,女,1984,2020-11-06,,,,D09,L2,0,2021-02-04,active
E01296,赵珠洁,女,1994,2018-08-22,,,,D01,L5,0,2018-11-20,active
E01297,邹琳*,男,1997,2024-12-20,,,,D01,L2,0,2025-03-20,active
E01298,陶强*,女,1987,2018-08-27,,,,D01,L5,1,2018-11-25,active
E01299,华娜*,男,1988,2023-12-09,,,,D01,L2,0,2024-03-08,active
E01300,赵翠芬,男,1983,2021-09-13,,,,D01,L1,1,2022-03-12,active
E01301,许军*,女,1999,2024-12-12,,,,D05,L5,0,2025-03-12,active
E01302,朱莺*,女,1989,2023-08-12,2025-06-01,invol,R08,D09,L1,0,2023-11-10,left
E01303,金环*,男,1986,2019-06-04,,,,D12,L4,0,2019-09-02,active
E01304,陈敏娟,男,1983,2024-11-27,,,,D12,L4,0,2025-02-25,active
E01305,尤琳玲,男,1992,2024-03-09,2025-05-22,vol,R02,D03,L4,1,2024-09-05,left
E01306,邹欣香,女,1990,2022-10-10,,,,D03,L1,0,2023-01-08,active
E01307,曹慧霞,男,1998,2023-10-31,,,,D11,L7,0,2024-04-28,active
E01308,陶娜*,男,1994,2022-06-27,,,,D12,L3,0,2022-12-24,active
E01309,姜莺*,女,1992,2022-07-25,,,,D01,L1,1,2022-10-23,active
E01310,秦伟*,男,1990,2020-07-13,,,,D06,L4,0,2021-01-09,active
E01311,曹欣翠,女,2002,2024-04-20,2025-04-19,vol,R05,D05,L2,0,2024-10-17,left
E01312,严云华,女,1991,2021-03-04,2025-06-19,vol,R05,D01,L2,0,2021-06-02,left
E01313,戚芳涛,女,1993,2024-11-05,2025-04-09,vol,R04,D12,L4,1,2025-02-03,left
E01314,钱珠*,男,1978,2020-01-07,,,,D03,L2,0,2020-04-06,active
E01315,朱杰勇,男,1999,2021-08-11,,,,D01,L3,0,2021-11-09,active
E01316,陈涛*,男,1982,2019-08-08,2025-02-18,vol,R05,D03,L3,1,2019-11-06,left
E01317,邹环燕,女,1974,2018-09-26,2025-04-26,invol,R08,D04,L3,0,2019-03-25,left
E01318,戚素*,女,1997,2024-07-24,2025-06-03,vol,R02,D01,L4,1,2025-01-20,left
E01319,蒋云燕,女,1993,2019-01-04,,,,D05,L3,0,2019-04-04,active
E01320,秦巧爱,女,1987,2020-08-23,,,,D04,L3,0,2021-02-19,active
E01321,施雅红,女,1978,2022-04-01,2025-12-02,vol,R03,D03,L2,0,2022-06-30,left
E01322,卫瑞*,男,1991,2021-04-04,,,,D11,L1,0,2021-07-03,active
E01323,曹娜*,女,1997,2021-06-11,2025-04-03,vol,R02,D01,L2,0,2021-12-08,left
E01324,朱爱*,男,1983,2022-07-25,,,,D03,L3,0,2022-10-23,active
E01325,杨雪*,男,1997,2024-10-30,,,,D04,L1,1,2025-01-28,active
E01326,孙妹*,男,1981,2017-05-08,2025-03-23,vol,R05,D01,L2,0,2017-08-06,left
E01327,沈涛玉,男,1992,2017-01-26,2025-01-26,vol,R01,D02,L3,0,2017-04-26,left
E01328,沈媛伟,未披露,1993,2021-01-30,,,,D02,L5,1,2021-04-30,active
E01329,秦燕*,男,2001,2023-10-13,2025-04-02,invol,R06,D01,L4,0,2024-01-11,left
E01330,周媛艳,女,1983,2020-08-11,2025-04-29,invol,R08,D11,L1,0,2020-11-09,left
E01331,赵环*,男,1994,2024-10-13,,,,D04,L4,1,2025-01-11,active
E01332,何娜云,男,1986,2024-10-01,,,,D12,L5,0,2024-12-30,active
E01333,许艳*,女,1999,2021-08-16,,,,D05,L3,0,2021-11-14,active
E01334,李艳玉,男,1993,2019-02-12,2025-10-12,vol,R03,D06,L3,0,2019-05-13,left
E01335,喻真*,男,1996,2020-03-04,,,,D02,L4,0,2020-06-02,active
E01336,赵强*,女,1992,2024-07-09,,,,D05,L2,0,2024-10-07,active
E01337,秦妹*,女,1992,2019-01-22,,,,D03,L2,0,2019-04-22,active
E01338,张瑞凤,男,1993,2022-06-29,,,,D04,L4,1,2022-09-27,active
E01339,杨素*,女,1988,2022-05-12,,,,D03,L3,0,2022-08-10,active
E01340,曹兰洁,男,1994,2024-06-26,,,,D01,L2,1,2024-09-24,active
E01341,华艳媛,男,1988,2020-03-02,,,,D02,L2,0,2020-08-29,active
E01342,郑艳*,男,1989,2023-05-28,,,,D12,L1,0,2023-08-26,active
E01343,郑媛真,女,1995,2017-06-12,,,,D07,L1,0,2017-09-10,active
E01344,金芳娥,女,1999,2021-06-13,,,,D03,L1,0,2021-12-10,active
E01345,沈欣*,女,1996,2022-09-13,2025-11-06,vol,R03,D07,L1,0,2022-12-12,left
E01346,李莺巧,男,1997,2023-03-10,,,,D01,L3,0,2023-09-06,active
E01347,秦强*,男,1995,2021-10-30,,,,D12,L1,0,2022-01-28,active
E01348,周涛*,女,1998,2020-07-30,,,,D01,L2,0,2020-10-28,active
E01349,吴香*,女,1994,2017-02-26,,,,D08,L6,0,2017-05-27,active
E01350,喻云洋,女,1999,2023-07-07,2025-12-18,vol,R01,D11,L1,0,2023-10-05,left
E01351,吕静*,男,1989,2024-12-09,,,,D05,L2,0,2025-03-09,active
E01352,韩彩*,男,1999,2023-12-09,,,,D10,L1,0,2024-03-08,active
E01353,华洁玲,男,1990,2019-04-09,,,,D01,L2,0,2019-10-06,active
E01354,张军*,男,1992,2017-06-25,,,,D06,L1,0,2017-12-22,active
E01355,王英*,男,1992,2019-04-23,,,,D12,L4,0,2019-07-22,active
E01356,戚华磊,女,1999,2021-08-10,,,,D02,L3,0,2021-11-08,active
E01357,吴云美,女,1982,2022-02-14,2025-03-11,vol,R05,D01,L4,0,2022-05-15,left
E01358,陈涛凡,男,1982,2020-08-04,,,,D01,L3,0,2021-01-31,active
E01359,沈巧*,男,1988,2024-05-10,,,,D01,L6,1,2024-08-08,active
E01360,华云*,女,1983,2024-03-27,,,,D11,L1,0,2024-06-25,active
E01361,蒋素*,女,1994,2020-10-04,,,,D01,L1,1,2021-04-02,active
E01362,戚强玲,男,1997,2019-11-13,,,,D03,L2,0,2020-05-11,active
E01363,郑静*,男,1990,2018-07-08,,,,D07,L7,0,2018-10-06,active
E01364,孔霞兰,男,1983,2019-08-19,2025-09-24,vol,R02,D01,L4,0,2019-11-17,left
E01365,吴艳翠,男,1986,2017-04-14,2025-03-06,vol,R01,D12,L3,1,2017-07-13,left
E01366,陶丽*,男,1991,2022-05-22,,,,D01,L3,0,2022-08-20,active
E01367,曹慧*,男,1986,2019-07-10,,,,D03,L2,1,2019-10-08,active
E01368,谢瑞洋,女,1985,2023-12-03,,,,D02,L3,0,2024-03-02,active
E01369,冯娜超,男,1986,2021-02-27,,,,D10,L5,0,2021-05-28,active
E01370,许勇伟,女,1998,2022-04-19,,,,D07,L3,0,2022-07-18,active
E01371,姜月*,女,1989,2021-05-04,2025-07-06,vol,R04,D01,L3,0,2021-08-02,left
E01372,喻英*,女,1997,2022-01-15,,,,D12,L4,0,2022-04-15,active
E01373,朱琳*,男,1997,2022-06-29,,,,D01,L3,0,2022-09-27,active
E01374,戚超*,男,1997,2023-03-02,,,,D04,L5,1,2023-05-31,active
E01375,吕雪*,女,1988,2018-05-22,2025-05-05,invol,R06,D01,L4,1,2018-08-20,left
E01376,喻菊玲,女,1989,2018-11-07,,,,D01,L2,0,2019-02-05,active
E01377,孔素*,男,1994,2021-10-04,,,,D01,L1,0,2022-01-02,active
E01378,赵美娟,女,1995,2017-08-02,,,,D12,L6,0,2017-10-31,active
E01379,蒋丽*,女,1990,2022-07-27,2025-01-08,invol,R07,D01,L4,0,2022-10-25,left
E01380,戚彩菊,男,1983,2024-12-10,,,,D06,L4,1,2025-03-10,active
E01381,朱玲涛,女,1996,2020-08-14,,,,D03,L1,0,2020-11-12,active
E01382,邹勇*,女,1983,2017-06-01,,,,D08,L6,1,2017-08-30,active
E01383,尤珠琳,男,2000,2023-04-14,2025-11-11,vol,R03,D03,L1,0,2023-07-13,left
E01384,秦妹*,男,1991,2018-04-15,,,,D03,L5,1,2018-07-14,active
E01385,韩云燕,女,1984,2021-07-16,,,,D03,L3,0,2021-10-14,active
E01386,曹琳*,男,1996,2024-11-12,,,,D02,L4,1,2025-02-10,active
E01387,何娟*,男,1982,2017-06-06,,,,D05,L3,0,2017-09-04,active
E01388,魏佳杰,男,1983,2024-11-24,2025-01-10,vol,R04,D05,L1,0,2025-05-23,left
E01389,曹素春,女,1999,2024-06-16,2025-09-04,invol,R08,D09,L4,0,2024-09-14,left
E01390,何梅磊,未披露,1991,2024-09-29,,,,D01,L5,0,2024-12-28,active
E01391,朱霞凤,男,1986,2020-02-26,,,,D01,L4,1,2020-08-24,active
E01392,喻强琳,男,1984,2017-06-16,,,,D05,L2,0,2017-09-14,active
E01393,赵惠明,男,1985,2020-06-20,,,,D01,L3,0,2020-09-18,active
E01394,周洋*,男,1987,2017-09-06,,,,D05,L3,0,2018-03-05,active
E01395,杨素凤,男,1995,2017-06-13,,,,D01,L6,1,2017-12-10,active
E01396,华磊*,女,2002,2024-10-23,2025-11-20,invol,R06,D03,L3,0,2025-01-21,left
E01397,蒋芬*,未披露,2001,2023-10-03,,,,D01,L1,0,2024-01-01,active
E01398,褚兰*,男,1988,2018-07-06,,,,D01,L2,0,2019-01-02,active
E01399,魏萍*,男,1982,2018-11-09,2025-05-22,vol,R03,D01,L1,0,2019-02-07,left
E01400,赵静荣,男,1987,2017-08-02,,,,D09,L1,1,2017-10-31,active
E01401,王艳*,女,2001,2023-11-03,,,,D03,L3,0,2024-02-01,active
E01402,魏兰香,男,1993,2020-12-11,2025-08-02,vol,R01,D02,L3,0,2021-06-09,left
E01403,杨荣美,女,1999,2024-03-25,,,,D08,L1,0,2024-09-21,active
E01404,钱超*,男,1997,2024-06-16,,,,D03,L1,0,2024-12-13,active
E01405,褚军*,男,1992,2023-03-12,,,,D11,L1,0,2023-06-10,active
E01406,王佳*,女,1991,2021-09-28,,,,D04,L4,1,2021-12-27,active
E01407,孔怡*,女,1997,2021-06-27,,,,D01,L6,0,2021-09-25,active
E01408,孔华*,女,1995,2023-11-24,2025-03-07,vol,R01,D05,L4,0,2024-02-22,left
E01409,赵强*,女,2001,2023-08-30,,,,D01,L1,0,2023-11-28,active
E01410,秦瑞珠,男,2002,2024-07-15,,,,D07,L6,0,2024-10-13,active
E01411,冯芳*,男,1983,2019-09-05,,,,D05,L5,0,2019-12-04,active
E01412,冯娟*,男,1994,2023-09-01,2025-08-08,invol,R06,D06,L1,1,2023-11-30,left
E01413,李洁雅,男,1997,2019-05-19,,,,D11,L2,0,2019-08-17,active
E01414,周娜艳,女,1985,2022-04-12,,,,D03,L1,0,2022-07-11,active
E01415,谢珠*,男,1995,2020-04-13,,,,D08,L5,1,2020-07-12,active
E01416,吴淑荣,女,1982,2018-09-03,,,,D03,L1,0,2018-12-02,active
E01417,孙莲*,女,1985,2022-12-29,2025-02-04,invol,R06,D03,L6,1,2023-06-27,left
E01418,朱燕霞,男,1992,2021-04-30,,,,D12,L1,0,2021-10-27,active
E01419,孔巧*,女,1992,2024-02-29,,,,D01,L2,0,2024-05-29,active
E01420,冯凤菊,男,1990,2024-07-06,,,,D01,L6,1,2025-01-02,active
E01421,郑雪*,女,1982,2020-04-23,,,,D01,L2,0,2020-10-20,active
E01422,喻凤秀,女,1990,2018-12-08,,,,D06,L3,0,2019-03-08,active
E01423,朱淑静,女,1990,2023-08-11,,,,D12,L1,0,2023-11-09,active
E01424,秦素莲,女,1988,2024-09-29,,,,D11,L3,0,2024-12-28,active
E01425,吕淑*,女,2000,2023-09-16,2025-06-07,vol,R04,D01,L4,0,2023-12-15,left
E01426,周妹*,男,1982,2018-07-12,,,,D02,L4,1,2018-10-10,active
E01427,许嘉*,男,1993,2023-03-09,,,,D02,L2,0,2023-06-07,active
E01428,金娜*,女,1991,2021-02-07,,,,D11,L2,1,2021-05-08,active
E01429,尤强红,男,1994,2018-05-27,,,,D05,L7,0,2018-08-25,active
E01430,李香翠,女,1980,2018-02-06,,,,D05,L2,0,2018-05-07,active
E01431,褚英勇,男,1999,2024-08-31,,,,D02,L2,0,2024-11-29,active
E01432,秦美*,男,2001,2024-09-02,,,,D11,L1,0,2025-03-01,active
E01433,钱欣*,女,1995,2023-09-27,2025-10-28,vol,R01,D02,L1,0,2024-03-25,left
E01434,严静*,男,1993,2024-06-01,,,,D01,L1,0,2024-08-30,active
E01435,钱素*,女,1997,2024-11-02,2025-02-19,invol,R06,D03,L1,0,2025-01-31,left
E01436,卫春*,男,1998,2024-11-30,,,,D10,L4,1,2025-02-28,active
E01437,谢艳*,男,1982,2022-07-15,2025-03-25,vol,R02,D01,L1,1,2023-01-11,left
E01438,卫敏娜,女,1995,2024-07-21,,,,D04,L2,0,2025-01-17,active
E01439,沈芝*,男,1995,2022-01-31,,,,D01,L3,0,2022-05-01,active
E01440,赵芬*,女,1996,2018-12-26,,,,D03,L1,0,2019-03-26,active
E01441,陶真*,女,1987,2018-02-23,,,,D01,L2,0,2018-08-22,active
E01442,褚淑*,男,1989,2024-11-19,,,,D01,L2,0,2025-05-18,active
E01443,喻娜凡,男,1987,2024-05-27,,,,D03,L3,0,2024-08-25,active
E01444,金红*,女,2000,2022-06-29,,,,D06,L1,0,2022-09-27,active
E01445,朱华*,男,1988,2024-01-20,,,,D12,L1,0,2024-04-19,active
E01446,孔娜凤,女,1982,2021-05-06,,,,D01,L1,0,2021-08-04,active
E01447,王磊*,女,1994,2018-01-31,2025-06-07,vol,R01,D06,L5,0,2018-07-30,left
E01448,王菊*,女,2000,2023-11-26,,,,D11,L1,1,2024-02-24,active
E01449,陶琳*,男,1979,2019-05-26,2025-03-11,invol,R06,D02,L3,0,2019-11-22,left
E01450,周素*,男,1988,2022-02-22,,,,D12,L3,0,2022-08-21,active
E01451,沈菊*,男,1995,2024-10-02,2025-09-30,vol,R01,D03,L3,0,2024-12-31,left
E01452,赵洋凡,女,1986,2024-11-05,,,,D01,L1,0,2025-05-04,active
E01453,魏月*,男,1992,2024-09-14,,,,D04,L4,0,2024-12-13,active
E01454,卫超*,女,1989,2024-04-27,,,,D03,L1,0,2024-10-24,active
E01455,沈彩*,女,1984,2022-04-12,,,,D05,L2,0,2022-07-11,active
E01456,吕娜*,男,1993,2022-11-25,,,,D01,L6,1,2023-05-24,active
E01457,魏芬*,女,1989,2021-03-10,,,,D06,L2,1,2021-06-08,active
E01458,姜环*,男,1998,2022-07-30,,,,D03,L2,0,2023-01-26,active
E01459,吕静*,男,1989,2023-06-14,,,,D01,L2,0,2023-09-12,active
E01460,卫莺*,男,1981,2024-01-10,2025-09-08,vol,R03,D01,L4,0,2024-04-09,left
E01461,施涛*,男,1991,2024-06-22,,,,D01,L3,0,2024-09-20,active
E01462,谢兰洁,男,1985,2024-02-07,,,,D02,L1,0,2024-05-07,active
E01463,朱洋彩,女,1991,2022-06-28,,,,D05,L6,0,2022-09-26,active
E01464,金芬*,男,1999,2021-02-21,,,,D11,L4,0,2021-05-22,active
E01465,沈怡娥,男,1989,2021-09-15,,,,D01,L3,0,2021-12-14,active
E01466,孙艳*,男,1979,2017-04-28,,,,D06,L1,0,2017-10-25,active
E01467,孙玉*,女,1998,2024-02-25,2025-12-12,vol,R01,D02,L4,0,2024-08-23,left
E01468,陈梅*,男,1989,2022-12-04,,,,D08,L3,0,2023-06-02,active
E01469,陶伟妹,女,1983,2018-06-19,,,,D12,L3,1,2018-09-17,active
E01470,朱菊*,女,1996,2021-04-25,,,,D01,L1,1,2021-07-24,active
E01471,冯静静,男,1983,2017-09-08,,,,D02,L1,0,2017-12-07,active
E01472,严佳真,女,1996,2023-09-28,2025-05-22,invol,R06,D08,L1,0,2023-12-27,left
E01473,秦云强,女,1985,2024-11-26,2025-12-11,vol,R01,D01,L4,0,2025-02-24,left
E01474,孙燕*,男,1990,2020-06-20,2025-03-13,invol,R08,D02,L2,0,2020-09-18,left
E01475,卫香慧,女,1985,2021-08-18,,,,D01,L3,0,2021-11-16,active
E01476,郑珠*,女,1977,2017-01-09,,,,D01,L1,1,2017-04-09,active
E01477,赵霞英,男,1985,2024-02-23,,,,D08,L3,0,2024-05-23,active
E01478,沈磊*,男,1989,2023-02-27,2025-10-07,vol,R01,D11,L4,0,2023-05-28,left
E01479,孙超*,女,1990,2021-06-19,,,,D03,L1,0,2021-12-16,active
E01480,冯芳*,男,1987,2019-02-28,,,,D02,L4,0,2019-05-29,active
E01481,姜菊雪,女,2000,2022-08-29,2025-09-27,invol,R07,D01,L6,0,2022-11-27,left
E01482,金华媛,男,1990,2018-06-27,,,,D05,L2,0,2018-09-25,active
E01483,曹芬佳,男,1988,2018-05-25,,,,D06,L6,1,2018-08-23,active
E01484,卫杰*,女,1991,2023-11-08,,,,D04,L2,1,2024-02-06,active
E01485,李洋*,男,1996,2021-08-31,,,,D01,L3,0,2021-11-29,active
E01486,朱梅*,女,2001,2023-07-31,,,,D02,L6,0,2023-10-29,active
E01487,卫慧*,男,1980,2022-01-05,2025-08-06,vol,R04,D10,L4,1,2022-04-05,left
E01488,孔静伟,男,2002,2024-08-12,,,,D06,L2,0,2024-11-10,active
E01489,戚兰*,男,2002,2024-02-16,,,,D03,L1,0,2024-05-16,active
E01490,何静香,女,1989,2024-12-17,,,,D03,L2,0,2025-03-17,active
E01491,秦娜*,男,1989,2018-01-12,2025-08-05,vol,R01,D03,L5,1,2018-04-12,left
E01492,邹勇*,女,1996,2024-04-20,,,,D05,L1,1,2024-07-19,active
E01493,沈丽*,男,1993,2023-01-05,,,,D02,L6,0,2023-07-04,active
E01494,卫芳娜,男,1989,2022-09-26,2025-12-04,vol,R01,D01,L3,0,2022-12-25,left
E01495,韩丽*,女,1984,2023-04-02,2025-10-20,invol,R07,D04,L2,0,2023-07-01,left
E01496,卫洋*,男,1992,2024-01-02,2025-09-30,vol,R05,D02,L3,0,2024-04-01,left
E01497,赵娟涛,女,1982,2018-04-03,,,,D04,L3,0,2018-07-02,active
E01498,赵丽美,男,1996,2021-08-15,,,,D04,L3,0,2022-02-11,active
E01499,曹芬环,女,1995,2017-09-19,2025-06-05,invol,R06,D07,L3,0,2018-03-18,left
E01500,陈妹美,女,1992,2024-07-25,,,,D01,L1,0,2024-10-23,active
E01501,姜嘉涛,男,1990,2023-06-24,,,,D01,L1,0,2023-09-22,active
E01502,谢杰嘉,女,1988,2022-05-20,,,,D06,L3,0,2022-08-18,active
E01503,李伟*,男,1996,2021-07-18,,,,D01,L4,1,2021-10-16,active
E01504,何美*,男,1990,2023-03-21,,,,D11,L5,0,2023-06-19,active
E01505,李磊*,女,1990,2024-12-21,,,,D04,L4,0,2025-06-19,active
E01506,戚莲惠,女,1983,2019-07-31,,,,D01,L1,0,2020-01-27,active
E01507,曹美*,男,1996,2018-02-05,,,,D01,L6,0,2018-08-04,active
E01508,蒋翠华,女,1997,2019-05-23,,,,D01,L1,0,2019-11-19,active
E01509,钱环艳,男,1987,2021-11-20,,,,D03,L4,1,2022-02-18,active
E01510,邹怡*,女,1984,2024-11-06,2025-09-24,vol,R01,D05,L5,1,2025-02-04,left
E01511,施荣玉,男,1997,2019-05-28,,,,D04,L1,0,2019-08-26,active
E01512,曹云*,女,1998,2020-07-07,,,,D05,L3,0,2020-10-05,active
E01513,戚慧*,女,1998,2022-11-23,,,,D01,L1,0,2023-02-21,active
E01514,钱霞*,男,1983,2022-06-16,,,,D03,L2,0,2022-09-14,active
E01515,赵月*,女,1995,2022-08-24,,,,D06,L3,0,2022-11-22,active
E01516,蒋佳涛,女,1983,2023-02-06,,,,D03,L2,0,2023-08-05,active
E01517,孔芳敏,女,1991,2018-09-16,,,,D01,L3,0,2018-12-15,active
E01518,褚明静,女,1983,2019-03-22,,,,D01,L3,0,2019-06-20,active
E01519,朱梅*,男,2000,2022-04-15,2025-12-18,invol,R06,D08,L1,1,2022-07-14,left
E01520,许芝媛,女,1992,2018-04-20,,,,D01,L5,0,2018-07-19,active
E01521,李伟*,女,1990,2021-06-23,,,,D06,L6,0,2021-12-20,active
E01522,施莲*,女,1988,2022-09-18,,,,D04,L4,0,2022-12-17,active
E01523,钱明*,女,1988,2022-06-09,,,,D01,L2,0,2022-12-06,active
E01524,王强*,男,1992,2019-02-12,,,,D11,L4,1,2019-08-11,active
E01525,曹素*,女,1981,2017-05-06,,,,D11,L1,0,2017-08-04,active
E01526,陶秀*,男,1991,2019-04-10,,,,D03,L5,1,2019-07-09,active
E01527,钱红*,男,1982,2017-09-02,,,,D03,L6,0,2017-12-01,active
E01528,韩翠*,男,1989,2020-04-09,,,,D03,L1,0,2020-07-08,active
E01529,杨真*,女,1993,2024-06-25,,,,D01,L5,1,2024-09-23,active
E01530,姜慧*,男,1984,2018-05-25,2025-05-23,vol,R01,D01,L4,0,2018-11-21,left
E01531,施秀春,男,1993,2020-11-20,,,,D01,L1,0,2021-02-18,active
E01532,李欣强,男,1997,2021-11-30,,,,D02,L1,0,2022-02-28,active
E01533,金欣芳,男,2001,2023-10-07,,,,D01,L3,0,2024-01-05,active
E01534,朱芳惠,女,1990,2022-04-08,,,,D08,L4,1,2022-07-07,active
E01535,杨怡娜,男,1988,2021-11-19,,,,D03,L1,1,2022-02-17,active
E01536,卫艳*,女,1989,2022-02-21,2025-09-11,invol,R08,D01,L4,1,2022-05-22,left
E01537,沈菊艳,男,1987,2021-06-26,,,,D09,L2,0,2021-09-24,active
E01538,尤玲凡,女,1992,2024-11-02,,,,D01,L1,0,2025-01-31,active
E01539,冯萍妹,女,1997,2019-09-22,,,,D01,L7,1,2020-03-20,active
E01540,喻凤*,女,1982,2021-02-27,,,,D04,L4,0,2021-05-28,active
E01541,褚芳*,男,1989,2017-09-28,,,,D07,L2,0,2018-03-27,active
E01542,张霞*,女,1998,2021-10-12,,,,D11,L5,0,2022-01-10,active
E01543,李美*,女,1996,2022-01-01,,,,D02,L6,0,2022-06-30,active
E01544,金勇*,女,1984,2020-12-15,,,,D11,L5,0,2021-03-15,active
E01545,褚怡怡,女,1983,2017-11-29,,,,D01,L4,1,2018-02-27,active
E01546,王勇瑞,男,2002,2024-01-22,2025-12-13,vol,R02,D09,L3,1,2024-07-20,left
E01547,褚娟*,女,1986,2017-08-03,,,,D04,L4,0,2018-01-30,active
E01548,何佳*,女,1988,2018-06-25,,,,D01,L1,0,2018-09-23,active
E01549,王芝勇,女,1988,2017-06-10,,,,D01,L3,0,2017-09-08,active
E01550,王玉丽,女,1994,2021-08-24,2025-12-28,vol,R02,D04,L2,0,2021-11-22,left
E01551,许珠惠,女,1987,2023-04-12,,,,D03,L1,0,2023-10-09,active
E01552,吴珠嘉,男,1994,2017-09-16,,,,D06,L2,0,2018-03-15,active
E01553,华艳*,男,1999,2023-11-09,,,,D12,L3,0,2024-05-07,active
E01554,卫梅*,男,1999,2023-10-29,,,,D11,L2,0,2024-01-27,active
E01555,卫月*,女,1999,2023-07-23,,,,D01,L5,0,2023-10-21,active
E01556,孔萍*,男,1995,2020-08-04,,,,D09,L5,1,2020-11-02,active
E01557,许雪丽,未披露,1996,2018-02-15,,,,D12,L3,0,2018-05-16,active
E01558,陈瑞*,女,1990,2024-11-16,2025-02-19,vol,R01,D03,L1,0,2025-02-14,left
E01559,何珠雪,男,1991,2021-11-21,,,,D04,L1,1,2022-02-19,active
E01560,赵美*,女,1986,2021-12-29,2025-11-16,vol,R02,D04,L5,0,2022-03-29,left
E01561,吕月*,女,1990,2021-11-16,,,,D01,L5,0,2022-05-15,active
E01562,孔娥静,女,1999,2024-12-06,,,,D01,L6,0,2025-06-04,active
E01563,韩珠*,男,1987,2019-07-22,,,,D07,L3,0,2019-10-20,active
E01564,施静*,男,1981,2018-11-04,2025-03-20,invol,R07,D05,L1,0,2019-05-03,left
E01565,褚雅静,男,1990,2024-11-30,,,,D06,L1,0,2025-02-28,active
E01566,姜娥*,男,1988,2022-04-17,2025-04-02,invol,R06,D01,L1,0,2022-07-16,left
E01567,陈英莺,女,1988,2017-01-05,,,,D01,L2,0,2017-04-05,active
E01568,沈娜*,女,1992,2021-06-17,2025-01-13,vol,R01,D01,L7,0,2021-09-15,left
E01569,邹强*,男,1989,2024-06-13,,,,D02,L3,0,2024-09-11,active
E01570,褚磊华,男,2002,2024-08-28,,,,D08,L3,1,2024-11-26,active
E01571,邹敏*,男,1989,2023-04-03,,,,D03,L1,0,2023-07-02,active
E01572,赵敏珠,男,2002,2024-12-08,2025-05-21,vol,R02,D05,L1,0,2025-03-08,left
E01573,戚媛莲,女,1987,2019-08-19,,,,D03,L1,0,2019-11-17,active
E01574,王凡*,男,1991,2024-12-08,,,,D01,L6,0,2025-03-08,active
E01575,许芳超,男,1994,2022-03-12,,,,D01,L7,1,2022-06-10,active
E01576,吴英娜,男,1984,2020-08-25,2025-01-27,invol,R07,D05,L1,0,2020-11-23,left
E01577,何杰*,女,1988,2018-11-15,,,,D01,L3,0,2019-02-13,active
E01578,冯娥梅,女,1989,2020-07-25,2025-04-12,invol,R09,D05,L4,0,2021-01-21,left
E01579,华环芬,女,1982,2024-07-12,,,,D07,L3,0,2024-10-10,active
E01580,严超*,男,1978,2018-03-31,,,,D06,L2,1,2018-09-27,active
E01581,吴涛瑞,男,1995,2024-12-12,,,,D02,L4,0,2025-03-12,active
E01582,蒋真超,男,1991,2022-06-29,,,,D09,L3,0,2022-09-27,active
E01583,韩欣*,女,1991,2017-03-19,,,,D01,L6,1,2017-06-17,active
E01584,陈芳*,男,1990,2020-01-05,2025-04-28,invol,R06,D02,L7,0,2020-04-04,left
E01585,王伟*,女,2001,2024-11-23,2025-09-06,vol,R01,D04,L4,0,2025-02-21,left
E01586,吴莲华,男,1986,2024-09-15,2025-05-30,invol,R06,D09,L4,1,2025-03-14,left
E01587,孙莲*,女,1997,2021-12-25,,,,D08,L4,1,2022-03-25,active
E01588,朱莲*,女,1994,2021-08-06,,,,D01,L5,0,2021-11-04,active
E01589,金勇怡,男,1985,2017-04-10,,,,D11,L5,1,2017-07-09,active
E01590,许华静,女,1983,2020-06-20,,,,D05,L4,0,2020-09-18,active
E01591,朱芬娥,男,1993,2024-10-19,2025-04-18,invol,R09,D11,L1,0,2025-04-17,left
E01592,钱秀艳,男,1987,2024-06-13,,,,D06,L3,0,2024-09-11,active
E01593,陈静*,男,2002,2024-06-26,,,,D03,L6,1,2024-12-23,active
E01594,蒋雪*,女,1998,2023-10-02,,,,D12,L2,0,2023-12-31,active
E01595,吕娟*,男,1979,2017-01-21,,,,D06,L7,0,2017-04-21,active
E01596,王静*,男,1984,2019-04-08,,,,D05,L2,0,2019-10-05,active
E01597,卫淑超,男,1986,2023-09-23,,,,D04,L3,0,2023-12-22,active
E01598,邹素*,男,1986,2020-11-02,,,,D07,L1,0,2021-01-31,active
E01599,金荣燕,男,1995,2023-04-29,2025-03-20,vol,R05,D03,L2,0,2023-07-28,left
E01600,沈彩*,男,2002,2024-08-25,,,,D01,L1,0,2024-11-23,active
E01601,冯月娜,男,1983,2021-06-07,2025-12-16,vol,R05,D03,L1,0,2021-09-05,left
E01602,曹华玲,女,1991,2021-11-10,,,,D12,L2,0,2022-02-08,active
E01603,尤媛*,女,1996,2020-11-09,2025-10-05,vol,R04,D01,L3,0,2021-05-08,left
E01604,戚燕*,男,1989,2024-10-31,,,,D03,L1,0,2025-01-29,active
E01605,孔华华,男,1994,2024-06-12,2025-08-28,invol,R08,D01,L1,0,2024-12-09,left
E01606,卫娜玲,女,1987,2022-07-04,,,,D08,L4,0,2022-10-02,active
E01607,华雅*,男,1991,2024-07-10,,,,D02,L3,0,2024-10-08,active
E01608,严娜环,女,1985,2023-07-26,,,,D01,L4,0,2023-10-24,active
E01609,秦勇娜,未披露,1992,2024-09-07,2025-05-24,vol,R01,D01,L5,1,2024-12-06,left
E01610,杨凡*,男,1986,2020-01-26,,,,D07,L4,0,2020-04-25,active
E01611,李勇*,男,1985,2024-11-14,,,,D01,L1,0,2025-05-13,active
E01612,郑莺荣,女,1990,2024-01-24,2025-02-14,vol,R02,D01,L1,0,2024-04-23,left
E01613,李佳*,女,1978,2018-03-28,,,,D05,L3,0,2018-09-24,active
E01614,王洋*,女,1972,2017-03-19,,,,D03,L2,0,2017-06-17,active
E01615,赵媛*,男,1984,2021-09-16,2025-10-20,vol,R04,D03,L3,0,2021-12-15,left
E01616,戚涛媛,男,1992,2019-12-20,,,,D06,L2,0,2020-03-19,active
E01617,蒋瑞*,女,1996,2018-02-13,,,,D01,L1,0,2018-05-14,active
E01618,喻琳莺,女,2000,2022-08-18,,,,D11,L1,0,2022-11-16,active
E01619,卫慧明,男,1991,2024-12-05,,,,D03,L4,1,2025-03-05,active
E01620,曹媛*,女,1989,2017-01-12,,,,D08,L2,0,2017-04-12,active
E01621,陈艳*,女,1987,2023-01-30,,,,D07,L7,0,2023-04-30,active
E01622,孙怡慧,男,1982,2018-11-18,2025-09-22,vol,R04,D02,L2,0,2019-02-16,left
E01623,韩敏*,女,1983,2019-09-03,,,,D11,L2,0,2019-12-02,active
E01624,张洋*,女,1996,2021-01-30,,,,D06,L2,0,2021-04-30,active
E01625,吕雅*,女,1997,2019-12-24,,,,D11,L1,1,2020-03-23,active
E01626,陈瑞*,女,1987,2024-12-20,,,,D08,L1,0,2025-03-20,active
E01627,邹洋凡,男,1987,2018-07-28,,,,D02,L4,1,2018-10-26,active
E01628,陈云丽,女,1987,2023-12-05,,,,D07,L2,0,2024-03-04,active
E01629,张玲*,女,1987,2022-04-10,,,,D03,L2,0,2022-10-07,active
E01630,王琳*,男,1992,2023-01-25,,,,D01,L2,0,2023-04-25,active
E01631,韩欣*,女,1999,2021-08-25,,,,D01,L1,0,2021-11-23,active
E01632,李慧兰,男,1986,2018-11-29,,,,D01,L2,0,2019-02-27,active
E01633,严爱*,女,1986,2020-04-05,,,,D01,L3,0,2020-07-04,active
E01634,吕惠环,男,1994,2022-12-12,,,,D03,L6,0,2023-03-12,active
E01635,朱怡怡,男,2000,2024-07-10,2025-06-11,vol,R01,D12,L1,0,2024-10-08,left
E01636,施敏英,女,1993,2023-12-16,,,,D03,L4,0,2024-03-15,active
E01637,何雪*,女,1995,2017-06-17,2025-10-28,invol,R08,D07,L4,0,2017-09-15,left
E01638,钱芝欣,男,1986,2021-12-13,,,,D01,L1,0,2022-03-13,active
E01639,陈艳*,女,1985,2022-02-19,,,,D07,L1,0,2022-05-20,active
E01640,华巧*,女,1980,2018-10-15,,,,D02,L2,0,2019-01-13,active
E01641,郑爱芳,男,1987,2021-08-05,2025-12-10,vol,R02,D01,L3,0,2021-11-03,left
E01642,喻芳*,女,1999,2024-04-13,,,,D12,L4,1,2024-10-10,active
E01643,钱珠勇,男,1984,2020-05-03,,,,D03,L1,0,2020-08-01,active
E01644,蒋惠*,女,1985,2018-03-29,,,,D09,L4,1,2018-06-27,active
E01645,华芝伟,女,1979,2017-11-22,2025-10-10,invol,R06,D04,L2,0,2018-05-21,left
E01646,喻菊*,女,2002,2024-11-26,,,,D05,L2,0,2025-05-25,active
E01647,王莲*,女,1986,2023-12-23,,,,D05,L3,0,2024-06-20,active
E01648,吕巧*,男,1989,2019-05-26,2025-11-13,invol,R07,D01,L6,0,2019-08-24,left
E01649,邹妹*,男,1994,2024-02-03,2025-08-09,vol,R01,D01,L1,0,2024-05-03,left
E01650,郑巧巧,女,1994,2017-01-16,,,,D01,L1,1,2017-04-16,active
E01651,韩美洁,女,1991,2022-12-25,2025-03-24,vol,R05,D12,L1,0,2023-03-25,left
E01652,吕洁磊,男,1992,2024-04-20,,,,D01,L1,0,2024-07-19,active
E01653,喻芬惠,男,1990,2023-12-24,,,,D05,L1,0,2024-03-23,active
E01654,冯伟敏,男,2001,2023-11-15,,,,D02,L1,0,2024-02-13,active
E01655,李霞真,男,1980,2021-08-03,,,,D01,L1,0,2021-11-01,active
E01656,蒋洋*,女,1979,2021-01-26,,,,D02,L1,0,2021-04-26,active
E01657,吕杰娜,男,2002,2024-05-22,,,,D03,L3,1,2024-11-18,active
E01658,秦媛*,男,1999,2023-12-13,,,,D06,L4,0,2024-03-12,active
E01659,韩敏*,女,1992,2023-11-02,,,,D05,L3,0,2024-04-30,active
E01660,郑军*,男,1986,2018-04-21,,,,D01,L1,0,2018-07-20,active
E01661,李怡瑞,男,1994,2024-12-25,,,,D11,L3,0,2025-03-25,active
E01662,冯华佳,女,1997,2024-06-16,,,,D04,L1,0,2024-09-14,active
E01663,邹艳*,女,1995,2023-10-20,,,,D03,L1,0,2024-01-18,active
E01664,喻妹*,女,1988,2018-11-01,,,,D02,L5,1,2019-01-30,active
E01665,施欣*,女,1988,2023-03-11,,,,D09,L5,0,2023-06-09,active
E01666,戚娥*,女,1994,2023-05-05,,,,D01,L2,0,2023-08-03,active
E01667,曹巧美,女,1988,2024-04-27,,,,D01,L2,0,2024-10-24,active
E01668,褚燕*,男,1995,2019-07-25,,,,D04,L4,1,2019-10-23,active
E01669,尤美芳,女,1976,2019-07-17,,,,D05,L4,0,2019-10-15,active
E01670,吕强琳,男,1980,2018-10-16,,,,D06,L2,0,2019-04-14,active
E01671,韩玉*,女,1987,2022-02-21,,,,D01,L1,0,2022-05-22,active
E01672,赵丽*,女,1993,2024-07-01,,,,D01,L1,0,2024-09-29,active
E01673,陶妹真,男,1992,2022-04-18,,,,D02,L4,0,2022-10-15,active
E01674,吴霞英,女,1990,2023-02-19,2025-04-13,invol,R06,D10,L1,0,2023-05-20,left
E01675,华燕*,女,1987,2024-02-12,,,,D01,L4,1,2024-05-12,active
E01676,孔怡*,男,1987,2023-02-24,2025-12-30,vol,R02,D12,L4,0,2023-05-25,left
E01677,周媛*,女,1994,2022-08-07,,,,D02,L6,0,2023-02-03,active
E01678,孙巧*,女,1988,2016-12-28,,,,D01,L3,0,2017-03-28,active
E01679,孔萍*,女,1986,2019-06-10,,,,D07,L2,1,2019-09-08,active
E01680,冯荣丽,女,1988,2023-01-28,,,,D02,L2,0,2023-07-27,active
E01681,戚凤春,女,1994,2024-02-21,2025-05-08,vol,R01,D03,L6,0,2024-05-21,left
E01682,孙翠*,男,1983,2022-11-02,2025-01-21,invol,R07,D01,L4,1,2023-05-01,left
E01683,秦珠*,女,1992,2022-01-06,,,,D03,L2,0,2022-04-06,active
E01684,严莺*,女,1995,2021-07-28,,,,D11,L6,0,2021-10-26,active
E01685,孙磊*,男,1989,2017-11-01,2025-06-13,invol,R06,D03,L3,0,2018-01-30,left
E01686,喻莲*,男,1982,2021-04-18,,,,D12,L3,0,2021-07-17,active
E01687,戚玉*,男,1985,2019-08-06,2025-04-13,vol,R02,D03,L1,0,2019-11-04,left
E01688,喻秀*,女,1992,2020-06-24,2025-05-19,invol,R08,D01,L2,0,2020-12-21,left
E01689,华兰*,女,1986,2018-07-04,,,,D07,L4,0,2018-10-02,active
E01690,褚嘉佳,女,2002,2024-11-07,,,,D07,L3,0,2025-02-05,active
E01691,冯明磊,女,2001,2024-12-07,2025-05-18,vol,R01,D01,L5,0,2025-03-07,left
E01692,曹惠*,女,1998,2020-02-23,,,,D01,L2,1,2020-05-23,active
E01693,卫嘉勇,女,1994,2019-06-25,,,,D06,L2,0,2019-09-23,active
E01694,沈雅*,男,1999,2021-08-24,,,,D03,L3,0,2021-11-22,active
E01695,邹芝艳,女,1995,2024-12-17,,,,D06,L2,0,2025-03-17,active
E01696,严香*,女,1988,2023-04-12,,,,D03,L1,0,2023-10-09,active
E01697,韩嘉玲,男,1985,2020-11-22,,,,D05,L3,0,2021-05-21,active
E01698,邹涛*,女,1993,2024-11-09,2025-11-17,vol,R04,D03,L4,0,2025-02-07,left
E01699,李娟*,男,1991,2022-11-29,,,,D10,L5,0,2023-05-28,active
E01700,金丽*,女,1986,2019-12-02,2025-02-28,vol,R02,D01,L3,0,2020-03-01,left
E01701,周月*,男,1995,2024-05-10,,,,D01,L1,0,2024-08-08,active
E01702,谢菊敏,男,1986,2017-07-24,,,,D06,L5,1,2017-10-22,active
E01703,吴洋*,女,1979,2024-05-31,2025-07-05,invol,R07,D01,L1,0,2024-08-29,left
E01704,曹真*,女,1993,2020-03-29,,,,D04,L2,0,2020-09-25,active
E01705,朱玲*,女,1996,2018-09-18,,,,D02,L5,0,2018-12-17,active
E01706,赵勇*,男,1991,2024-03-27,,,,D07,L3,0,2024-06-25,active
E01707,陈翠*,男,1993,2020-07-04,,,,D07,L2,0,2020-10-02,active
E01708,孔香*,男,1991,2017-12-15,,,,D11,L5,1,2018-03-15,active
E01709,朱佳霞,女,1988,2022-12-19,,,,D08,L2,0,2023-06-17,active
E01710,戚英*,女,1996,2023-09-02,,,,D11,L5,0,2023-12-01,active
E01711,孙云*,男,1994,2023-11-01,,,,D03,L7,0,2024-01-30,active
E01712,卫秀萍,男,1998,2022-09-05,2025-01-20,invol,R06,D01,L2,0,2023-03-04,left
E01713,严美*,女,1989,2024-03-20,,,,D02,L2,0,2024-09-16,active
E01714,喻玉*,女,1986,2021-02-17,,,,D07,L1,0,2021-05-18,active
E01715,赵燕*,女,1994,2018-06-11,,,,D01,L3,0,2018-12-08,active
E01716,谢静勇,女,1989,2021-10-02,,,,D01,L4,1,2021-12-31,active
E01717,陈军彩,女,1994,2024-12-28,,,,D07,L6,0,2025-06-26,active
E01718,姜菊*,男,1986,2018-05-15,2025-11-17,vol,R02,D05,L2,0,2018-08-13,left
E01719,冯芳兰,女,1998,2024-06-25,,,,D05,L3,0,2024-09-23,active
E01720,姜爱*,男,1991,2024-05-23,,,,D12,L2,0,2024-08-21,active
E01721,孙素*,女,1995,2017-08-04,2025-09-05,vol,R01,D01,L3,1,2018-01-31,left
E01722,郑欣*,男,1984,2022-03-01,,,,D02,L6,0,2022-05-30,active
E01723,朱明春,女,1992,2020-07-23,,,,D01,L2,1,2020-10-21,active
E01724,姜淑洋,男,1982,2024-02-23,2025-12-28,vol,R03,D03,L2,0,2024-05-23,left
E01725,周淑*,男,2001,2024-10-21,,,,D02,L6,0,2025-01-19,active
E01726,赵娥*,女,1993,2019-10-26,,,,D01,L2,0,2020-01-24,active
E01727,严菊*,女,1991,2021-09-01,2025-02-01,vol,R02,D07,L6,1,2022-02-28,left
E01728,吴艳巧,女,1989,2022-03-19,2025-06-06,vol,R05,D11,L4,1,2022-09-15,left
E01729,施勇杰,女,1982,2023-02-19,,,,D02,L3,0,2023-05-20,active
E01730,曹强媛,男,1990,2023-09-26,2025-10-15,vol,R02,D01,L2,0,2023-12-25,left
E01731,杨华*,女,1993,2021-03-16,,,,D08,L3,1,2021-09-12,active
E01732,杨嘉*,男,1989,2024-01-29,,,,D09,L1,0,2024-04-28,active
E01733,何慧凤,女,1990,2020-04-12,2025-02-26,invol,R07,D01,L2,0,2020-07-11,left
E01734,严超*,女,1994,2023-08-10,,,,D11,L1,0,2023-11-08,active
E01735,孙佳艳,女,1999,2022-03-21,,,,D12,L1,1,2022-06-19,active
E01736,尤翠*,女,1994,2024-05-03,,,,D01,L3,0,2024-08-01,active
E01737,曹芝*,男,1987,2024-06-07,,,,D01,L3,0,2024-09-05,active
E01738,钱春*,未披露,1987,2022-09-27,,,,D11,L4,0,2022-12-26,active
E01739,冯淑*,女,1989,2017-07-06,,,,D06,L6,1,2017-10-04,active
E01740,姜莲超,女,1979,2019-08-25,,,,D11,L4,1,2019-11-23,active
E01741,邹燕*,男,1988,2023-04-15,,,,D02,L1,0,2023-07-14,active
E01742,李真*,男,1987,2018-01-11,,,,D03,L2,0,2018-04-11,active
E01743,赵明*,男,1989,2018-10-28,2025-07-10,invol,R08,D01,L1,1,2019-01-26,left
E01744,冯娜凤,男,2002,2024-08-02,,,,D01,L4,1,2024-10-31,active
E01745,曹丽*,女,1988,2017-08-12,,,,D06,L5,0,2018-02-08,active
E01746,朱娥秀,女,1992,2017-05-06,,,,D01,L6,1,2017-08-04,active
E01747,喻明莲,男,1992,2021-06-06,,,,D02,L3,0,2021-09-04,active
E01748,张华*,女,1988,2024-01-27,,,,D05,L2,1,2024-07-25,active
E01749,华敏*,男,1983,2020-02-15,,,,D05,L4,0,2020-05-15,active
E01750,戚琳*,男,1993,2022-08-02,,,,D02,L1,0,2022-10-31,active
E01751,李洁*,男,1996,2024-12-17,2025-02-28,vol,R02,D04,L2,0,2025-03-17,left
E01752,朱磊红,男,2002,2024-04-04,2025-12-24,vol,R01,D07,L1,0,2024-07-03,left
E01753,吴欣真,女,1987,2024-09-02,,,,D03,L1,0,2024-12-01,active
E01754,杨静凡,女,1993,2023-06-27,2025-07-26,invol,R08,D01,L2,0,2023-09-25,left
E01755,陶媛艳,女,1996,2022-04-06,,,,D04,L4,1,2022-10-03,active
E01756,姜芝*,男,1989,2024-12-10,,,,D10,L1,0,2025-03-10,active
E01757,卫秀*,男,1991,2020-01-18,,,,D07,L7,0,2020-04-17,active
E01758,金媛慧,男,1991,2018-02-11,,,,D01,L5,0,2018-05-12,active
E01759,蒋雅美,男,1990,2024-06-24,,,,D03,L1,0,2024-09-22,active
E01760,赵艳*,男,1986,2024-01-25,2025-05-13,invol,R07,D02,L1,0,2024-04-24,left
E01761,周淑翠,男,1996,2018-09-07,,,,D01,L2,1,2018-12-06,active
E01762,华华凡,女,1979,2018-10-18,,,,D03,L1,0,2019-04-16,active
E01763,陶敏霞,男,1995,2024-02-20,,,,D01,L1,0,2024-08-18,active
E01764,许秀勇,女,2002,2024-11-04,2025-11-12,invol,R08,D04,L2,1,2025-02-02,left
E01765,张佳*,女,1987,2022-03-06,2025-03-20,invol,R06,D03,L1,0,2022-06-04,left
E01766,杨环*,女,1985,2021-05-16,2025-04-15,invol,R06,D03,L2,0,2021-11-12,left
E01767,何瑞惠,女,1985,2020-09-29,,,,D01,L4,0,2020-12-28,active
E01768,周萍佳,女,1998,2020-02-11,2025-03-24,vol,R02,D03,L4,0,2020-05-11,left
E01769,华芳*,男,1994,2023-05-23,,,,D01,L3,0,2023-08-21,active
E01770,邹洋娟,男,1981,2021-02-23,,,,D02,L1,0,2021-05-24,active
E01771,褚秀欣,男,1984,2017-09-25,2025-05-26,invol,R07,D06,L4,1,2017-12-24,left
E01772,魏佳军,女,1990,2021-12-24,,,,D10,L6,0,2022-03-24,active
E01773,尤军*,男,1994,2017-12-31,,,,D01,L2,0,2018-03-31,active
E01774,魏娥*,女,1988,2017-02-18,2025-11-11,vol,R05,D07,L1,0,2017-05-19,left
E01775,赵霞*,女,2000,2022-07-11,,,,D03,L1,0,2022-10-09,active
E01776,赵杰*,女,1992,2018-09-29,,,,D02,L1,0,2018-12-28,active
E01777,施凡*,男,1993,2022-05-08,2025-01-06,invol,R07,D12,L6,1,2022-08-06,left
E01778,严欣芳,男,1985,2022-03-15,,,,D06,L1,0,2022-06-13,active
E01779,戚媛伟,男,1989,2022-08-23,,,,D01,L1,0,2022-11-21,active
E01780,韩春丽,男,1991,2024-02-10,,,,D07,L3,0,2024-05-10,active
E01781,严磊*,男,1983,2017-06-08,,,,D08,L6,1,2017-09-06,active
E01782,秦军*,女,1997,2024-11-01,,,,D06,L1,1,2025-04-30,active
E01783,姜秀凤,男,1995,2019-05-28,,,,D01,L5,0,2019-11-24,active
E01784,沈梅云,男,1998,2023-01-08,,,,D05,L1,0,2023-04-08,active
E01785,吕丽*,女,1995,2017-02-22,,,,D12,L1,1,2017-05-23,active
E01786,韩艳*,男,1988,2019-12-18,,,,D04,L3,0,2020-03-17,active
E01787,郑霞媛,男,1993,2024-06-13,,,,D07,L1,0,2024-09-11,active
E01788,华娥怡,女,1993,2023-01-16,,,,D06,L1,0,2023-04-16,active
E01789,秦娟慧,女,1994,2021-12-15,,,,D08,L5,0,2022-06-13,active
E01790,秦巧*,女,1980,2018-03-13,2025-05-02,invol,R06,D09,L2,0,2018-06-11,left
E01791,吴素*,女,1999,2021-10-29,,,,D04,L2,0,2022-01-27,active
E01792,孔琳彩,男,1985,2019-03-03,2025-05-27,vol,R01,D03,L3,0,2019-06-01,left
E01793,戚敏巧,女,1987,2018-09-30,,,,D01,L1,0,2018-12-29,active
E01794,秦香*,女,1984,2021-05-02,,,,D11,L4,1,2021-07-31,active
E01795,蒋欣*,女,1992,2022-03-22,,,,D09,L4,0,2022-06-20,active
E01796,何凡燕,女,1992,2020-04-02,,,,D02,L3,0,2020-07-01,active
E01797,沈欣*,男,1995,2019-06-26,2025-01-03,invol,R06,D01,L3,1,2019-09-24,left
E01798,钱兰杰,男,1987,2022-02-23,,,,D01,L3,0,2022-05-24,active
E01799,钱瑞*,女,1982,2019-03-23,,,,D03,L2,0,2019-09-19,active
E01800,陶英英,男,1996,2018-08-02,,,,D03,L1,0,2018-10-31,active
E01801,孙玉丽,女,2001,2023-12-15,2025-03-27,vol,R01,D03,L2,0,2024-06-12,left
E01802,蒋凤*,女,1991,2021-11-05,2025-03-30,invol,R06,D03,L4,0,2022-05-04,left
E01803,何霞静,女,1995,2019-10-01,,,,D02,L1,0,2019-12-30,active
E01804,秦红*,女,1999,2021-09-16,,,,D02,L5,0,2021-12-15,active
E01805,韩菊淑,男,1975,2017-04-19,,,,D03,L3,0,2017-10-16,active
E01806,孙霞香,女,2002,2024-07-26,,,,D05,L4,0,2024-10-24,active
E01807,陶芳*,女,1991,2024-06-05,2025-03-30,vol,R01,D07,L2,0,2024-09-03,left
E01808,冯春*,女,1996,2019-05-27,2025-07-21,invol,R06,D07,L4,0,2019-08-25,left
E01809,金雅*,女,2000,2024-07-19,,,,D03,L1,0,2024-10-17,active
E01810,许慧雅,男,1981,2019-09-23,,,,D01,L5,1,2019-12-22,active
E01811,钱莺燕,男,1997,2022-12-10,,,,D01,L3,0,2023-06-08,active
E01812,施芬瑞,男,1983,2022-03-13,,,,D01,L4,0,2022-06-11,active
E01813,曹洋芬,男,2001,2024-08-11,,,,D11,L5,1,2024-11-09,active
E01814,朱惠香,女,1976,2019-04-04,2025-11-15,vol,R03,D01,L3,0,2019-10-01,left
E01815,陈爱洁,女,1996,2024-07-16,,,,D12,L1,0,2025-01-12,active
E01816,蒋荣*,女,1982,2021-04-06,,,,D03,L4,0,2021-07-05,active
E01817,孙秀超,女,1971,2022-08-19,,,,D01,L4,0,2022-11-17,active
E01818,华翠瑞,男,1989,2020-12-02,,,,D02,L5,0,2021-03-02,active
E01819,褚珠*,男,1984,2018-06-08,2025-04-09,vol,R02,D10,L4,1,2018-09-06,left
E01820,孔强*,女,1988,2023-06-18,2025-11-20,invol,R06,D03,L2,0,2023-12-15,left
E01821,吕梅慧,男,2002,2024-07-15,,,,D05,L4,0,2025-01-11,active
E01822,喻菊*,女,1993,2018-08-10,,,,D01,L2,0,2018-11-08,active
E01823,曹艳*,女,1992,2023-03-14,,,,D01,L2,0,2023-09-10,active
E01824,张玲*,男,1995,2021-04-26,2025-02-21,vol,R02,D07,L1,0,2021-07-25,left
E01825,谢怡*,女,1988,2020-04-03,,,,D09,L1,0,2020-07-02,active
E01826,华爱*,男,1988,2024-07-10,,,,D01,L3,0,2024-10-08,active
E01827,吴菊*,男,1981,2019-01-25,,,,D01,L2,0,2019-04-25,active
E01828,喻洋*,男,1986,2022-02-04,2025-02-11,invol,R06,D01,L1,0,2022-05-05,left
E01829,赵英淑,男,1993,2022-09-14,,,,D01,L2,0,2022-12-13,active
E01830,卫静*,男,1988,2024-10-12,,,,D12,L4,0,2025-01-10,active
E01831,郑芳敏,女,1984,2020-08-18,2025-03-27,vol,R01,D03,L5,0,2020-11-16,left
E01832,曹爱惠,女,1993,2024-10-05,,,,D10,L3,0,2025-04-03,active
E01833,卫强*,男,1988,2024-07-16,2025-12-07,invol,R07,D01,L5,1,2024-10-14,left
E01834,邹彩*,女,1985,2017-05-23,,,,D04,L5,1,2017-08-21,active
E01835,朱兰雪,男,1998,2020-09-04,,,,D06,L4,1,2020-12-03,active
E01836,华伟*,男,1982,2024-01-20,2025-05-04,vol,R01,D05,L2,0,2024-04-19,left
E01837,陶玉*,女,1995,2024-03-10,,,,D04,L2,0,2024-06-08,active
E01838,吕美环,男,2000,2023-01-14,,,,D02,L1,0,2023-07-13,active
E01839,李荣*,男,1975,2018-08-24,2025-12-27,vol,R05,D01,L2,0,2018-11-22,left
E01840,金娥真,男,1995,2017-01-27,,,,D03,L5,1,2017-04-27,active
E01841,喻凤华,女,1995,2023-12-12,,,,D02,L2,0,2024-06-09,active
E01842,吴慧荣,男,1998,2020-01-19,,,,D12,L3,0,2020-04-18,active
E01843,杨敏*,男,1988,2021-07-20,,,,D01,L2,0,2021-10-18,active
E01844,邹洋*,男,1985,2024-05-29,2025-01-31,vol,R04,D02,L3,0,2024-11-25,left
E01845,钱凡媛,男,1981,2017-08-06,,,,D01,L1,1,2017-11-04,active
E01846,喻娜秀,女,1994,2020-03-28,,,,D03,L1,0,2020-09-24,active
E01847,金真*,女,1988,2024-02-08,,,,D05,L1,0,2024-08-06,active
E01848,沈静月,男,1989,2019-08-14,,,,D01,L5,0,2020-02-10,active
E01849,王娜莲,男,1997,2021-03-04,,,,D06,L3,0,2021-08-31,active
E01850,韩珠*,男,1989,2024-09-13,,,,D05,L3,1,2025-03-12,active
E01851,秦静勇,男,1985,2017-06-28,,,,D01,L1,0,2017-09-26,active
E01852,沈玲*,男,1994,2017-04-21,,,,D01,L3,1,2017-07-20,active
E01853,朱艳*,男,1988,2021-05-27,,,,D01,L2,0,2021-08-25,active
E01854,褚静*,女,1989,2020-07-16,2025-05-16,vol,R05,D04,L1,0,2021-01-12,left
E01855,杨芳*,男,1989,2018-08-05,,,,D11,L6,0,2018-11-03,active
E01856,何淑*,男,1988,2018-02-16,,,,D01,L1,0,2018-05-17,active
E01857,何艳*,男,1979,2017-03-05,,,,D07,L1,0,2017-06-03,active
E01858,钱秀*,女,1993,2021-12-30,,,,D03,L4,0,2022-03-30,active
E01859,许春*,女,1984,2017-09-14,2025-03-24,vol,R02,D03,L1,0,2018-03-13,left
E01860,孔芳静,男,1987,2019-05-20,,,,D05,L2,0,2019-08-18,active
E01861,尤巧*,男,1992,2019-04-07,,,,D01,L6,1,2019-07-06,active
E01862,严妹娜,女,1991,2018-05-07,,,,D01,L1,0,2018-08-05,active
E01863,赵秀芬,男,1989,2023-10-22,,,,D03,L3,0,2024-04-19,active
E01864,施爱*,女,1987,2017-09-12,,,,D03,L3,0,2017-12-11,active
E01865,金洁环,女,1984,2017-07-19,,,,D01,L7,0,2017-10-17,active
E01866,冯琳*,男,1987,2018-03-28,2025-12-12,vol,R05,D03,L4,1,2018-06-26,left
E01867,孔嘉荣,男,1988,2024-12-17,,,,D11,L1,0,2025-03-17,active
E01868,严雪*,男,1995,2019-03-29,2025-09-17,vol,R05,D01,L4,1,2019-06-27,left
E01869,王洁慧,男,1987,2017-04-24,,,,D01,L2,0,2017-07-23,active
E01870,陈欣*,女,1994,2024-06-09,2025-03-06,vol,R03,D12,L2,0,2024-09-07,left
E01871,张娟玉,男,1983,2023-07-17,,,,D02,L1,1,2023-10-15,active
E01872,褚欣伟,男,1985,2018-07-30,,,,D08,L6,0,2019-01-26,active
E01873,邹娜敏,女,1991,2020-02-14,2025-01-13,vol,R03,D11,L4,1,2020-05-14,left
E01874,戚杰红,男,1993,2023-07-31,,,,D02,L2,0,2024-01-27,active
E01875,韩娜*,女,1994,2019-02-17,,,,D07,L1,0,2019-05-18,active
E01876,王英*,女,1992,2017-11-30,,,,D09,L1,0,2018-02-28,active
E01877,吕菊凡,男,1984,2018-01-06,,,,D08,L4,0,2018-04-06,active
E01878,严妹强,女,1991,2019-06-07,,,,D06,L1,0,2019-09-05,active
E01879,杨雅*,女,1999,2024-05-16,,,,D01,L4,1,2024-08-14,active
E01880,周燕磊,男,1989,2022-10-14,,,,D01,L1,0,2023-01-12,active
E01881,秦燕*,男,1995,2024-12-12,2025-05-17,vol,R04,D09,L1,0,2025-03-12,left
E01882,朱美*,女,2002,2024-04-11,2025-08-14,invol,R07,D03,L3,0,2024-07-10,left
E01883,郑菊*,女,1996,2023-08-30,,,,D02,L2,0,2023-11-28,active
E01884,褚玲*,男,1978,2017-06-28,,,,D03,L5,1,2017-09-26,active
E01885,吴菊秀,女,1992,2019-07-06,,,,D04,L3,0,2020-01-02,active
E01886,吴霞*,女,1996,2023-08-26,,,,D03,L2,0,2023-11-24,active
E01887,杨美云,男,1985,2021-01-29,,,,D05,L6,0,2021-04-29,active
E01888,王雅佳,女,1990,2024-12-24,,,,D02,L4,0,2025-06-22,active
E01889,沈素瑞,男,2000,2023-02-03,2025-02-01,invol,R08,D05,L1,0,2023-05-04,left
E01890,郑云*,女,1989,2024-11-02,,,,D10,L1,0,2025-01-31,active
E01891,金英*,女,1979,2019-12-15,,,,D02,L2,0,2020-03-14,active
E01892,魏莺洋,男,1985,2019-11-15,,,,D02,L1,0,2020-02-13,active
E01893,蒋娟香,女,2000,2022-06-09,2025-07-13,vol,R02,D06,L1,0,2022-12-06,left
E01894,严军*,男,1988,2022-08-04,,,,D08,L2,0,2022-11-02,active
E01895,冯玉*,男,1999,2024-09-09,,,,D01,L1,0,2024-12-08,active
E01896,吕玉*,男,1992,2021-07-12,,,,D01,L4,0,2021-10-10,active
E01897,张荣*,男,1987,2021-08-03,,,,D03,L3,0,2021-11-01,active
E01898,魏凤玉,男,1992,2018-08-18,,,,D04,L1,0,2018-11-16,active
E01899,戚云*,女,1988,2018-01-04,,,,D01,L1,0,2018-04-04,active
E01900,姜雪*,女,1991,2019-07-25,,,,D01,L1,0,2019-10-23,active
E01901,施慧真,男,1979,2018-02-10,,,,D02,L4,0,2018-05-11,active
E01902,秦春翠,女,1982,2018-06-14,,,,D12,L2,0,2018-09-12,active
E01903,金嘉*,女,1995,2022-01-14,,,,D03,L3,0,2022-04-14,active
E01904,冯春*,男,1978,2018-12-17,,,,D03,L2,0,2019-03-17,active
E01905,冯香凡,男,1980,2021-05-11,2025-10-12,vol,R03,D01,L1,0,2021-11-07,left
E01906,秦秀*,女,1994,2019-10-06,,,,D04,L3,0,2020-01-04,active
E01907,赵芬凡,女,1983,2018-05-30,2025-05-23,invol,R06,D06,L2,0,2018-08-28,left
E01908,钱惠*,男,1978,2018-04-27,,,,D05,L3,0,2018-07-26,active
E01909,陈磊娥,女,1976,2023-07-12,2025-12-13,vol,R01,D02,L1,0,2023-10-10,left
E01910,韩秀怡,女,1997,2022-10-18,,,,D03,L2,1,2023-01-16,active
E01911,谢芳*,女,1993,2024-10-23,,,,D01,L6,0,2025-04-21,active
E01912,孔娜嘉,男,1988,2017-05-10,,,,D01,L7,0,2017-11-06,active
E01913,尤妹秀,男,1991,2022-09-09,2025-11-07,vol,R01,D01,L2,0,2022-12-08,left
E01914,朱素艳,女,1986,2017-11-24,,,,D11,L5,0,2018-02-22,active
E01915,李强*,男,1983,2018-11-24,,,,D04,L1,0,2019-05-23,active
E01916,杨军*,男,1992,2020-09-24,2025-12-20,vol,R02,D03,L3,0,2020-12-23,left
E01917,许月*,女,1990,2024-10-09,,,,D03,L1,0,2025-01-07,active
E01918,金涛*,男,1982,2020-11-13,,,,D09,L2,0,2021-02-11,active
E01919,喻惠*,男,1985,2024-11-16,,,,D01,L3,0,2025-02-14,active
E01920,陶莲*,男,1999,2023-01-06,2025-11-27,invol,R07,D04,L4,0,2023-04-06,left
E01921,沈素*,男,1987,2024-02-18,,,,D02,L5,0,2024-08-16,active
E01922,杨嘉*,女,1998,2022-07-30,,,,D01,L3,0,2023-01-26,active
E01923,秦爱*,女,1995,2024-06-12,,,,D03,L1,0,2024-09-10,active
E01924,魏美*,男,1999,2024-12-25,2025-02-21,vol,R01,D03,L4,0,2025-03-25,left
E01925,张燕*,男,2000,2024-01-03,,,,D12,L1,1,2024-07-01,active
E01926,冯芳翠,女,1983,2021-07-29,2025-01-14,vol,R01,D04,L1,0,2022-01-25,left
E01927,戚芳*,女,2002,2024-04-23,,,,D01,L6,0,2024-10-20,active
E01928,陈洋*,男,1984,2017-11-09,2025-06-17,vol,R01,D01,L3,0,2018-05-08,left
E01929,金媛*,女,2002,2024-06-19,,,,D05,L6,0,2024-09-17,active
E01930,华洁环,女,1991,2022-07-26,2025-09-11,invol,R08,D07,L3,0,2022-10-24,left
E01931,张华*,女,2002,2024-11-10,2025-10-18,invol,R07,D09,L1,0,2025-02-08,left
E01932,卫超洋,女,1985,2024-06-20,,,,D07,L2,0,2024-09-18,active
E01933,吕凡涛,男,1993,2020-11-15,,,,D01,L3,0,2021-05-14,active
E01934,赵敏*,男,1990,2024-11-30,,,,D01,L2,0,2025-02-28,active
E01935,沈翠*,女,1983,2021-05-01,,,,D03,L3,0,2021-10-28,active
E01936,吴萍*,女,2001,2023-02-06,,,,D12,L1,0,2023-05-07,active
E01937,姜秀雪,男,1989,2017-10-16,,,,D03,L4,1,2018-01-14,active
E01938,褚凡芳,男,1979,2021-10-16,,,,D01,L2,0,2022-01-14,active
E01939,何艳凤,男,1991,2020-03-30,2025-11-12,vol,R01,D01,L3,0,2020-09-26,left
E01940,蒋芝*,男,1990,2022-01-02,,,,D03,L3,0,2022-07-01,active
E01941,孙强*,女,1992,2024-01-04,,,,D05,L1,0,2024-04-03,active
E01942,邹丽*,男,1994,2021-06-21,,,,D05,L1,0,2021-12-18,active
E01943,韩强翠,男,2001,2023-03-31,,,,D05,L4,0,2023-06-29,active
E01944,吴秀爱,男,1992,2019-06-04,2025-03-30,invol,R07,D03,L5,1,2019-12-01,left
E01945,施翠*,男,1995,2017-02-19,,,,D09,L1,0,2017-05-20,active
E01946,赵妹*,女,1991,2024-11-23,,,,D01,L6,0,2025-02-21,active
E01947,严梅娟,女,1977,2017-03-28,2025-02-19,invol,R06,D03,L1,0,2017-06-26,left
E01948,谢珠*,男,1992,2022-02-22,,,,D01,L2,0,2022-05-23,active
E01949,曹美娜,男,1988,2018-01-04,,,,D03,L4,0,2018-04-04,active
E01950,曹菊*,女,1995,2020-03-28,,,,D04,L4,0,2020-06-26,active
E01951,何凤艳,男,1991,2019-12-18,,,,D03,L4,0,2020-03-17,active
E01952,邹敏*,男,1980,2018-10-01,,,,D11,L3,0,2018-12-30,active
E01953,蒋军秀,男,1995,2017-08-20,2025-05-14,invol,R06,D05,L4,0,2017-11-18,left
E01954,许欣*,女,1987,2022-10-23,,,,D01,L2,0,2023-04-21,active
E01955,喻瑞*,女,1987,2019-06-03,2025-09-12,vol,R05,D03,L4,1,2019-11-30,left
E01956,陈凤军,女,1988,2023-12-19,,,,D05,L3,0,2024-03-18,active
E01957,卫慧*,男,1998,2020-10-25,,,,D01,L2,0,2021-01-23,active
E01958,姜淑*,女,1994,2018-11-20,,,,D01,L2,0,2019-02-18,active
E01959,尤敏菊,女,1998,2024-04-15,,,,D03,L4,0,2024-07-14,active
E01960,严凡*,男,1987,2020-09-06,,,,D06,L6,0,2020-12-05,active
E01961,华荣*,男,1990,2024-01-23,2025-01-13,vol,R02,D11,L2,0,2024-04-22,left
E01962,施爱荣,男,1990,2019-08-31,,,,D09,L5,1,2020-02-27,active
E01963,陶伟芳,男,1986,2017-03-22,,,,D01,L3,0,2017-06-20,active
E01964,华凤静,女,1988,2020-07-28,,,,D02,L3,0,2020-10-26,active
E01965,褚芳*,女,1995,2019-03-24,,,,D01,L3,0,2019-06-22,active
E01966,姜英春,女,1979,2017-02-11,,,,D01,L3,0,2017-05-12,active
E01967,施涛*,女,1985,2023-02-22,,,,D06,L1,0,2023-05-23,active
E01968,许惠*,未披露,1989,2020-09-26,,,,D11,L1,0,2020-12-25,active
E01969,吕静*,女,1995,2022-04-03,,,,D06,L5,0,2022-07-02,active
E01970,卫月华,女,2001,2023-11-24,,,,D04,L1,0,2024-02-22,active
E01971,喻洁*,女,1997,2022-12-04,2025-03-21,vol,R02,D02,L3,0,2023-03-04,left
E01972,韩菊*,女,1982,2020-10-06,,,,D03,L4,0,2021-01-04,active
E01973,卫娟*,女,1986,2018-10-31,,,,D01,L1,0,2019-01-29,active
E01974,华巧萍,女,1985,2022-11-21,,,,D11,L3,0,2023-02-19,active
E01975,李爱勇,男,1979,2022-07-21,,,,D05,L3,0,2022-10-19,active
E01976,姜磊*,女,1982,2024-12-13,,,,D01,L3,0,2025-03-13,active
E01977,郑美珠,女,1987,2020-11-25,,,,D02,L3,0,2021-02-23,active
E01978,吴芳磊,女,1990,2019-05-11,,,,D01,L1,0,2019-11-07,active
E01979,朱超*,男,1990,2023-11-18,,,,D07,L1,0,2024-02-16,active
E01980,尤红*,女,1994,2022-03-15,2025-12-25,vol,R01,D01,L1,0,2022-06-13,left
E01981,褚艳*,男,1989,2024-02-14,2025-06-10,invol,R07,D06,L5,1,2024-05-14,left
E01982,冯莲凤,女,1997,2024-12-20,,,,D08,L1,0,2025-03-20,active
E01983,姜雅华,男,1992,2024-01-26,2025-06-19,invol,R09,D01,L3,0,2024-04-25,left
E01984,华艳*,女,1995,2023-10-31,2025-12-17,invol,R06,D01,L4,1,2024-01-29,left
E01985,吴素磊,男,1995,2021-10-26,,,,D01,L5,1,2022-04-24,active
E01986,杨凡静,男,1992,2024-12-23,,,,D11,L4,0,2025-06-21,active
E01987,李娥*,男,1995,2023-03-11,2025-02-27,vol,R03,D08,L4,0,2023-06-09,left
E01988,陈芝佳,女,1984,2020-04-05,2025-04-25,vol,R04,D01,L2,1,2020-07-04,left
E01989,秦云*,女,1995,2023-11-07,,,,D04,L5,1,2024-02-05,active
E01990,孙淑洋,女,1993,2024-12-25,,,,D11,L3,0,2025-03-25,active
E01991,陶玉芳,男,1991,2021-09-21,,,,D03,L3,0,2021-12-20,active
E01992,冯勇*,男,1989,2020-01-13,2025-10-14,invol,R06,D06,L2,0,2020-04-12,left
E01993,邹菊*,男,1991,2017-05-19,,,,D01,L2,1,2017-11-15,active
E01994,许琳*,女,1990,2022-12-31,,,,D02,L4,0,2023-03-31,active
E01995,金香涛,男,1996,2024-06-14,2025-07-15,vol,R01,D06,L1,0,2024-09-12,left
E01996,曹云霞,女,1989,2021-12-17,,,,D04,L1,0,2022-03-17,active
E01997,孙巧珠,男,1985,2022-12-16,,,,D06,L5,0,2023-03-16,active
E01998,卫凡*,女,1988,2023-07-27,,,,D06,L2,1,2024-01-23,active
E01999,张娜*,男,1995,2017-07-16,,,,D01,L4,0,2017-10-14,active
E02000,孔春*,女,1986,2019-10-09,2025-03-05,vol,R02,D12,L2,0,2020-04-06,left
E02001,邹翠*,女,1989,2021-11-04,,,,D05,L4,0,2022-02-02,active
E02002,王巧*,女,1985,2023-12-30,2025-01-29,invol,R07,D01,L3,0,2024-06-27,left
E02003,邹香*,男,1994,2024-01-08,,,,D03,L6,1,2024-04-07,active
E02004,曹强艳,男,1988,2024-07-22,2025-11-24,vol,R01,D02,L3,0,2024-10-20,left
E02005,李春*,女,1986,2020-12-06,,,,D11,L2,0,2021-03-06,active
E02006,谢杰娟,女,1999,2024-07-20,,,,D12,L2,0,2024-10-18,active
E02007,杨杰淑,男,2000,2024-12-26,,,,D09,L6,1,2025-03-26,active
E02008,严娟*,女,1998,2022-04-09,,,,D02,L2,0,2022-10-06,active
E02009,李真*,男,1982,2022-01-11,,,,D12,L1,0,2022-04-11,active
E02010,施静巧,女,1987,2024-08-09,2025-07-24,invol,R07,D01,L1,0,2025-02-05,left
E02011,秦静丽,男,1978,2017-03-05,,,,D02,L1,0,2017-06-03,active
E02012,吕佳*,女,1986,2024-10-27,2025-12-24,invol,R07,D02,L3,0,2025-01-25,left
E02013,沈华*,女,1981,2018-12-05,,,,D02,L5,0,2019-06-03,active
E02014,周萍荣,男,1995,2022-06-19,,,,D11,L3,0,2022-09-17,active
E02015,朱梅*,女,1995,2024-08-23,,,,D09,L4,0,2024-11-21,active
E02016,陶环*,男,1992,2023-05-21,2025-12-04,invol,R06,D07,L1,0,2023-08-19,left
E02017,秦静美,女,1991,2020-11-02,,,,D02,L5,0,2021-01-31,active
E02018,周军珠,女,1992,2018-03-01,,,,D12,L4,0,2018-05-30,active
E02019,卫彩*,女,1985,2022-04-29,,,,D01,L4,1,2022-07-28,active
E02020,韩磊*,男,1981,2018-08-09,,,,D11,L3,0,2019-02-05,active
E02021,褚芳娥,男,1980,2023-12-05,,,,D01,L1,0,2024-03-04,active
E02022,许霞*,男,1992,2024-12-02,,,,D06,L6,0,2025-03-02,active
E02023,郑彩*,女,1982,2019-10-07,,,,D01,L2,0,2020-01-05,active
E02024,何艳磊,男,1990,2020-01-27,,,,D03,L2,0,2020-04-26,active
E02025,秦娜美,女,1990,2022-11-23,,,,D01,L3,0,2023-02-21,active
E02026,卫巧雅,女,1995,2023-11-16,2025-01-20,invol,R08,D01,L2,0,2024-05-14,left
E02027,韩彩*,女,1996,2021-05-16,,,,D05,L4,0,2021-08-14,active
E02028,许怡*,男,1997,2022-12-09,,,,D01,L1,0,2023-03-09,active
E02029,戚妹琳,男,1986,2024-01-31,,,,D09,L2,0,2024-04-30,active
E02030,吕娜*,男,1994,2023-10-25,,,,D01,L6,1,2024-01-23,active
E02031,秦艳芳,女,1982,2018-07-01,,,,D01,L6,0,2018-12-28,active
E02032,陶环*,男,1994,2018-05-09,2025-09-23,vol,R01,D01,L1,0,2018-11-05,left
E02033,魏珠芬,男,1990,2021-07-13,,,,D07,L2,0,2021-10-11,active
E02034,朱月*,男,2000,2022-09-27,2025-05-18,vol,R02,D06,L2,0,2022-12-26,left
E02035,金勇*,男,1980,2018-07-19,,,,D12,L3,0,2018-10-17,active
E02036,何伟洋,男,1999,2021-09-25,,,,D04,L2,0,2021-12-24,active
E02037,沈素妹,男,1989,2017-08-16,,,,D04,L5,1,2017-11-14,active
E02038,严雅*,男,1991,2018-04-08,,,,D02,L5,1,2018-10-05,active
E02039,吕香*,女,1988,2020-01-06,,,,D12,L2,0,2020-04-05,active
E02040,卫云燕,女,1999,2023-04-16,2025-04-26,vol,R01,D03,L5,0,2023-07-15,left
E02041,孔淑*,男,1990,2019-07-15,,,,D02,L4,1,2020-01-11,active
E02042,孔兰*,女,1983,2018-09-28,,,,D08,L5,1,2018-12-27,active
E02043,陶强莲,女,1985,2023-07-10,,,,D02,L4,1,2023-10-08,active
E02044,朱环*,男,1977,2017-07-30,2025-02-04,vol,R01,D05,L2,0,2017-10-28,left
E02045,吴艳强,男,1975,2019-12-14,,,,D03,L1,0,2020-03-13,active
E02046,卫雪莲,男,1987,2024-07-14,,,,D01,L5,0,2025-01-10,active
E02047,姜素芬,女,1978,2020-02-21,2025-10-11,vol,R01,D05,L3,0,2020-05-21,left
E02048,朱敏芝,男,1995,2018-09-21,,,,D09,L2,0,2018-12-20,active
E02049,许霞*,男,1990,2021-06-14,,,,D12,L5,1,2021-09-12,active
E02050,孙丽玲,女,1989,2019-08-08,2025-03-31,vol,R01,D07,L1,0,2019-11-06,left
E02051,吕爱*,女,1986,2022-12-19,2025-04-19,vol,R02,D02,L4,1,2023-03-19,left
E02052,赵静*,女,1985,2024-02-25,,,,D01,L2,0,2024-05-25,active
E02053,周勇佳,男,1988,2019-10-14,,,,D04,L7,0,2020-04-11,active
E02054,金玲*,女,1981,2017-01-28,2025-01-31,vol,R01,D01,L4,0,2017-04-28,left
E02055,严环莲,男,1991,2022-08-02,,,,D04,L2,0,2022-10-31,active
E02056,张娜*,女,1996,2020-12-07,,,,D05,L2,0,2021-03-07,active
E02057,钱春*,女,1990,2024-05-07,,,,D03,L4,1,2024-11-03,active
E02058,吴莲*,女,1990,2021-08-29,,,,D02,L1,0,2021-11-27,active
E02059,魏燕超,女,1985,2018-06-08,,,,D01,L4,1,2018-09-06,active
E02060,韩佳*,男,1996,2023-10-08,2025-02-20,vol,R01,D01,L5,0,2024-01-06,left
E02061,沈琳*,男,1976,2017-11-25,,,,D06,L2,1,2018-02-23,active
E02062,邹勇*,男,1998,2023-02-05,,,,D12,L5,0,2023-08-04,active
E02063,谢燕洋,女,2001,2023-01-16,,,,D11,L2,0,2023-04-16,active
E02064,王云*,男,1990,2021-06-22,,,,D07,L4,1,2021-12-19,active
E02065,孙磊军,女,1994,2021-08-21,,,,D09,L3,0,2021-11-19,active
E02066,郑素芝,女,1984,2024-03-20,,,,D12,L7,0,2024-09-16,active
E02067,尤环*,男,1992,2019-10-18,2025-01-01,invol,R08,D01,L5,1,2020-04-15,left
E02068,蒋磊芳,男,1990,2020-09-06,2025-06-04,vol,R02,D01,L1,0,2020-12-05,left
E02069,何春*,女,2002,2024-09-23,2025-12-08,vol,R01,D07,L2,0,2024-12-22,left
E02070,卫杰*,男,2001,2023-11-30,2025-06-26,vol,R02,D11,L5,0,2024-02-28,left
E02071,郑云云,男,1998,2023-03-24,,,,D06,L5,1,2023-06-22,active
E02072,王环*,女,2002,2024-10-22,,,,D01,L1,0,2025-04-20,active
E02073,孔英*,女,2002,2024-07-23,,,,D01,L2,0,2024-10-21,active
E02074,施凡*,女,1990,2021-05-02,,,,D10,L1,0,2021-07-31,active
E02075,吕凡萍,男,1979,2024-11-13,,,,D08,L3,0,2025-02-11,active
E02076,孙兰嘉,女,1984,2017-09-02,,,,D11,L1,0,2018-03-01,active
E02077,卫娜*,女,1988,2024-12-14,,,,D03,L4,0,2025-03-14,active
E02078,孙娜*,女,1993,2022-02-16,,,,D01,L2,0,2022-08-15,active
E02079,施妹翠,男,1996,2019-10-30,2025-07-08,vol,R01,D03,L1,0,2020-01-28,left
E02080,杨洋*,男,1985,2021-11-09,2025-09-04,vol,R01,D05,L5,1,2022-02-07,left
E02081,孔芳艳,女,1987,2020-08-24,,,,D09,L1,0,2020-11-22,active
E02082,吕明萍,女,1988,2019-08-16,,,,D10,L3,0,2019-11-14,active
E02083,王红*,女,1997,2019-02-25,,,,D04,L3,1,2019-05-26,active
E02084,严媛*,男,1998,2023-01-20,,,,D01,L3,0,2023-07-19,active
E02085,曹欣雪,女,1989,2019-11-11,,,,D09,L3,0,2020-05-09,active
E02086,邹娜慧,女,1989,2020-04-01,,,,D04,L1,0,2020-09-28,active
E02087,戚嘉*,女,1987,2021-08-29,,,,D04,L1,0,2021-11-27,active
E02088,曹玲*,男,1984,2017-08-12,2025-08-24,invol,R07,D04,L2,0,2017-11-10,left
E02089,吴艳*,女,1989,2023-09-17,,,,D02,L1,0,2023-12-16,active
E02090,魏玲*,男,1998,2023-04-05,,,,D06,L3,0,2023-07-04,active
E02091,王凡*,男,1982,2023-07-17,,,,D02,L2,0,2023-10-15,active
E02092,王环*,男,2000,2022-09-17,2025-12-03,invol,R06,D05,L2,0,2022-12-16,left
E02093,蒋静*,女,1986,2019-12-06,2025-07-01,vol,R03,D07,L4,0,2020-03-05,left
E02094,沈彩巧,男,1984,2024-05-23,,,,D03,L3,0,2024-11-19,active
E02095,戚静*,男,1994,2024-10-31,,,,D08,L1,0,2025-01-29,active
E02096,杨素欣,男,1984,2023-07-10,,,,D03,L5,0,2023-10-08,active
E02097,华瑞环,男,1987,2017-10-08,2025-03-06,vol,R01,D05,L1,0,2018-01-06,left
E02098,许军*,男,1993,2024-06-17,,,,D06,L1,0,2024-12-14,active
E02099,褚勇梅,男,1988,2018-11-28,,,,D12,L1,0,2019-02-26,active
E02100,姜月*,女,1996,2018-08-02,,,,D02,L1,0,2018-10-31,active
E02101,尤真*,男,1987,2017-12-02,,,,D04,L2,0,2018-03-02,active
E02102,郑佳*,女,1979,2024-12-03,,,,D03,L1,0,2025-03-03,active
E02103,秦美*,男,1991,2024-05-27,,,,D06,L1,0,2024-08-25,active
E02104,孔春静,女,1996,2019-04-29,,,,D03,L2,0,2019-07-28,active
E02105,邹媛娟,男,1991,2023-06-14,,,,D02,L5,0,2023-12-11,active
E02106,姜环芝,女,1990,2017-07-22,,,,D02,L1,0,2018-01-18,active
E02107,朱莺*,男,1992,2024-01-20,,,,D01,L1,0,2024-04-19,active
E02108,陶秀*,女,1985,2017-06-04,,,,D12,L4,0,2017-09-02,active
E02109,吕素*,男,1993,2022-10-08,,,,D01,L3,0,2023-01-06,active
E02110,施瑞燕,女,1977,2023-12-04,,,,D09,L6,0,2024-03-03,active
E02111,蒋雪*,男,1986,2020-07-24,2025-10-26,vol,R01,D01,L4,0,2020-10-22,left
E02112,金杰*,男,1998,2020-09-14,2025-08-11,invol,R06,D12,L1,0,2020-12-13,left
E02113,沈凡素,女,1988,2022-01-18,,,,D06,L2,0,2022-04-18,active
E02114,施敏丽,男,1990,2024-07-31,,,,D07,L5,1,2024-10-29,active
E02115,谢春*,女,1992,2022-11-13,2025-02-14,vol,R04,D01,L3,0,2023-02-11,left
E02116,华霞*,女,1992,2024-05-19,,,,D01,L4,0,2024-11-15,active
E02117,魏超*,男,1994,2022-01-25,,,,D04,L3,0,2022-04-25,active
E02118,赵洋*,男,1998,2024-09-24,,,,D01,L2,0,2024-12-23,active
E02119,何艳雪,男,1991,2018-07-19,,,,D03,L2,0,2019-01-15,active
E02120,赵强雅,女,1986,2024-10-25,,,,D05,L1,0,2025-04-23,active
E02121,严芝媛,女,1985,2022-06-19,,,,D01,L3,0,2022-09-17,active
E02122,郑艳超,男,1980,2020-01-27,,,,D12,L3,0,2020-04-26,active
E02123,姜英彩,女,1987,2024-05-02,,,,D03,L4,0,2024-07-31,active
E02124,张春*,女,1976,2017-05-11,,,,D11,L2,0,2017-08-09,active
E02125,戚娜英,女,1993,2024-08-25,,,,D01,L1,0,2024-11-23,active
E02126,华嘉*,男,1998,2020-08-08,,,,D01,L3,0,2021-02-04,active
E02127,谢玉*,女,1993,2023-08-15,,,,D02,L1,0,2023-11-13,active
E02128,蒋伟*,男,1979,2018-02-07,,,,D11,L1,0,2018-05-08,active
E02129,邹芝云,男,2001,2023-07-18,,,,D01,L3,0,2023-10-16,active
E02130,郑凡*,女,2002,2024-12-19,,,,D02,L4,0,2025-03-19,active
E02131,孔燕环,男,1997,2021-06-03,2025-09-10,invol,R08,D01,L1,0,2021-09-01,left
E02132,韩娜*,女,1987,2023-06-26,,,,D11,L2,0,2023-12-23,active
E02133,王香明,女,1990,2021-04-28,2025-12-27,invol,R07,D03,L1,0,2021-10-25,left
E02134,魏芳*,男,2000,2022-12-09,,,,D01,L2,0,2023-03-09,active
E02135,曹伟*,女,1990,2017-11-10,,,,D01,L1,0,2018-05-09,active
E02136,赵英雅,女,1991,2017-10-16,2025-12-02,vol,R04,D01,L3,0,2018-01-14,left
E02137,杨菊艳,女,1986,2021-07-16,,,,D02,L3,0,2021-10-14,active
E02138,吴燕*,女,1981,2022-12-11,,,,D08,L4,1,2023-06-09,active
E02139,赵翠*,男,1992,2017-12-20,,,,D07,L6,0,2018-03-20,active
E02140,戚香燕,女,1989,2017-10-15,2025-01-05,vol,R01,D01,L4,1,2018-01-13,left
E02141,喻菊*,男,1982,2017-09-19,2025-05-11,vol,R01,D03,L3,0,2017-12-18,left
E02142,华磊*,男,1990,2024-07-27,,,,D01,L5,1,2025-01-23,active
E02143,吴媛丽,女,1977,2017-08-07,,,,D01,L2,0,2018-02-03,active
E02144,姜红凤,女,1995,2021-03-28,,,,D01,L4,1,2021-09-24,active
E02145,王艳莲,女,1998,2021-07-23,,,,D01,L7,1,2021-10-21,active
E02146,张燕雪,男,1997,2023-07-22,2025-05-26,invol,R09,D09,L3,0,2024-01-18,left
E02147,魏华*,男,1996,2024-10-30,,,,D08,L2,0,2025-01-28,active
E02148,钱惠佳,男,1985,2022-11-01,2025-05-17,vol,R01,D01,L3,0,2023-04-30,left
E02149,严军*,女,1984,2021-09-13,2025-06-20,vol,R04,D01,L4,0,2021-12-12,left
E02150,孙惠雪,女,1993,2024-11-23,2025-02-28,vol,R03,D01,L5,1,2025-02-21,left
E02151,金芝明,女,1987,2022-03-24,2025-03-19,vol,R01,D01,L1,0,2022-06-22,left
E02152,蒋慧*,男,2002,2024-04-26,,,,D06,L6,1,2024-07-25,active
E02153,钱云红,女,1993,2024-06-05,,,,D06,L1,0,2024-09-03,active
E02154,曹菊彩,男,1989,2024-12-13,,,,D01,L1,0,2025-03-13,active
E02155,尤艳凤,男,2001,2023-11-26,,,,D09,L1,0,2024-02-24,active
E02156,陈欣菊,女,1981,2021-03-30,2025-12-02,vol,R01,D01,L1,0,2021-09-26,left
E02157,喻欣香,女,1996,2019-07-15,,,,D04,L2,1,2020-01-11,active
E02158,周艳*,女,1985,2024-04-04,,,,D11,L6,0,2024-07-03,active
E02159,陶欣慧,女,1979,2023-04-22,,,,D11,L4,0,2023-07-21,active
E02160,严美涛,男,1995,2019-03-05,,,,D03,L1,0,2019-06-03,active
E02161,赵娜*,男,1988,2022-10-28,,,,D06,L1,0,2023-01-26,active
E02162,赵勇瑞,女,1991,2022-01-19,,,,D02,L1,0,2022-04-19,active
E02163,秦环*,男,1996,2023-09-07,,,,D11,L5,1,2024-03-05,active
E02164,秦巧雅,男,1988,2019-10-03,,,,D11,L2,0,2020-01-01,active
E02165,戚凡*,男,2000,2022-02-08,,,,D01,L1,0,2022-08-07,active
E02166,金华*,男,1995,2022-10-01,,,,D03,L1,1,2022-12-30,active
E02167,郑妹*,男,1991,2019-09-12,2025-11-08,invol,R07,D12,L2,0,2019-12-11,left
E02168,喻华*,女,1998,2020-06-12,,,,D06,L2,0,2020-09-10,active
E02169,陶凤*,女,1993,2023-12-29,2025-02-23,invol,R06,D05,L1,0,2024-03-28,left
E02170,沈霞*,女,1990,2021-08-12,,,,D05,L5,0,2021-11-10,active
E02171,魏芝慧,男,1979,2022-03-20,2025-10-12,invol,R06,D03,L6,1,2022-06-18,left
E02172,陶香*,男,2002,2024-09-22,,,,D12,L1,0,2024-12-21,active
E02173,许莺*,男,1988,2019-03-22,2025-04-28,vol,R03,D01,L3,0,2019-09-18,left
E02174,韩怡丽,男,1997,2022-12-05,,,,D09,L5,0,2023-06-03,active
E02175,严强强,男,1990,2019-07-06,,,,D04,L2,1,2019-10-04,active
E02176,曹云秀,男,1994,2024-10-18,,,,D09,L2,0,2025-04-16,active
E02177,李杰英,男,1993,2024-06-02,,,,D03,L3,0,2024-11-29,active
E02178,姜兰*,男,1994,2020-01-04,,,,D12,L1,1,2020-04-03,active
E02179,秦香慧,女,1988,2024-12-25,,,,D02,L1,0,2025-03-25,active
E02180,陶艳勇,女,1987,2023-11-07,,,,D12,L3,0,2024-05-05,active
E02181,何芳*,男,1990,2021-02-14,,,,D01,L2,0,2021-05-15,active
E02182,严军彩,女,1997,2024-12-23,2025-01-24,invol,R06,D02,L3,0,2025-06-21,left
E02183,曹凡磊,男,1993,2022-01-15,,,,D07,L6,0,2022-04-15,active
E02184,曹娜*,男,1989,2018-06-13,,,,D10,L1,0,2018-09-11,active
E02185,蒋玉嘉,女,1991,2020-05-29,,,,D01,L2,0,2020-08-27,active
E02186,沈强*,男,1997,2024-12-06,,,,D01,L2,0,2025-06-04,active
E02187,魏慧*,男,1992,2018-09-04,,,,D01,L3,1,2018-12-03,active
E02188,钱瑞琳,男,1986,2017-11-26,,,,D12,L2,0,2018-02-24,active
E02189,许凤*,女,1983,2018-07-15,,,,D01,L7,0,2018-10-13,active
E02190,姜怡*,男,1990,2019-01-06,,,,D01,L1,0,2019-04-06,active
E02191,周媛*,女,1992,2017-03-26,,,,D06,L4,0,2017-09-22,active
E02192,戚超雪,女,1982,2021-12-31,,,,D01,L2,0,2022-03-31,active
E02193,华芝*,男,1986,2022-07-06,,,,D01,L5,0,2023-01-02,active
E02194,孔佳荣,男,1994,2017-08-26,2025-06-28,vol,R01,D05,L2,0,2017-11-24,left
E02195,孙娟*,女,1996,2024-10-06,,,,D11,L5,0,2025-01-04,active
E02196,戚杰*,女,1999,2024-09-13,,,,D01,L3,0,2024-12-12,active
E02197,邹梅*,女,1990,2017-04-08,,,,D09,L3,0,2017-07-07,active
E02198,吕环慧,男,1989,2022-07-29,2025-05-02,invol,R06,D03,L2,0,2022-10-27,left
E02199,尤香*,女,1994,2024-11-22,,,,D01,L1,0,2025-02-20,active
E02200,邹翠*,男,1995,2022-08-19,,,,D03,L1,0,2023-02-15,active
E02201,喻惠*,女,1982,2018-03-22,,,,D11,L3,0,2018-06-20,active
E02202,金素*,男,1992,2022-02-01,2025-02-16,vol,R04,D04,L2,0,2022-05-02,left
E02203,沈燕*,男,1989,2018-03-05,,,,D07,L3,0,2018-09-01,active
E02204,冯洁*,男,1985,2017-11-17,2025-08-09,vol,R02,D12,L3,0,2018-02-15,left
E02205,孔凡艳,男,1995,2019-07-24,,,,D01,L4,0,2019-10-22,active
E02206,朱磊*,女,1992,2024-08-16,2025-06-13,invol,R08,D02,L3,0,2024-11-14,left
E02207,孙惠凡,女,1987,2023-04-06,,,,D03,L7,0,2023-07-05,active
E02208,尤玉*,男,1992,2022-02-18,,,,D08,L2,1,2022-08-17,active
E02209,秦娟*,男,1997,2024-12-09,,,,D04,L3,0,2025-03-09,active
E02210,蒋梅*,男,1984,2022-08-31,,,,D05,L2,0,2022-11-29,active
E02211,韩芬*,男,1996,2024-06-15,2025-09-20,vol,R01,D03,L1,0,2024-09-13,left
E02212,孙红*,男,1982,2018-08-06,,,,D03,L1,0,2018-11-04,active
E02213,王娜*,女,1986,2019-05-24,,,,D01,L2,0,2019-08-22,active
E02214,蒋荣*,男,1992,2023-07-18,,,,D01,L3,0,2023-10-16,active
E02215,朱华*,女,1989,2023-04-25,,,,D04,L2,0,2023-07-24,active
E02216,韩洋涛,女,1992,2019-11-24,,,,D11,L1,1,2020-02-22,active
E02217,严伟*,女,1988,2024-05-25,,,,D01,L4,0,2024-08-23,active
E02218,冯春云,女,2002,2024-09-03,,,,D12,L5,0,2025-03-02,active
E02219,吴玲*,男,2001,2023-06-16,,,,D07,L2,0,2023-09-14,active
E02220,吴雅*,女,1997,2024-08-03,,,,D05,L2,0,2024-11-01,active
E02221,李莲*,男,1997,2021-03-18,,,,D02,L2,0,2021-06-16,active
E02222,孔娥*,男,1989,2022-04-21,2025-04-03,vol,R03,D01,L1,0,2022-10-18,left
E02223,金红*,女,1990,2022-04-15,2025-11-07,invol,R07,D05,L1,0,2022-10-12,left
E02224,韩真芬,男,1993,2017-04-23,,,,D01,L6,0,2017-07-22,active
E02225,周丽*,女,1989,2023-07-09,,,,D11,L4,0,2023-10-07,active
E02226,严杰*,男,1987,2018-10-09,,,,D01,L3,1,2019-01-07,active
E02227,孔怡嘉,男,1995,2017-10-09,,,,D01,L2,1,2018-04-07,active
E02228,魏莺*,男,1988,2024-12-06,2025-02-06,vol,R04,D01,L4,0,2025-03-06,left
E02229,孙霞*,男,1992,2018-06-17,2025-07-27,vol,R04,D01,L1,0,2018-12-14,left
E02230,钱巧娥,女,1994,2022-05-27,,,,D02,L3,0,2022-08-25,active
E02231,许雪凤,男,1992,2017-04-17,,,,D02,L1,0,2017-07-16,active
E02232,张玉磊,男,1994,2021-05-18,,,,D02,L3,0,2021-08-16,active
E02233,陶月*,男,1995,2021-03-18,,,,D12,L4,1,2021-09-14,active
E02234,陈淑洁,女,1987,2021-05-11,,,,D10,L4,0,2021-08-09,active
E02235,吴芝*,男,1998,2020-06-21,,,,D01,L3,0,2020-09-19,active
E02236,喻杰*,男,1987,2019-06-16,,,,D01,L6,1,2019-09-14,active
E02237,蒋素真,女,1988,2021-01-06,2025-03-03,invol,R06,D02,L1,0,2021-04-06,left
E02238,何琳*,男,1988,2021-02-09,2025-01-26,invol,R06,D10,L1,0,2021-08-08,left
E02239,陈琳*,女,1997,2019-12-17,2025-02-06,vol,R01,D05,L1,0,2020-03-16,left
E02240,吴涛磊,女,1992,2024-11-12,2025-10-22,vol,R03,D01,L1,0,2025-02-10,left
E02241,戚勇*,女,2001,2024-10-16,,,,D01,L4,1,2025-01-14,active
E02242,孔强环,男,1992,2024-11-05,,,,D03,L3,0,2025-05-04,active
E02243,杨雪琳,男,1990,2017-10-02,2025-10-02,invol,R08,D12,L2,0,2018-03-31,left
E02244,冯娜*,男,2000,2024-10-19,,,,D07,L2,0,2025-01-17,active
E02245,陈静*,男,1993,2017-02-28,,,,D07,L3,0,2017-08-27,active
E02246,周雪妹,男,1986,2022-06-25,,,,D01,L1,0,2022-09-23,active
E02247,邹华环,女,1996,2024-05-28,,,,D08,L3,0,2024-08-26,active
E02248,何巧春,男,2002,2024-04-03,,,,D07,L3,0,2024-07-02,active
E02249,邹妹*,男,1997,2019-07-10,,,,D11,L2,0,2019-10-08,active
E02250,钱菊艳,男,1995,2024-10-10,2025-07-27,vol,R03,D01,L2,0,2025-01-08,left
E02251,陶欣*,女,1989,2020-01-28,,,,D05,L3,0,2020-07-26,active
E02252,杨莺*,女,1994,2023-02-10,,,,D03,L1,0,2023-08-09,active
E02253,卫春*,女,1986,2017-05-07,2025-06-29,invol,R06,D05,L3,0,2017-11-03,left
E02254,施瑞春,女,1988,2022-01-16,2025-11-22,invol,R08,D07,L6,1,2022-04-16,left
E02255,曹月*,男,1995,2017-06-04,2025-12-11,invol,R07,D06,L1,0,2017-09-02,left
E02256,张芳慧,女,1984,2017-05-28,,,,D01,L2,1,2017-08-26,active
E02257,褚萍秀,男,1992,2024-12-24,,,,D03,L6,1,2025-03-24,active
E02258,谢淑*,女,1987,2017-12-29,,,,D05,L1,0,2018-03-29,active
E02259,金娜秀,女,1993,2022-07-19,,,,D04,L1,0,2022-10-17,active
E02260,沈真*,女,1984,2020-05-16,,,,D01,L1,0,2020-08-14,active
E02261,许萍超,男,1993,2023-04-21,2025-06-27,invol,R08,D03,L2,0,2023-07-20,left
E02262,何静*,男,1991,2020-03-31,,,,D05,L1,0,2020-06-29,active
E02263,沈涛英,女,1995,2020-01-31,,,,D10,L3,0,2020-04-30,active
E02264,华莲媛,女,1996,2018-06-23,2025-07-12,vol,R03,D06,L4,1,2018-09-21,left
E02265,朱莺*,男,1993,2023-11-12,,,,D06,L6,1,2024-02-10,active
E02266,严燕*,女,1984,2019-03-30,,,,D12,L1,0,2019-06-28,active
E02267,严荣*,女,1994,2024-05-02,,,,D06,L1,0,2024-07-31,active
E02268,冯强*,女,1990,2023-04-19,2025-04-11,invol,R06,D09,L2,0,2023-07-18,left
E02269,许凡美,女,1990,2022-04-21,,,,D11,L4,0,2022-10-18,active
E02270,何春*,女,1977,2021-02-16,,,,D03,L1,0,2021-08-15,active
E02271,钱芝*,女,1991,2022-05-20,,,,D11,L1,0,2022-08-18,active
E02272,华军彩,男,1986,2018-01-14,,,,D09,L4,1,2018-07-13,active
E02273,卫丽*,男,1994,2020-12-28,,,,D08,L4,0,2021-03-28,active
E02274,金翠*,女,2000,2022-05-19,,,,D02,L5,1,2022-08-17,active
E02275,喻梅莺,男,1992,2022-09-08,,,,D01,L4,1,2022-12-07,active
E02276,蒋云云,女,1978,2019-07-26,2025-10-03,invol,R06,D01,L6,0,2020-01-22,left
E02277,姜玲*,男,1999,2022-04-25,2025-04-18,invol,R06,D01,L3,0,2022-07-24,left
E02278,冯莺*,女,1993,2023-10-31,2025-01-13,vol,R01,D11,L3,0,2024-04-28,left
E02279,谢梅英,女,1989,2022-10-31,2025-02-05,vol,R04,D03,L3,0,2023-01-29,left
E02280,朱芝莺,女,1990,2017-05-16,,,,D03,L3,0,2017-08-14,active
E02281,许玲*,男,1984,2019-12-27,2025-08-22,vol,R02,D06,L3,0,2020-06-24,left
E02282,褚爱*,男,1992,2023-10-25,,,,D05,L5,0,2024-01-23,active
E02283,杨凤嘉,女,1990,2023-12-06,,,,D01,L2,0,2024-03-05,active
E02284,华琳*,女,1993,2023-04-06,,,,D02,L5,0,2023-07-05,active
E02285,沈彩瑞,男,1982,2020-05-24,2025-09-29,invol,R06,D10,L2,0,2020-11-20,left
E02286,孔杰静,女,1994,2024-10-27,,,,D02,L1,1,2025-01-25,active
E02287,何芬*,男,1988,2020-10-22,,,,D11,L1,0,2021-01-20,active
E02288,卫翠*,男,1983,2021-03-06,,,,D12,L3,0,2021-06-04,active
E02289,尤香*,男,1985,2018-11-26,2025-12-18,invol,R08,D03,L4,1,2019-05-25,left
E02290,吕静梅,男,1990,2024-06-26,2025-07-22,invol,R09,D04,L2,0,2024-09-24,left
E02291,许红琳,女,1990,2022-05-17,,,,D04,L1,0,2022-08-15,active
E02292,吴英*,女,1987,2019-02-26,,,,D07,L1,0,2019-08-25,active
E02293,邹芝敏,男,1988,2018-09-07,,,,D02,L1,0,2019-03-06,active
E02294,吕兰*,男,1994,2022-08-10,,,,D12,L1,0,2022-11-08,active
E02295,韩秀*,男,2000,2023-04-17,2025-09-23,invol,R07,D10,L4,1,2023-10-14,left
E02296,杨环英,男,1988,2019-12-04,,,,D12,L5,0,2020-03-03,active
E02297,孙妹莺,男,1999,2024-12-17,2025-05-18,invol,R07,D01,L2,0,2025-03-17,left
E02298,许静*,男,1989,2017-06-27,2025-09-28,vol,R05,D05,L1,0,2017-09-25,left
E02299,周慧云,男,1979,2017-12-09,2025-08-24,vol,R01,D08,L4,0,2018-06-07,left
E02300,李超嘉,男,1984,2018-08-13,,,,D01,L1,0,2018-11-11,active
E02301,金巧英,男,1984,2019-08-30,,,,D01,L3,0,2019-11-28,active
E02302,褚荣强,女,1992,2024-05-08,2025-12-13,vol,R01,D11,L5,1,2024-08-06,left
E02303,严娜红,男,1994,2020-02-01,2025-06-08,vol,R01,D03,L1,0,2020-07-30,left
E02304,朱媛*,男,1984,2023-10-14,,,,D11,L2,0,2024-01-12,active
E02305,陈嘉*,男,1994,2022-05-29,,,,D03,L4,0,2022-08-27,active
E02306,曹洋云,男,1987,2024-05-16,,,,D01,L3,0,2024-11-12,active
E02307,曹嘉*,女,1987,2024-12-26,,,,D01,L2,0,2025-03-26,active
E02308,张军*,男,1983,2017-05-19,,,,D05,L7,1,2017-08-17,active
E02309,秦勇娜,女,1990,2024-07-25,,,,D01,L4,0,2024-10-23,active
E02310,陶伟环,女,1991,2021-06-19,,,,D03,L3,0,2021-09-17,active
E02311,韩翠*,男,1998,2023-01-14,2025-08-28,invol,R07,D04,L1,0,2023-04-14,left
E02312,李菊艳,男,1999,2022-06-02,,,,D01,L1,0,2022-08-31,active
E02313,赵素*,女,1984,2017-10-31,,,,D02,L3,0,2018-01-29,active
E02314,卫媛*,男,1991,2022-02-21,,,,D05,L4,0,2022-05-22,active
E02315,金彩*,女,1984,2022-04-01,2025-12-07,invol,R09,D07,L5,1,2022-06-30,left
E02316,吴环*,女,1995,2022-11-11,2025-01-23,vol,R02,D02,L1,0,2023-02-09,left
E02317,魏雅爱,女,1989,2022-06-18,,,,D08,L1,0,2022-09-16,active
E02318,赵欣*,男,1999,2021-04-13,,,,D03,L3,0,2021-10-10,active
E02319,吴玲*,女,1983,2019-03-05,,,,D05,L2,0,2019-06-03,active
E02320,金萍*,男,1992,2024-01-26,,,,D01,L1,0,2024-04-25,active
E02321,郑涛*,男,1994,2021-06-16,2025-03-21,invol,R08,D12,L1,0,2021-09-14,left
E02322,喻菊巧,女,1987,2021-10-25,,,,D01,L1,0,2022-04-23,active
E02323,邹芳丽,男,1988,2021-04-18,,,,D11,L2,0,2021-07-17,active
E02324,冯芳*,男,1977,2018-07-11,,,,D02,L3,0,2018-10-09,active
E02325,陈军芬,男,1988,2024-04-26,2025-09-06,vol,R01,D03,L4,0,2024-07-25,left
E02326,魏娟*,男,1995,2021-08-05,,,,D04,L1,0,2021-11-03,active
E02327,施英娜,男,1998,2022-03-05,,,,D03,L2,0,2022-09-01,active
E02328,邹欣*,女,1985,2018-09-13,,,,D03,L3,0,2018-12-12,active
E02329,冯珠*,女,1992,2023-04-18,2025-09-03,vol,R02,D11,L1,1,2023-10-15,left
E02330,沈萍*,男,2001,2023-04-10,,,,D01,L4,0,2023-10-07,active
E02331,王军雪,男,1990,2018-09-11,,,,D04,L2,0,2018-12-10,active
E02332,严兰怡,女,1982,2020-01-31,,,,D01,L1,0,2020-04-30,active
E02333,金美瑞,男,1994,2023-12-09,,,,D01,L6,0,2024-03-08,active
E02334,郑超惠,女,1999,2023-08-05,2025-06-04,invol,R07,D04,L2,1,2023-11-03,left
E02335,许洁嘉,女,1999,2021-07-30,,,,D02,L1,0,2021-10-28,active
E02336,褚怡*,男,1992,2023-12-09,,,,D02,L5,0,2024-06-06,active
E02337,谢彩*,男,1999,2021-09-23,2025-09-13,vol,R01,D03,L2,0,2021-12-22,left
E02338,杨勇巧,未披露,1996,2020-03-05,,,,D05,L2,0,2020-06-03,active
E02339,华云*,男,1989,2018-06-02,,,,D12,L1,0,2018-08-31,active
E02340,吕娜*,女,2000,2022-05-30,,,,D04,L1,0,2022-08-28,active
E02341,吴伟*,男,1995,2017-03-13,,,,D06,L2,0,2017-06-11,active
E02342,张艳*,女,1993,2023-12-24,,,,D11,L4,1,2024-06-21,active
E02343,吕珠*,女,1983,2017-07-05,,,,D02,L3,0,2017-10-03,active
E02344,褚洁香,女,1999,2024-01-17,,,,D11,L1,1,2024-07-15,active
E02345,韩香月,男,1990,2020-01-16,,,,D05,L2,0,2020-04-15,active
E02346,严芬*,女,1997,2024-08-17,,,,D05,L3,0,2024-11-15,active
E02347,华凡惠,男,1976,2022-10-30,,,,D01,L1,0,2023-04-28,active
E02348,金敏*,男,1987,2018-08-23,2025-01-19,invol,R07,D10,L3,0,2018-11-21,left
E02349,秦静*,男,1997,2023-11-15,,,,D01,L3,0,2024-02-13,active
E02350,杨嘉*,男,1982,2023-05-11,,,,D01,L6,0,2023-11-07,active
E02351,喻洋*,男,1993,2024-09-09,,,,D06,L3,0,2025-03-08,active
E02352,魏娜*,男,1987,2023-01-12,,,,D05,L2,0,2023-04-12,active
E02353,尤梅凤,男,1993,2021-11-02,,,,D04,L3,0,2022-01-31,active
E02354,孔秀勇,男,1986,2022-12-24,,,,D03,L2,0,2023-03-24,active
E02355,张英磊,女,2000,2023-01-13,2025-11-11,invol,R07,D12,L6,0,2023-04-13,left
E02356,周娜*,男,1993,2020-08-18,,,,D06,L4,0,2020-11-16,active
E02357,朱莺*,男,1990,2023-07-17,,,,D03,L3,0,2023-10-15,active
E02358,吴巧芬,男,1983,2024-06-26,,,,D11,L4,1,2024-09-24,active
E02359,朱艳*,女,1982,2019-10-12,2025-07-10,vol,R03,D06,L2,0,2020-04-09,left
E02360,李敏*,女,1988,2018-01-23,2025-09-19,vol,R01,D09,L3,0,2018-04-23,left
E02361,吴涛*,女,2000,2023-10-29,,,,D02,L2,0,2024-01-27,active
E02362,华美爱,女,1995,2017-03-28,2025-03-10,vol,R03,D04,L4,1,2017-06-26,left
E02363,沈佳*,女,1989,2022-01-02,2025-01-17,vol,R01,D01,L1,0,2022-04-02,left
E02364,喻欣云,女,1989,2021-02-21,,,,D06,L1,0,2021-05-22,active
E02365,沈静*,男,2001,2023-01-27,2025-11-02,invol,R06,D12,L5,0,2023-04-27,left
E02366,李燕军,男,1997,2024-09-13,,,,D03,L3,0,2024-12-12,active
E02367,尤静*,女,1985,2018-07-14,,,,D11,L1,0,2019-01-10,active
E02368,朱素*,男,1990,2019-12-03,2025-08-24,vol,R01,D12,L5,1,2020-05-31,left
E02369,施月*,女,1994,2018-02-15,,,,D01,L2,0,2018-05-16,active
E02370,戚洋*,男,1979,2019-09-09,,,,D12,L5,0,2020-03-07,active
E02371,沈磊*,女,1979,2024-10-29,,,,D11,L4,1,2025-01-27,active
E02372,曹玉秀,男,1995,2023-02-23,2025-02-26,vol,R02,D12,L5,1,2023-08-22,left
E02373,姜军*,男,1982,2020-03-31,,,,D01,L3,0,2020-06-29,active
E02374,邹瑞*,男,1987,2023-11-04,2025-03-08,invol,R07,D11,L5,0,2024-02-02,left
E02375,谢菊英,男,2001,2024-02-25,,,,D06,L1,0,2024-05-25,active
E02376,王荣珠,男,1991,2023-03-27,2025-02-18,vol,R01,D11,L7,0,2023-06-25,left
E02377,蒋英娜,男,1992,2019-08-13,,,,D01,L4,0,2020-02-09,active
E02378,陶娥*,男,1993,2022-06-08,,,,D01,L2,0,2022-09-06,active
E02379,王红*,男,1999,2024-07-05,2025-03-14,vol,R04,D02,L1,0,2024-10-03,left
E02380,许珠军,男,1992,2024-08-12,,,,D02,L1,0,2024-11-10,active
E02381,曹娜凤,男,1990,2024-07-29,,,,D02,L2,0,2024-10-27,active
E02382,孔佳雅,女,1991,2022-12-02,2025-02-10,invol,R07,D03,L1,0,2023-05-31,left
E02383,施雪敏,男,1986,2023-09-30,,,,D01,L3,0,2024-03-28,active
E02384,陈翠云,女,1994,2018-08-14,,,,D08,L2,0,2018-11-12,active
E02385,孔欣*,女,1998,2023-09-26,,,,D02,L4,1,2024-03-24,active
E02386,吴雪琳,男,1998,2021-03-18,,,,D01,L6,1,2021-06-16,active
E02387,喻娥*,女,1993,2024-03-16,,,,D07,L1,0,2024-06-14,active
E02388,吕明*,女,2000,2022-04-13,,,,D01,L1,0,2022-07-12,active
E02389,陶梅超,女,1997,2023-10-09,2025-10-05,vol,R01,D03,L1,0,2024-01-07,left
E02390,周香*,男,1991,2024-12-29,,,,D02,L6,0,2025-06-27,active
E02391,褚爱*,女,1989,2020-02-25,,,,D07,L4,0,2020-05-25,active
E02392,郑超芬,男,1981,2020-04-11,,,,D05,L2,0,2020-10-08,active
E02393,许芬*,女,1991,2022-09-29,,,,D11,L5,1,2023-03-28,active
E02394,陈淑艳,女,1978,2020-10-21,,,,D01,L4,0,2021-01-19,active
E02395,何云*,女,1999,2023-01-24,,,,D03,L3,0,2023-04-24,active
E02396,周欣莺,男,1997,2024-09-12,,,,D12,L3,0,2024-12-11,active
E02397,严明*,男,1978,2021-09-26,2025-11-07,invol,R07,D11,L2,0,2021-12-25,left
E02398,李月*,男,1997,2022-11-15,,,,D02,L1,0,2023-02-13,active
E02399,吕娜*,男,1994,2023-06-20,,,,D12,L3,0,2023-09-18,active
E02400,陶明凤,女,1995,2017-04-16,,,,D01,L6,1,2017-07-15,active
E02401,曹艳磊,女,1995,2024-09-14,,,,D05,L1,0,2025-03-13,active
E02402,喻珠琳,男,1999,2022-09-11,,,,D03,L2,0,2023-03-10,active
E02403,陶芳娜,男,1984,2022-09-22,2025-09-27,vol,R02,D03,L5,0,2023-03-21,left
E02404,华翠*,女,1982,2019-05-08,2025-10-14,vol,R03,D03,L4,0,2019-08-06,left
E02405,许霞美,男,2002,2024-11-20,,,,D05,L3,0,2025-02-18,active
E02406,冯爱*,女,1988,2018-08-02,,,,D02,L1,0,2018-10-31,active
E02407,孙静*,男,1972,2019-05-20,,,,D03,L2,0,2019-08-18,active
E02408,沈超莲,女,1981,2024-10-22,2025-11-10,invol,R08,D06,L2,0,2025-01-20,left
E02409,魏红丽,女,1992,2023-03-04,,,,D07,L5,1,2023-08-31,active
E02410,陶素*,男,1993,2024-09-13,,,,D04,L3,0,2024-12-12,active
E02411,曹雪惠,女,1989,2022-01-26,,,,D02,L4,0,2022-07-25,active
E02412,谢雅*,男,1987,2017-01-28,,,,D11,L6,0,2017-04-28,active
E02413,李伟*,男,1990,2021-12-25,,,,D05,L1,0,2022-03-25,active
E02414,蒋明嘉,男,1998,2024-02-12,,,,D01,L2,0,2024-05-12,active
E02415,金杰素,男,1999,2022-10-17,,,,D07,L3,0,2023-01-15,active
E02416,孔芳*,女,2002,2024-08-02,,,,D06,L2,0,2025-01-29,active
E02417,华芳*,男,1997,2019-11-14,,,,D06,L4,1,2020-02-12,active
E02418,张惠*,女,1987,2018-11-22,2025-10-30,invol,R07,D12,L7,0,2019-02-20,left
E02419,谢珠勇,男,1996,2020-09-18,,,,D06,L4,1,2020-12-17,active
E02420,施琳敏,男,1998,2024-04-23,,,,D01,L5,1,2024-07-22,active
E02421,姜荣*,女,1998,2022-06-13,,,,D11,L2,0,2022-12-10,active
E02422,吴伟*,男,1998,2021-04-03,,,,D02,L1,0,2021-07-02,active
E02423,尤惠荣,男,1983,2018-07-15,,,,D01,L4,0,2018-10-13,active
E02424,尤荣*,男,1983,2017-11-24,,,,D08,L3,0,2018-05-23,active
E02425,陈莺云,男,1995,2024-02-18,,,,D06,L1,0,2024-05-18,active
E02426,卫巧惠,男,1988,2019-09-19,,,,D02,L2,0,2019-12-18,active
E02427,赵燕*,女,1984,2023-09-22,,,,D03,L1,0,2023-12-21,active
E02428,金淑嘉,男,1985,2019-11-06,2025-08-09,invol,R08,D02,L5,0,2020-02-04,left
E02429,严芳琳,女,1992,2024-09-08,,,,D03,L1,0,2024-12-07,active
E02430,许萍珠,女,2002,2024-12-14,,,,D06,L4,0,2025-03-14,active
E02431,吕莲*,女,1985,2019-06-23,,,,D11,L3,0,2019-09-21,active
E02432,谢佳*,女,2002,2024-03-02,2025-03-31,invol,R07,D03,L2,0,2024-05-31,left
E02433,何磊*,女,1997,2023-10-06,,,,D01,L1,0,2024-01-04,active
E02434,韩燕雅,男,1986,2020-08-23,,,,D02,L4,0,2020-11-21,active
E02435,赵怡*,男,1989,2024-04-15,,,,D01,L1,0,2024-07-14,active
E02436,沈艳*,男,1988,2022-08-11,,,,D03,L1,0,2023-02-07,active
E02437,孙芝环,男,1989,2019-10-06,,,,D06,L1,0,2020-04-03,active
E02438,孙丽燕,女,1993,2021-06-30,,,,D01,L4,0,2021-09-28,active
E02439,何春敏,女,2002,2024-01-20,2025-04-12,invol,R07,D01,L2,0,2024-04-19,left
E02440,周娜梅,女,1983,2018-07-28,,,,D09,L2,0,2019-01-24,active
E02441,王静素,女,1999,2021-08-01,,,,D01,L4,0,2021-10-30,active
E02442,戚妹凡,男,1985,2024-08-28,2025-11-29,vol,R02,D01,L7,1,2024-11-26,left
E02443,喻琳*,女,1986,2024-12-18,2025-07-11,vol,R05,D11,L4,0,2025-06-16,left
E02444,施慧丽,男,1984,2024-09-15,2025-06-29,invol,R09,D04,L4,0,2024-12-14,left
E02445,张怡莲,女,1989,2023-10-03,,,,D01,L3,0,2024-01-01,active
E02446,卫荣超,男,1997,2021-08-03,,,,D06,L1,0,2022-01-30,active
E02447,王明强,女,1980,2017-11-22,2025-09-25,vol,R02,D09,L2,1,2018-02-20,left
E02448,韩翠*,女,2002,2024-10-03,,,,D01,L1,0,2025-01-01,active
E02449,尤凤佳,女,1996,2018-05-01,2025-04-17,invol,R07,D06,L1,0,2018-07-30,left
E02450,曹强梅,女,1994,2018-12-30,2025-09-02,vol,R01,D01,L4,1,2019-03-30,left
E02451,喻芳*,女,1993,2024-10-29,2025-01-22,vol,R04,D07,L1,0,2025-04-27,left
E02452,孙芝*,女,1988,2018-09-12,,,,D04,L5,1,2018-12-11,active
E02453,戚静*,男,1997,2021-05-15,,,,D01,L5,0,2021-11-11,active
E02454,施丽*,女,1987,2022-10-01,,,,D12,L4,1,2023-03-30,active
E02455,华美*,女,1995,2024-06-05,2025-06-04,invol,R08,D01,L7,0,2024-09-03,left
E02456,郑真芬,女,1986,2022-04-28,,,,D03,L5,0,2022-07-27,active
E02457,孔超香,女,1999,2024-07-20,,,,D12,L3,0,2025-01-16,active
E02458,蒋彩超,男,1983,2019-07-17,,,,D01,L4,0,2019-10-15,active
E02459,姜瑞芳,未披露,1994,2021-02-02,,,,D01,L1,1,2021-05-03,active
E02460,陈玲*,女,1999,2023-01-08,,,,D01,L1,0,2023-04-08,active
E02461,孔军*,女,1982,2018-11-01,,,,D01,L5,1,2019-01-30,active
E02462,吴静嘉,女,1988,2019-06-07,2025-04-22,vol,R05,D01,L5,1,2019-09-05,left
E02463,吴英娥,男,1992,2020-12-04,,,,D11,L1,0,2021-03-04,active
E02464,秦敏瑞,女,1996,2023-12-31,,,,D03,L1,0,2024-06-28,active
E02465,许丽杰,女,1996,2018-01-06,,,,D11,L2,0,2018-04-06,active
E02466,谢勇*,男,1999,2021-09-09,,,,D05,L2,0,2022-03-08,active
E02467,华珠琳,男,1986,2019-01-24,,,,D03,L2,0,2019-04-24,active
E02468,谢英*,女,1995,2023-08-13,,,,D07,L2,0,2023-11-11,active
E02469,魏欣娜,男,1990,2020-10-27,,,,D04,L2,0,2021-01-25,active
E02470,陶慧*,男,1990,2017-02-26,,,,D06,L1,0,2017-05-27,active
E02471,戚香*,女,1999,2022-06-24,,,,D06,L6,1,2022-09-22,active
E02472,喻琳娟,男,1993,2022-03-10,,,,D02,L5,0,2022-09-06,active
E02473,韩伟明,男,1988,2024-07-01,,,,D01,L6,0,2024-12-28,active
E02474,魏彩*,女,2000,2023-08-10,,,,D01,L5,1,2023-11-08,active
E02475,金巧莺,男,1980,2019-02-27,,,,D01,L1,1,2019-08-26,active
E02476,姜琳梅,女,1985,2024-11-18,,,,D09,L2,0,2025-02-16,active
E02477,冯涛*,女,1978,2020-10-20,,,,D05,L3,0,2021-01-18,active
E02478,尤丽惠,男,1985,2023-10-14,,,,D01,L5,1,2024-01-12,active
E02479,王彩欣,男,2002,2024-03-11,,,,D01,L2,0,2024-06-09,active
E02480,韩环*,男,1996,2022-03-30,,,,D10,L6,0,2022-06-28,active
E02481,卫超*,男,1994,2024-12-12,,,,D06,L7,1,2025-03-12,active
E02482,金秀*,女,1991,2018-07-14,,,,D01,L3,0,2019-01-10,active
E02483,孙环*,女,1994,2024-02-17,,,,D12,L3,1,2024-05-17,active
E02484,朱惠怡,女,1998,2023-09-04,,,,D09,L1,0,2023-12-03,active
E02485,陈红*,男,1979,2018-04-17,,,,D01,L7,0,2018-07-16,active
E02486,韩云*,男,1992,2021-06-21,,,,D12,L4,1,2021-09-19,active
E02487,朱巧*,女,1981,2020-03-24,,,,D01,L6,0,2020-06-22,active
E02488,姜环*,男,1998,2024-08-18,2025-12-02,vol,R01,D03,L4,0,2024-11-16,left
E02489,施翠敏,男,1991,2024-01-23,,,,D12,L1,0,2024-04-22,active
E02490,赵瑞涛,男,1978,2019-02-23,2025-04-22,invol,R06,D02,L2,1,2019-05-24,left
E02491,蒋雪凡,男,1989,2024-09-15,,,,D05,L6,0,2024-12-14,active
E02492,孔萍娜,男,1987,2021-03-25,,,,D02,L5,0,2021-06-23,active
E02493,孔莺莲,男,1987,2021-01-23,,,,D03,L3,0,2021-04-23,active
E02494,华彩*,男,1993,2021-03-16,2025-09-01,vol,R03,D01,L4,0,2021-06-14,left
E02495,张琳霞,女,1980,2021-05-07,,,,D05,L3,0,2021-08-05,active
E02496,郑莺惠,男,1996,2018-04-27,,,,D05,L1,0,2018-07-26,active
E02497,喻荣静,男,1981,2018-09-28,,,,D11,L2,0,2018-12-27,active
E02498,尤珠静,男,1991,2020-05-13,,,,D06,L2,0,2020-11-09,active
E02499,施真红,男,1995,2023-09-04,2025-05-06,invol,R09,D07,L2,0,2023-12-03,left
E02500,金勇*,男,1987,2020-07-17,,,,D10,L1,0,2020-10-15,active
E02501,张芝*,女,1987,2023-11-22,,,,D01,L4,0,2024-02-20,active
E02502,吕敏*,女,1999,2023-08-31,,,,D08,L2,0,2023-11-29,active
E02503,张环娜,女,1991,2021-07-03,,,,D06,L1,0,2021-10-01,active
E02504,钱媛*,男,1991,2022-09-13,2025-05-12,invol,R06,D01,L4,0,2023-03-12,left
E02505,郑丽英,女,1996,2024-09-27,,,,D03,L7,0,2024-12-26,active
E02506,秦爱*,男,1989,2022-04-29,2025-12-16,invol,R08,D12,L1,0,2022-07-28,left
E02507,陶红*,女,1987,2018-01-23,2025-05-25,invol,R07,D05,L6,0,2018-04-23,left
E02508,姜妹*,女,1977,2019-07-23,,,,D08,L1,0,2019-10-21,active
E02509,陶淑*,男,1990,2018-05-11,,,,D03,L3,0,2018-08-09,active
E02510,张娥媛,男,1987,2024-12-17,,,,D04,L1,0,2025-06-15,active
E02511,曹欣*,女,1991,2023-03-14,,,,D03,L2,0,2023-06-12,active
E02512,褚娜*,女,2000,2022-01-30,2025-05-17,invol,R07,D06,L4,0,2022-04-30,left
E02513,郑惠玉,男,1996,2021-05-09,,,,D03,L3,0,2021-08-07,active
E02514,周丽环,女,1990,2022-05-25,2025-09-15,invol,R06,D06,L3,0,2022-08-23,left
E02515,许霞*,男,1996,2018-03-20,,,,D01,L3,0,2018-06-18,active
E02516,吕芬伟,男,1988,2019-01-29,,,,D11,L5,0,2019-04-29,active
E02517,孔萍*,男,1989,2022-02-08,2025-07-31,invol,R07,D12,L2,0,2022-05-09,left
E02518,秦丽春,女,1988,2019-09-10,,,,D12,L3,0,2019-12-09,active
E02519,吕华*,女,1985,2024-12-12,,,,D05,L2,1,2025-03-12,active
E02520,曹云*,男,1987,2019-09-18,2025-04-04,vol,R03,D01,L5,0,2019-12-17,left
E02521,王梅*,女,1990,2017-12-19,,,,D12,L1,1,2018-03-19,active
E02522,施珠*,男,1991,2024-03-29,,,,D12,L1,0,2024-09-25,active
E02523,孔怡*,男,1997,2024-12-15,,,,D11,L4,1,2025-03-15,active
E02524,许欣*,女,1994,2018-05-17,,,,D03,L5,0,2018-11-13,active
E02525,吕菊*,女,1983,2019-07-22,2025-07-31,invol,R06,D09,L3,0,2019-10-20,left
E02526,冯妹超,男,1999,2024-09-26,,,,D12,L5,0,2024-12-25,active
E02527,吕凤玉,男,1999,2023-03-09,2025-04-12,vol,R04,D01,L3,0,2023-06-07,left
E02528,郑凤*,男,1989,2021-04-07,,,,D06,L2,0,2021-07-06,active
E02529,朱芬*,女,1982,2021-06-15,,,,D02,L4,1,2021-09-13,active
E02530,施惠*,女,2000,2023-04-04,,,,D02,L3,0,2023-07-03,active
E02531,金凡娥,女,1985,2018-07-02,,,,D02,L2,0,2018-09-30,active
E02532,杨艳静,男,1990,2023-01-04,2025-06-22,invol,R08,D01,L3,1,2023-04-04,left
E02533,魏红娟,女,1996,2023-08-07,,,,D08,L5,1,2023-11-05,active
E02534,张翠*,女,1992,2020-05-04,,,,D01,L3,0,2020-08-02,active
E02535,陈瑞*,男,1992,2022-05-08,,,,D03,L2,0,2022-11-04,active
E02536,郑凡强,女,1990,2019-01-28,2025-11-08,invol,R09,D01,L6,1,2019-04-28,left
E02537,华娜爱,男,1994,2023-01-05,,,,D12,L6,0,2023-04-05,active
E02538,喻梅燕,女,1988,2024-02-07,,,,D12,L5,0,2024-05-07,active
E02539,褚艳月,男,1988,2021-12-13,2025-03-18,vol,R01,D05,L5,1,2022-03-13,left
E02540,严静*,女,1989,2021-06-27,,,,D12,L3,0,2021-12-24,active
E02541,蒋勇*,男,1994,2017-02-23,,,,D02,L1,0,2017-08-22,active
E02542,杨珠妹,男,2002,2024-11-14,,,,D01,L1,0,2025-02-12,active
E02543,周珠*,女,1988,2024-04-02,,,,D02,L3,0,2024-09-29,active
E02544,冯芳*,女,1995,2021-10-08,,,,D02,L2,0,2022-04-06,active
E02545,秦敏*,女,1998,2024-03-26,,,,D05,L1,0,2024-06-24,active
E02546,何怡*,女,1987,2020-04-16,,,,D06,L3,0,2020-07-15,active
E02547,朱莲珠,男,1992,2018-11-16,,,,D12,L3,0,2019-02-14,active
E02548,陈淑芳,男,1992,2020-02-07,,,,D12,L2,0,2020-05-07,active
E02549,孔莲*,女,1980,2019-03-09,,,,D12,L4,0,2019-09-05,active
E02550,冯娥*,男,2002,2024-07-15,,,,D03,L1,0,2024-10-13,active
E02551,周惠*,男,2001,2024-11-01,,,,D03,L1,0,2025-01-30,active
E02552,吕菊菊,女,1987,2018-03-29,,,,D06,L2,0,2018-09-25,active
E02553,周超艳,女,1997,2022-10-06,,,,D05,L3,0,2023-01-04,active
E02554,孙素*,男,1991,2023-10-08,,,,D01,L6,0,2024-01-06,active
E02555,魏杰秀,男,1989,2023-10-29,,,,D01,L7,1,2024-01-27,active
E02556,吕雪*,女,1988,2020-10-18,2025-09-20,vol,R01,D01,L3,0,2021-01-16,left
E02557,戚媛雪,男,1996,2018-04-13,,,,D06,L7,1,2018-10-10,active
E02558,喻杰*,女,1990,2018-07-18,,,,D01,L1,0,2018-10-16,active
E02559,谢娥*,女,1989,2019-02-05,,,,D11,L1,0,2019-05-06,active
E02560,吕超*,女,1994,2018-10-14,,,,D06,L4,0,2019-01-12,active
E02561,赵艳*,女,1991,2024-09-11,,,,D11,L3,0,2024-12-10,active
E02562,冯娟*,男,1981,2024-07-28,,,,D05,L1,0,2025-01-24,active
E02563,杨勇霞,女,1972,2019-02-07,,,,D02,L1,0,2019-05-08,active
E02564,曹艳梅,男,1980,2024-03-31,,,,D02,L2,1,2024-06-29,active
E02565,杨环媛,男,1990,2019-07-06,,,,D07,L2,0,2019-10-04,active
E02566,华瑞*,男,1986,2019-11-29,,,,D04,L5,1,2020-02-27,active
E02567,蒋娜琳,女,1980,2017-06-25,2025-01-29,vol,R05,D08,L5,1,2017-09-23,left
E02568,何勇荣,男,1985,2019-02-06,,,,D02,L5,0,2019-05-07,active
E02569,朱雪兰,男,1985,2021-03-30,,,,D05,L1,0,2021-06-28,active
E02570,周菊佳,男,1984,2019-09-20,,,,D01,L4,1,2020-03-18,active
E02571,杨伟*,男,1998,2024-11-12,,,,D06,L1,0,2025-02-10,active
E02572,尤明*,女,1989,2023-06-20,,,,D12,L1,0,2023-09-18,active
E02573,李涛凤,女,1980,2017-10-15,,,,D06,L1,0,2018-01-13,active
E02574,陶艳*,女,1985,2024-04-26,,,,D10,L6,0,2024-07-25,active
E02575,杨敏军,女,1997,2024-08-12,2025-03-14,vol,R01,D12,L1,0,2024-11-10,left
E02576,周瑞云,男,1985,2019-11-24,,,,D02,L2,0,2020-02-22,active
E02577,施华兰,女,1985,2021-10-15,,,,D04,L4,0,2022-04-13,active
E02578,朱真*,女,1992,2024-12-04,,,,D01,L7,0,2025-03-04,active
E02579,冯莲军,女,1990,2022-07-14,,,,D01,L3,0,2022-10-12,active
E02580,韩妹军,女,1985,2018-07-10,,,,D05,L1,0,2019-01-06,active
E02581,褚欣*,男,1995,2024-12-14,,,,D11,L1,0,2025-03-14,active
E02582,吴玲莺,男,1989,2020-06-04,,,,D01,L5,0,2020-12-01,active
E02583,钱瑞*,女,1994,2017-06-16,,,,D05,L4,0,2017-09-14,active
E02584,施明素,女,1986,2020-02-24,,,,D01,L7,0,2020-05-24,active
E02585,施娟*,女,1992,2021-05-03,2025-01-27,vol,R02,D07,L3,0,2021-08-01,left
E02586,王瑞红,女,1997,2019-11-24,2025-01-26,invol,R07,D03,L1,0,2020-02-22,left
E02587,喻彩*,女,2001,2023-08-10,,,,D01,L6,0,2024-02-06,active
E02588,蒋磊萍,男,1979,2022-03-22,,,,D03,L1,0,2022-06-20,active
E02589,孙珠玉,男,1988,2024-05-29,,,,D07,L3,0,2024-08-27,active
E02590,陶素*,女,1990,2024-01-14,,,,D02,L3,0,2024-04-13,active
E02591,王涛*,男,1995,2022-08-03,,,,D06,L3,0,2022-11-01,active
E02592,褚超*,男,1992,2020-06-23,,,,D01,L2,0,2020-09-21,active
E02593,金素磊,男,1982,2022-04-10,,,,D02,L3,0,2022-07-09,active
E02594,沈洋燕,女,1994,2020-03-07,,,,D01,L4,0,2020-06-05,active
E02595,褚强嘉,男,1995,2023-11-13,,,,D01,L5,0,2024-05-11,active
E02596,朱淑*,男,1985,2020-02-08,,,,D01,L2,0,2020-08-06,active
E02597,韩娥*,女,1985,2018-03-05,,,,D01,L2,0,2018-09-01,active
E02598,蒋洁*,男,2000,2024-10-18,,,,D05,L2,0,2025-01-16,active
E02599,王珠玉,女,1984,2017-06-21,,,,D02,L5,0,2017-09-19,active
E02600,孙静*,女,1997,2021-09-07,2025-10-24,vol,R02,D02,L1,1,2021-12-06,left
E02601,何芬*,男,1985,2024-09-06,2025-06-30,vol,R03,D01,L2,0,2025-03-05,left
E02602,褚英芬,男,1990,2017-06-02,,,,D01,L1,0,2017-08-31,active
E02603,吕红*,男,1995,2024-09-19,,,,D01,L2,0,2025-03-18,active
E02604,施娟*,女,1987,2022-08-20,,,,D02,L3,1,2022-11-18,active
E02605,周莲*,女,1986,2020-10-15,2025-09-06,vol,R02,D11,L2,0,2021-01-13,left
E02606,沈淑*,女,1992,2023-10-31,2025-03-20,vol,R04,D02,L6,0,2024-01-29,left
E02607,金杰媛,女,1981,2023-03-08,,,,D04,L4,0,2023-06-06,active
E02608,郑芬*,女,1988,2024-04-08,,,,D05,L1,0,2024-10-05,active
E02609,曹静芬,男,1988,2021-12-01,,,,D10,L4,0,2022-03-01,active
E02610,陈强佳,女,1987,2018-01-11,,,,D05,L1,0,2018-07-10,active
E02611,陈莺*,男,1998,2022-06-18,,,,D08,L3,0,2022-09-16,active
E02612,严彩明,女,1990,2020-06-23,2025-03-23,invol,R07,D12,L2,0,2020-09-21,left
E02613,冯珠*,女,1995,2024-03-15,,,,D03,L1,0,2024-06-13,active
E02614,冯英萍,男,1989,2019-06-19,,,,D03,L3,0,2019-12-16,active
E02615,朱慧*,女,1988,2022-03-02,2025-12-07,vol,R01,D03,L7,0,2022-08-29,left
E02616,邹凡爱,男,1992,2022-03-11,,,,D06,L1,0,2022-06-09,active
E02617,吕美强,女,1987,2023-06-17,,,,D01,L5,0,2023-09-15,active
E02618,姜英*,女,1992,2018-04-06,,,,D03,L1,0,2018-10-03,active
E02619,沈美*,男,1993,2023-03-11,,,,D10,L5,0,2023-06-09,active
E02620,郑巧嘉,女,1987,2020-01-15,,,,D04,L2,0,2020-04-14,active
E02621,孙玲*,男,1986,2020-08-04,,,,D11,L2,0,2021-01-31,active
E02622,周勇娜,男,1993,2017-11-25,,,,D06,L3,0,2018-02-23,active
E02623,赵凡*,女,1994,2023-05-14,,,,D01,L4,0,2023-11-10,active
E02624,蒋洁*,男,1993,2018-01-12,,,,D03,L3,0,2018-07-11,active
E02625,朱玲玲,男,1981,2022-09-01,,,,D07,L5,1,2022-11-30,active
E02626,孙菊洁,男,1996,2022-12-25,2025-12-13,invol,R06,D02,L1,0,2023-03-25,left
E02627,吕娟爱,男,1994,2024-02-01,2025-12-30,invol,R06,D01,L1,0,2024-05-01,left
E02628,杨凡英,女,1997,2019-10-26,2025-03-17,vol,R02,D01,L2,0,2020-01-24,left
E02629,卫珠涛,女,1990,2022-08-04,,,,D01,L6,1,2022-11-02,active
E02630,许霞春,女,2000,2024-10-16,,,,D11,L3,0,2025-01-14,active
E02631,沈洋*,男,1997,2024-07-30,,,,D05,L1,0,2025-01-26,active
E02632,杨强兰,女,1985,2023-12-03,,,,D08,L7,0,2024-03-02,active
E02633,喻素静,男,1985,2018-11-03,2025-07-17,invol,R06,D11,L4,1,2019-02-01,left
E02634,冯怡*,男,1992,2021-12-11,,,,D03,L1,0,2022-03-11,active
E02635,陶芳*,男,1989,2021-06-30,2025-07-08,invol,R07,D01,L4,1,2021-09-28,left
E02636,冯娟*,女,1997,2024-03-18,,,,D02,L1,0,2024-06-16,active
E02637,张兰月,女,1988,2019-01-30,,,,D04,L2,0,2019-04-30,active
E02638,华莺*,女,1988,2019-12-09,,,,D01,L1,0,2020-06-06,active
E02639,魏瑞*,女,1997,2019-04-21,,,,D07,L6,0,2019-07-20,active
E02640,吴翠慧,男,1999,2024-01-07,,,,D01,L2,0,2024-04-06,active
E02641,吴月翠,男,1997,2023-12-29,,,,D02,L4,0,2024-03-28,active
E02642,郑洁春,女,1996,2024-11-22,,,,D03,L4,0,2025-02-20,active
E02643,许静娜,女,1993,2024-08-11,,,,D03,L1,0,2024-11-09,active
E02644,魏芳*,女,1987,2023-05-30,2025-01-05,vol,R02,D01,L1,0,2023-08-28,left
E02645,施凤春,男,1994,2020-09-28,,,,D01,L1,0,2020-12-27,active
E02646,魏莺佳,女,1989,2018-08-09,2025-12-11,vol,R04,D11,L5,0,2018-11-07,left
E02647,孙月芳,女,1984,2017-10-19,,,,D11,L6,1,2018-04-17,active
E02648,尤环*,男,1990,2019-07-29,,,,D03,L6,0,2020-01-25,active
E02649,吴怡*,男,1982,2024-12-16,2025-03-26,invol,R06,D12,L7,1,2025-03-16,left
E02650,喻荣*,男,2000,2022-07-02,2025-12-22,vol,R04,D01,L6,1,2022-09-30,left
E02651,尤翠敏,男,1989,2024-07-26,,,,D03,L2,0,2024-10-24,active
E02652,朱磊磊,女,1987,2018-09-15,,,,D02,L3,0,2018-12-14,active
E02653,朱环慧,女,1998,2021-11-07,,,,D02,L4,1,2022-02-05,active
E02654,华芬*,男,1985,2018-07-29,,,,D01,L6,0,2018-10-27,active
E02655,李娜*,男,1989,2020-03-23,,,,D01,L2,0,2020-09-19,active
E02656,吕惠*,男,1996,2023-09-17,,,,D02,L2,0,2023-12-16,active
E02657,钱秀*,男,1987,2020-05-29,,,,D01,L3,0,2020-11-25,active
E02658,卫洋彩,女,1993,2019-09-26,,,,D01,L1,0,2020-03-24,active
E02659,冯春明,女,1982,2022-07-25,,,,D01,L2,0,2022-10-23,active
E02660,陈雪勇,女,1990,2017-05-22,,,,D04,L3,0,2017-08-20,active
E02661,张磊*,男,1991,2023-04-19,,,,D01,L3,0,2023-07-18,active
E02662,喻素洁,女,1996,2018-12-15,2025-09-16,invol,R09,D03,L1,0,2019-03-15,left
E02663,何丽嘉,男,1991,2017-07-09,,,,D01,L1,0,2018-01-05,active
E02664,冯梅*,女,1993,2018-02-26,2025-03-09,vol,R04,D06,L2,0,2018-08-25,left
E02665,华芬强,男,1985,2022-01-18,,,,D03,L1,0,2022-04-18,active
E02666,魏琳惠,女,1995,2021-08-27,,,,D03,L2,0,2021-11-25,active
E02667,王娜萍,男,1991,2019-04-05,,,,D01,L4,1,2019-07-04,active
E02668,李翠*,女,1997,2023-01-22,,,,D05,L3,0,2023-07-21,active
E02669,尤淑*,男,1988,2024-11-22,,,,D06,L6,1,2025-02-20,active
E02670,许玉嘉,女,1995,2024-07-14,2025-08-31,invol,R06,D11,L1,0,2024-10-12,left
E02671,姜红红,男,1996,2023-09-25,,,,D02,L6,0,2024-03-23,active
E02672,王美*,女,1990,2019-08-24,2025-04-06,invol,R06,D01,L2,0,2019-11-22,left
E02673,陈玲慧,女,1982,2020-01-13,2025-12-19,vol,R01,D01,L2,0,2020-04-12,left
E02674,钱玲玲,男,2000,2022-10-27,,,,D06,L1,0,2023-04-25,active
E02675,赵秀超,男,1994,2020-06-28,,,,D08,L1,0,2020-09-26,active
E02676,谢秀*,男,1995,2024-11-13,,,,D11,L3,0,2025-02-11,active
E02677,魏静秀,男,1995,2022-02-09,,,,D06,L1,0,2022-05-10,active
E02678,王丽*,女,1997,2024-01-13,2025-08-16,vol,R02,D03,L3,0,2024-07-11,left
E02679,孔凤*,男,1982,2019-08-03,,,,D09,L6,0,2019-11-01,active
E02680,喻月*,男,1998,2023-11-12,,,,D06,L1,0,2024-02-10,active
E02681,冯媛玲,女,1989,2023-01-15,,,,D12,L5,0,2023-04-15,active
E02682,钱欣*,女,1999,2024-11-11,,,,D04,L2,1,2025-02-09,active
E02683,王怡玲,男,1981,2020-12-25,,,,D01,L2,0,2021-06-23,active
E02684,何怡洁,女,1985,2017-01-10,,,,D01,L4,0,2017-04-10,active
E02685,尤军*,男,1990,2024-12-06,2025-06-10,invol,R06,D01,L3,0,2025-06-04,left
E02686,邹爱*,女,1995,2019-10-23,,,,D02,L6,0,2020-01-21,active
E02687,尤霞*,男,1985,2023-03-10,2025-11-19,vol,R01,D01,L3,0,2023-06-08,left
E02688,邹明*,男,1993,2023-07-20,,,,D06,L1,1,2023-10-18,active
E02689,曹英*,女,1990,2019-03-16,,,,D11,L5,1,2019-06-14,active
E02690,华云*,女,1985,2024-03-06,,,,D12,L1,0,2024-06-04,active
E02691,张春*,女,1990,2018-02-13,,,,D05,L4,0,2018-05-14,active
E02692,戚香香,男,1999,2022-10-15,2025-04-18,vol,R05,D04,L1,0,2023-04-13,left
E02693,秦梅怡,男,1989,2024-01-09,,,,D12,L1,0,2024-04-08,active
E02694,尤丽*,女,1993,2023-10-13,,,,D05,L2,0,2024-01-11,active
E02695,冯强翠,女,2001,2024-10-09,2025-07-10,vol,R01,D06,L1,0,2025-01-07,left
E02696,陶娜华,女,1986,2024-05-18,,,,D10,L4,1,2024-08-16,active
E02697,许娜*,男,1998,2021-06-29,2025-05-14,invol,R08,D03,L4,1,2021-09-27,left
E02698,严丽惠,女,1991,2021-04-09,,,,D02,L2,0,2021-07-08,active
E02699,邹娥霞,女,2000,2023-09-19,,,,D11,L1,0,2023-12-18,active
E02700,秦云*,女,1983,2018-12-27,,,,D01,L4,1,2019-03-27,active
E02701,许芬*,未披露,1985,2018-05-27,,,,D04,L1,0,2018-08-25,active
E02702,吴梅瑞,男,1997,2019-11-04,,,,D08,L5,0,2020-02-02,active
E02703,许军*,女,1995,2023-10-18,,,,D03,L1,0,2024-01-16,active
E02704,卫荣*,男,1991,2023-12-15,2025-08-11,vol,R05,D01,L4,0,2024-03-14,left
E02705,褚明*,女,2001,2024-05-14,,,,D08,L4,1,2024-11-10,active
E02706,秦嘉*,男,1993,2020-02-27,,,,D12,L6,0,2020-05-27,active
E02707,赵芳*,女,1993,2022-02-01,,,,D04,L6,0,2022-05-02,active
E02708,姜香环,女,1990,2018-02-27,2025-02-27,invol,R06,D11,L4,0,2018-05-28,left
E02709,吕秀彩,男,1998,2022-11-18,,,,D02,L1,0,2023-02-16,active
E02710,谢秀佳,男,1989,2024-03-17,2025-11-16,vol,R02,D03,L2,0,2024-06-15,left
E02711,褚莺雅,男,1990,2023-01-24,,,,D05,L5,0,2023-04-24,active
E02712,蒋静*,女,1993,2024-11-24,2025-01-04,invol,R06,D08,L1,0,2025-05-23,left
E02713,吴娟嘉,男,2001,2023-11-10,,,,D01,L5,1,2024-05-08,active
E02714,尤梅*,女,2001,2023-02-04,,,,D03,L2,0,2023-05-05,active
E02715,金淑月,女,1987,2023-08-25,,,,D06,L4,1,2023-11-23,active
E02716,杨惠梅,女,1995,2023-11-18,,,,D01,L6,0,2024-02-16,active
E02717,王妹*,女,1988,2023-10-25,,,,D11,L4,0,2024-01-23,active
E02718,尤秀*,女,1994,2022-03-17,,,,D11,L2,0,2022-09-13,active
E02719,赵超凡,男,1999,2022-01-18,,,,D09,L5,1,2022-04-18,active
E02720,赵静*,男,1985,2019-03-29,,,,D06,L4,1,2019-06-27,active
E02721,孔巧娥,女,1984,2017-12-08,,,,D02,L3,0,2018-06-06,active
E02722,沈梅*,男,2002,2024-11-23,2025-01-10,invol,R06,D01,L2,0,2025-02-21,left
E02723,何春欣,男,1995,2024-07-11,2025-08-09,vol,R03,D09,L1,1,2024-10-09,left
E02724,施强*,男,1995,2023-09-09,2025-03-14,invol,R07,D02,L5,0,2023-12-08,left
E02725,魏敏*,女,2002,2024-01-27,,,,D01,L3,0,2024-04-26,active
E02726,喻美*,男,1990,2019-04-11,2025-07-12,invol,R06,D02,L3,0,2019-07-10,left
E02727,金真*,女,1995,2017-09-04,,,,D01,L1,0,2017-12-03,active
E02728,郑娜雪,男,1986,2017-07-27,,,,D03,L3,0,2017-10-25,active
E02729,李秀洁,男,1988,2020-04-06,2025-05-18,vol,R01,D01,L1,0,2020-07-05,left
E02730,褚媛兰,女,2002,2024-02-05,2025-06-21,invol,R07,D03,L1,0,2024-05-05,left
E02731,孙翠*,男,1991,2018-12-27,,,,D02,L1,0,2019-06-25,active
E02732,魏艳娜,男,2002,2024-05-31,2025-03-25,invol,R08,D01,L1,0,2024-08-29,left
E02733,吴丽*,女,1978,2022-08-10,,,,D01,L2,0,2022-11-08,active
E02734,严艳*,男,1989,2022-10-26,2025-10-31,vol,R01,D01,L2,0,2023-01-24,left
E02735,戚芝*,女,1990,2017-11-08,,,,D03,L5,1,2018-02-06,active
E02736,沈静*,女,1989,2020-10-21,,,,D02,L2,1,2021-01-19,active
E02737,华媛兰,女,1996,2024-11-25,2025-02-03,vol,R01,D02,L6,0,2025-02-23,left
E02738,秦荣翠,女,1995,2022-02-06,,,,D01,L6,1,2022-05-07,active
E02739,周兰*,女,1991,2022-11-24,,,,D03,L5,1,2023-05-23,active
E02740,戚琳*,男,2000,2024-07-24,2025-08-05,invol,R07,D06,L2,0,2024-10-22,left
E02741,孙雅香,男,1989,2022-10-15,,,,D07,L3,0,2023-01-13,active
E02742,褚娜超,女,1996,2021-05-03,,,,D02,L3,0,2021-08-01,active
E02743,曹雪*,女,2000,2023-03-18,2025-02-28,vol,R04,D01,L1,0,2023-06-16,left
E02744,韩瑞*,男,2000,2022-07-16,,,,D05,L3,0,2022-10-14,active
E02745,张静*,男,1993,2024-12-17,,,,D12,L6,0,2025-03-17,active
E02746,吕淑莺,女,1996,2021-05-17,,,,D04,L1,0,2021-08-15,active
E02747,陈彩*,女,1993,2016-12-31,,,,D03,L1,0,2017-03-31,active
E02748,许惠*,男,1984,2020-12-23,,,,D03,L6,0,2021-03-23,active
E02749,卫云*,女,1989,2018-01-18,,,,D07,L4,1,2018-04-18,active
E02750,许雪巧,男,1985,2019-01-26,,,,D03,L4,1,2019-04-26,active
E02751,华荣*,男,1988,2020-04-15,,,,D01,L1,0,2020-10-12,active
E02752,戚真*,女,1995,2017-06-10,,,,D09,L2,0,2017-12-07,active
E02753,朱娜琳,女,1975,2019-09-23,2025-09-15,vol,R01,D01,L3,0,2020-03-21,left
E02754,喻雅芝,男,1993,2020-11-13,,,,D11,L1,0,2021-02-11,active
E02755,沈凡玉,男,1991,2021-08-01,2025-12-03,invol,R07,D05,L2,0,2021-10-30,left
E02756,周莲*,女,1993,2019-01-29,,,,D03,L5,1,2019-07-28,active
E02757,沈军*,女,1992,2020-10-28,2025-04-21,vol,R01,D01,L6,1,2021-04-26,left
E02758,孙涛*,男,1988,2022-02-01,,,,D02,L3,1,2022-05-02,active
E02759,赵伟娟,男,1986,2018-08-21,,,,D05,L2,0,2018-11-19,active
E02760,沈美彩,女,1995,2019-08-21,2025-10-20,invol,R08,D04,L2,0,2020-02-17,left
E02761,华涛*,女,1999,2024-01-04,,,,D12,L1,1,2024-04-03,active
E02762,孙萍*,男,1988,2019-12-15,2025-09-24,invol,R09,D05,L1,0,2020-06-12,left
E02763,王美巧,男,1979,2019-10-15,,,,D01,L1,0,2020-01-13,active
E02764,周雅*,女,2002,2024-12-15,,,,D07,L5,0,2025-03-15,active
E02765,施芳*,男,1983,2022-11-17,,,,D12,L1,0,2023-02-15,active
E02766,金佳*,男,2002,2024-04-25,,,,D08,L1,0,2024-07-24,active
E02767,曹萍妹,男,1986,2022-03-12,,,,D03,L1,0,2022-06-10,active
E02768,吕惠娜,女,1987,2024-04-30,,,,D03,L2,0,2024-10-27,active
E02769,何伟*,男,2001,2023-01-25,2025-02-10,invol,R08,D03,L1,0,2023-04-25,left
E02770,金瑞*,男,1994,2023-07-17,2025-10-22,vol,R01,D01,L1,0,2023-10-15,left
E02771,何菊伟,女,2000,2024-01-01,,,,D01,L6,0,2024-03-31,active
E02772,钱明芝,女,1986,2022-04-20,2025-02-10,vol,R02,D01,L1,0,2022-07-19,left
E02773,周丽*,男,1993,2024-09-18,,,,D01,L5,1,2024-12-17,active
E02774,陶洋月,女,1991,2023-06-01,,,,D01,L3,0,2023-11-28,active
E02775,朱磊*,女,1984,2021-08-02,,,,D06,L6,1,2021-10-31,active
E02776,王磊杰,女,1994,2020-09-22,2025-10-07,invol,R07,D12,L6,0,2020-12-21,left
E02777,冯娥敏,男,1989,2017-12-22,,,,D01,L3,1,2018-06-20,active
E02778,魏丽*,男,2000,2024-06-01,,,,D01,L2,0,2024-11-28,active
E02779,蒋华*,女,1996,2024-12-20,,,,D11,L1,0,2025-03-20,active
E02780,张佳*,女,1983,2020-09-01,,,,D12,L3,0,2021-02-28,active
E02781,朱敏玉,男,1991,2020-11-24,,,,D04,L5,0,2021-02-22,active
E02782,魏玉雅,男,1997,2019-12-22,,,,D02,L2,0,2020-03-21,active
E02783,褚华*,男,1988,2019-03-02,,,,D04,L4,0,2019-05-31,active
E02784,郑雪*,女,1990,2023-12-06,,,,D12,L6,0,2024-03-05,active
E02785,严珠*,男,1993,2020-03-24,,,,D08,L5,0,2020-06-22,active
E02786,王彩*,男,1985,2018-03-25,,,,D11,L1,0,2018-06-23,active
E02787,尤巧勇,男,1994,2024-09-29,,,,D05,L2,0,2024-12-28,active
E02788,周慧明,女,1985,2023-06-22,,,,D12,L2,0,2023-12-19,active
E02789,金美*,女,1981,2019-08-01,2025-01-30,vol,R04,D06,L2,0,2020-01-28,left
E02790,王琳*,女,1995,2020-07-24,,,,D01,L5,0,2020-10-22,active
E02791,杨强*,男,2001,2023-09-24,,,,D03,L2,0,2024-03-22,active
E02792,冯萍*,女,1996,2024-04-19,,,,D02,L7,0,2024-07-18,active
E02793,严芳*,女,1994,2021-08-22,,,,D07,L7,0,2022-02-18,active
E02794,郑英军,女,1984,2024-11-25,,,,D03,L1,0,2025-02-23,active
E02795,赵娟*,男,1990,2017-06-12,,,,D01,L5,1,2017-09-10,active
E02796,卫艳*,男,1983,2019-11-14,,,,D11,L1,0,2020-05-12,active
E02797,朱芳*,女,1993,2022-08-15,,,,D01,L1,0,2023-02-11,active
E02798,朱慧*,女,1994,2022-10-17,2025-04-14,invol,R06,D01,L4,1,2023-01-15,left
E02799,邹爱*,男,2000,2024-09-23,,,,D12,L1,0,2024-12-22,active
E02800,何媛珠,女,1988,2024-04-23,,,,D11,L4,0,2024-07-22,active
E02801,邹惠*,女,1984,2020-12-31,,,,D03,L2,0,2021-06-29,active
E02802,邹娟*,男,1988,2019-12-13,,,,D08,L3,0,2020-03-12,active
E02803,喻雪莲,女,1998,2023-12-25,,,,D03,L4,1,2024-03-24,active
E02804,姜菊巧,男,1980,2020-12-01,,,,D01,L3,0,2021-03-01,active
E02805,冯玲*,男,1989,2023-07-21,,,,D02,L3,0,2023-10-19,active
E02806,秦玉*,女,1983,2017-02-24,,,,D03,L2,0,2017-05-25,active
E02807,魏翠*,女,1992,2021-03-05,2025-01-26,vol,R01,D10,L4,0,2021-09-01,left
E02808,喻芳*,男,1995,2019-11-18,,,,D08,L1,0,2020-05-16,active
E02809,卫玲爱,女,1992,2024-11-02,,,,D02,L5,1,2025-01-31,active
E02810,李英*,男,1997,2019-04-05,,,,D01,L3,0,2019-10-02,active
E02811,尤英*,男,2001,2023-09-10,,,,D07,L2,0,2024-03-08,active
E02812,陶云兰,男,1996,2023-05-03,,,,D01,L4,1,2023-10-30,active
E02813,杨惠*,女,1994,2024-10-18,,,,D03,L1,1,2025-01-16,active
E02814,施静佳,男,1992,2021-01-22,,,,D01,L2,0,2021-04-22,active
E02815,韩磊*,男,1983,2017-07-05,,,,D02,L1,0,2018-01-01,active
E02816,卫娜淑,男,1999,2021-09-13,,,,D01,L3,0,2021-12-12,active
E02817,严凡莺,女,1991,2021-07-05,,,,D03,L3,0,2021-10-03,active
E02818,李惠*,男,1995,2023-03-09,,,,D12,L2,0,2023-06-07,active
E02819,沈春*,男,1991,2023-04-14,,,,D01,L1,1,2023-07-13,active
E02820,沈琳军,男,1998,2020-11-30,,,,D02,L1,0,2021-05-29,active
E02821,孔霞*,男,1990,2023-06-02,,,,D03,L2,0,2023-08-31,active
E02822,严芬玉,男,1990,2024-07-21,,,,D07,L3,0,2024-10-19,active
E02823,褚洁*,男,1986,2024-06-19,,,,D05,L1,0,2024-12-16,active
E02824,张娜*,男,1986,2019-02-24,,,,D04,L1,0,2019-05-25,active
E02825,吴莲兰,女,1983,2021-01-24,,,,D07,L6,1,2021-04-24,active
E02826,许妹*,男,1996,2020-01-14,,,,D02,L5,1,2020-07-12,active
E02827,谢云*,男,1987,2021-03-28,,,,D02,L5,1,2021-09-24,active
E02828,孙明燕,男,1988,2018-03-15,,,,D02,L2,0,2018-06-13,active
E02829,冯佳磊,女,1988,2019-08-16,,,,D08,L4,1,2020-02-12,active
E02830,华丽娟,女,1987,2024-09-28,,,,D03,L1,0,2024-12-27,active
E02831,何美*,女,1986,2023-06-30,,,,D03,L1,0,2023-09-28,active
E02832,戚凤梅,女,1984,2021-12-07,,,,D06,L4,0,2022-03-07,active
E02833,严勇荣,男,1995,2021-10-01,,,,D04,L4,0,2021-12-30,active
E02834,赵凤素,男,1988,2024-11-20,,,,D02,L4,0,2025-02-18,active
E02835,周嘉*,男,1996,2018-01-06,2025-02-14,invol,R07,D03,L1,0,2018-04-06,left
E02836,许莲燕,女,1976,2021-02-23,,,,D04,L3,0,2021-05-24,active
E02837,褚凡红,女,1991,2018-10-26,2025-10-27,vol,R02,D06,L3,0,2019-01-24,left
E02838,朱秀*,男,1985,2018-05-11,,,,D12,L2,0,2018-08-09,active
E02839,吴佳玉,女,1992,2023-08-07,,,,D03,L2,0,2024-02-03,active
E02840,陈美*,男,1996,2024-12-07,,,,D01,L2,0,2025-03-07,active
E02841,谢彩伟,女,1997,2022-03-02,,,,D08,L3,0,2022-08-29,active
E02842,冯彩美,男,1987,2018-10-04,,,,D06,L4,1,2019-01-02,active
E02843,吴涛华,男,1989,2020-03-03,,,,D01,L4,1,2020-08-30,active
E02844,吕佳雪,女,1990,2017-04-13,,,,D12,L2,0,2017-07-12,active
E02845,戚勇*,女,1979,2021-06-02,,,,D01,L4,1,2021-11-29,active
E02846,许艳*,男,1989,2017-08-17,2025-05-21,invol,R09,D01,L2,0,2017-11-15,left
E02847,卫玲敏,女,1992,2022-08-26,2025-10-31,vol,R01,D09,L1,0,2022-11-24,left
E02848,朱凤*,女,1992,2023-12-31,,,,D06,L3,0,2024-03-30,active
E02849,李素*,女,1997,2023-04-10,2025-01-10,vol,R05,D03,L4,1,2023-07-09,left
E02850,尤洋*,女,1991,2019-04-01,,,,D01,L4,0,2019-06-30,active
E02851,金凡*,女,1981,2023-11-21,,,,D04,L1,0,2024-02-19,active
E02852,褚秀莲,女,1996,2019-11-12,,,,D01,L2,0,2020-02-10,active
E02853,喻红芳,女,2001,2023-04-22,,,,D01,L5,0,2023-07-21,active
E02854,周芝妹,男,1993,2019-09-24,,,,D02,L5,1,2020-03-22,active
E02855,金嘉*,女,1991,2019-05-22,,,,D12,L2,0,2019-08-20,active
E02856,赵涛芬,女,1991,2020-08-03,,,,D01,L4,1,2020-11-01,active
E02857,金秀*,女,1994,2022-11-15,,,,D01,L4,0,2023-02-13,active
E02858,华真爱,女,1992,2017-10-21,,,,D12,L3,0,2018-01-19,active
E02859,严艳*,女,1985,2017-08-11,,,,D05,L3,0,2017-11-09,active
E02860,蒋雪*,男,1979,2020-02-27,,,,D01,L6,1,2020-05-27,active
E02861,吕娥凡,女,1983,2018-12-12,2025-05-09,vol,R03,D07,L3,0,2019-03-12,left
E02862,褚兰*,男,1987,2020-06-30,,,,D01,L3,0,2020-09-28,active
E02863,孙菊*,女,1993,2019-02-10,2025-02-03,invol,R06,D02,L7,0,2019-08-09,left
E02864,周磊静,女,1989,2022-11-13,,,,D03,L2,0,2023-02-11,active
E02865,曹雅静,男,1978,2017-09-02,2025-06-14,invol,R08,D04,L3,0,2017-12-01,left
E02866,韩英*,女,1998,2024-01-20,,,,D12,L6,0,2024-04-19,active
E02867,孙淑燕,男,1989,2020-06-23,,,,D10,L3,1,2020-12-20,active
E02868,孙雅秀,男,1996,2023-07-08,2025-03-18,invol,R07,D01,L5,0,2023-10-06,left
E02869,何洋彩,男,2000,2022-08-08,,,,D01,L2,0,2022-11-06,active
E02870,蒋娜*,女,1981,2020-12-10,,,,D03,L4,0,2021-03-10,active
E02871,孔玉*,女,2002,2024-05-02,,,,D11,L4,0,2024-07-31,active
E02872,周媛*,女,2001,2023-06-16,,,,D01,L1,0,2023-12-13,active
E02873,冯静磊,男,2000,2022-05-12,,,,D11,L4,0,2022-08-10,active
E02874,杨芳*,男,2000,2022-05-27,,,,D01,L2,0,2022-11-23,active
E02875,何凤莺,女,1993,2021-09-16,,,,D01,L3,0,2021-12-15,active
E02876,许春*,男,1996,2023-08-12,,,,D02,L1,0,2023-11-10,active
E02877,何秀强,女,1995,2022-06-02,2025-08-14,invol,R06,D06,L5,0,2022-11-29,left
E02878,韩洁*,女,1983,2024-08-28,2025-03-26,vol,R05,D03,L2,0,2025-02-24,left
E02879,邹淑*,女,1986,2022-08-16,,,,D01,L5,1,2022-11-14,active
E02880,戚爱*,男,1988,2021-03-24,2025-02-22,vol,R01,D11,L4,1,2021-06-22,left
E02881,张秀*,男,1993,2019-09-04,2025-01-15,vol,R02,D02,L4,1,2019-12-03,left
E02882,曹静*,女,2002,2024-10-03,,,,D01,L5,0,2025-01-01,active
E02883,戚云莺,男,1993,2017-06-05,,,,D12,L4,1,2017-09-03,active
E02884,喻洁玲,女,1985,2022-08-20,,,,D01,L7,0,2022-11-18,active
E02885,秦艳美,女,1998,2020-03-01,,,,D11,L5,0,2020-05-30,active
E02886,杨萍杰,女,1994,2019-08-16,2025-12-04,vol,R02,D11,L4,0,2019-11-14,left
E02887,赵强洁,女,1998,2023-08-17,,,,D04,L6,1,2023-11-15,active
E02888,赵彩云,男,1976,2018-01-16,,,,D02,L2,0,2018-04-16,active
E02889,李欣*,女,1991,2018-10-26,2025-01-10,invol,R06,D10,L1,0,2019-04-24,left
E02890,谢美*,男,1989,2021-08-18,,,,D04,L3,0,2021-11-16,active
E02891,曹惠*,女,1988,2021-07-30,,,,D01,L2,1,2021-10-28,active
E02892,陈嘉芝,男,1999,2021-06-22,2025-02-14,vol,R01,D12,L2,0,2021-12-19,left
E02893,吴妹芝,男,1989,2022-09-11,,,,D01,L5,0,2022-12-10,active
E02894,孔雪*,男,1991,2017-01-14,,,,D02,L1,0,2017-04-14,active
E02895,吕月云,女,1992,2019-08-19,,,,D01,L1,0,2019-11-17,active
E02896,孔荣磊,女,1989,2023-02-22,,,,D01,L3,0,2023-05-23,active
E02897,郑云秀,女,1998,2024-12-17,,,,D11,L3,0,2025-03-17,active
E02898,陶翠英,男,1991,2017-05-15,2025-04-29,vol,R01,D11,L2,0,2017-08-13,left
E02899,朱芳*,女,1995,2024-11-06,2025-12-30,vol,R01,D08,L4,1,2025-02-04,left
E02900,钱洁敏,女,1979,2022-04-06,,,,D10,L2,0,2022-07-05,active
E02901,魏春*,男,1986,2024-08-30,2025-12-22,invol,R06,D07,L4,1,2024-11-28,left
E02902,赵娜*,女,1994,2021-05-19,,,,D06,L2,0,2021-08-17,active
E02903,曹伟*,男,2001,2023-01-23,2025-12-02,invol,R07,D09,L4,0,2023-07-22,left
E02904,冯玲军,女,1993,2023-04-12,,,,D01,L4,0,2023-07-11,active
E02905,杨雅*,男,1993,2023-11-11,,,,D02,L1,1,2024-02-09,active
E02906,秦华梅,男,1990,2017-12-13,,,,D07,L2,1,2018-03-13,active
E02907,冯丽*,女,2001,2024-01-06,,,,D09,L2,0,2024-04-05,active
E02908,钱春*,女,2002,2024-11-01,,,,D01,L3,0,2025-01-30,active
E02909,郑洋*,男,1987,2022-01-24,,,,D03,L1,0,2022-04-24,active
E02910,戚玲欣,男,1988,2020-01-06,,,,D03,L1,0,2020-04-05,active
E02911,韩真*,男,1990,2022-01-26,,,,D01,L2,0,2022-04-26,active
E02912,蒋妹*,男,1995,2018-04-06,,,,D01,L1,0,2018-07-05,active
E02913,张涛*,女,1996,2023-02-11,,,,D01,L2,0,2023-05-12,active
E02914,喻芳强,女,1997,2020-01-11,,,,D01,L2,0,2020-04-10,active
E02915,吕玉*,男,1987,2022-07-16,,,,D11,L1,0,2022-10-14,active
E02916,施芝秀,男,1985,2018-10-20,2025-05-29,vol,R03,D07,L3,0,2019-04-18,left
E02917,杨芳敏,女,1988,2022-10-07,,,,D01,L3,0,2023-01-05,active
E02918,姜淑香,女,1989,2019-01-06,,,,D10,L2,1,2019-04-06,active
E02919,孔凤香,男,1982,2019-07-02,,,,D01,L1,0,2019-12-29,active
E02920,沈环*,女,1989,2019-05-11,2025-10-30,vol,R03,D10,L4,0,2019-08-09,left
E02921,秦珠*,男,1984,2021-10-24,,,,D10,L6,0,2022-01-22,active
E02922,华杰*,女,1982,2018-01-31,,,,D03,L3,0,2018-07-30,active
E02923,严香涛,女,1988,2022-09-07,2025-01-27,invol,R08,D12,L5,0,2022-12-06,left
E02924,王巧嘉,女,1986,2020-02-29,,,,D02,L3,0,2020-08-27,active
E02925,喻兰静,男,1992,2023-10-03,,,,D03,L3,0,2024-01-01,active
E02926,张环娜,男,1990,2020-01-26,,,,D03,L5,1,2020-04-25,active
E02927,秦静素,男,1991,2019-08-17,,,,D03,L1,0,2019-11-15,active
E02928,姜慧欣,男,1997,2019-05-30,,,,D07,L2,0,2019-08-28,active
E02929,姜华素,女,1993,2021-05-30,,,,D01,L1,0,2021-11-26,active
E02930,何玲*,女,1980,2017-11-07,2025-03-05,invol,R07,D11,L4,0,2018-05-06,left
E02931,陈梅磊,女,1990,2018-10-05,2025-09-07,invol,R07,D08,L1,0,2019-01-03,left
E02932,郑媛*,女,1991,2022-01-02,,,,D12,L1,1,2022-07-01,active
E02933,曹凡*,男,1991,2024-10-30,2025-07-01,vol,R03,D04,L2,0,2025-01-28,left
E02934,魏娟*,未披露,1994,2024-12-29,,,,D01,L5,1,2025-03-29,active
E02935,沈嘉*,男,1989,2018-05-14,,,,D01,L4,0,2018-08-12,active
E02936,杨洋*,女,1995,2022-10-17,2025-04-05,invol,R06,D12,L2,0,2023-01-15,left
E02937,孔莺嘉,男,2002,2024-10-11,,,,D01,L1,0,2025-04-09,active
E02938,施静娜,女,1984,2020-04-16,,,,D03,L2,1,2020-07-15,active
E02939,华莲*,女,1995,2023-10-04,2025-11-11,invol,R06,D03,L2,0,2024-01-02,left
E02940,王雪玲,男,1989,2020-07-18,2025-01-18,invol,R09,D01,L3,0,2020-10-16,left
E02941,杨怡*,女,1988,2024-04-23,,,,D02,L3,0,2024-10-20,active
E02942,喻莲*,女,1997,2024-07-31,,,,D02,L2,0,2025-01-27,active
E02943,张慧素,男,2000,2022-09-10,2025-05-05,vol,R01,D01,L2,0,2022-12-09,left
E02944,邹妹春,男,1985,2022-01-06,,,,D04,L1,0,2022-07-05,active
E02945,吴艳香,男,1982,2018-05-12,,,,D06,L1,0,2018-08-10,active
E02946,卫月娥,男,1987,2018-06-14,,,,D01,L3,0,2018-09-12,active
E02947,秦荣真,女,1992,2018-05-27,,,,D01,L2,0,2018-08-25,active
E02948,朱香*,女,2000,2023-05-08,,,,D06,L1,0,2023-08-06,active
E02949,秦丽萍,男,1988,2017-02-12,2025-03-02,invol,R06,D01,L4,0,2017-05-13,left
E02950,曹嘉*,女,1994,2021-06-15,,,,D07,L4,1,2021-09-13,active
E02951,戚丽*,男,2001,2024-12-25,2025-12-03,vol,R01,D01,L5,1,2025-03-25,left
E02952,李凤*,男,1995,2023-08-23,,,,D12,L1,0,2023-11-21,active
E02953,郑芝杰,女,1993,2017-06-10,,,,D03,L3,0,2017-09-08,active
E02954,尤妹爱,女,2001,2023-07-02,,,,D06,L6,1,2023-12-29,active
E02955,戚红菊,女,1990,2024-08-03,,,,D05,L1,0,2025-01-30,active
E02956,华素*,男,1996,2022-10-28,2025-09-09,invol,R08,D08,L1,0,2023-04-26,left
E02957,钱芬洁,女,1993,2018-01-30,,,,D10,L5,1,2018-04-30,active
E02958,施丽*,女,1982,2017-10-06,,,,D01,L2,0,2018-01-04,active
E02959,秦瑞*,男,1979,2017-09-24,,,,D01,L5,1,2018-03-23,active
E02960,张瑞*,女,2000,2024-09-03,2025-04-13,invol,R07,D04,L3,0,2025-03-02,left
E02961,秦玲媛,女,1987,2019-09-04,,,,D03,L5,0,2019-12-03,active
E02962,蒋美*,男,1986,2021-11-03,,,,D11,L2,0,2022-02-01,active
E02963,吕雅明,男,1991,2024-06-11,2025-02-28,vol,R02,D04,L3,0,2024-09-09,left
E02964,孙慧秀,女,1986,2020-12-30,,,,D11,L3,1,2021-03-30,active
E02965,冯莲芬,男,1981,2018-06-25,,,,D01,L3,0,2018-12-22,active
E02966,杨洋*,男,1994,2023-01-15,,,,D01,L7,0,2023-04-15,active
E02967,华爱萍,男,1997,2024-07-13,2025-11-06,vol,R01,D03,L2,0,2024-10-11,left
E02968,赵雅*,女,1999,2024-07-06,,,,D01,L1,0,2024-10-04,active
E02969,施翠*,男,1984,2021-06-10,,,,D11,L2,0,2021-09-08,active
E02970,冯琳凡,男,1990,2024-06-15,,,,D03,L1,0,2024-09-13,active
E02971,施娜*,男,1992,2022-04-27,2025-06-02,invol,R07,D11,L7,1,2022-07-26,left
E02972,曹瑞*,男,1994,2023-06-16,2025-11-16,vol,R01,D03,L2,0,2023-09-14,left
E02973,喻玉*,女,1987,2019-01-14,,,,D03,L2,0,2019-04-14,active
E02974,杨美*,男,1996,2022-05-16,,,,D01,L2,0,2022-08-14,active
E02975,尤雪霞,男,1988,2024-11-03,,,,D05,L3,0,2025-02-01,active
E02976,严勇菊,未披露,1985,2019-03-08,2025-03-18,invol,R08,D05,L3,0,2019-06-06,left
E02977,吕强*,男,1987,2020-09-13,2025-02-19,vol,R03,D02,L3,0,2020-12-12,left
E02978,孔梅*,男,1992,2022-01-17,,,,D11,L3,0,2022-07-16,active
E02979,钱丽明,女,1989,2018-04-21,,,,D01,L3,1,2018-10-18,active
E02980,卫春*,男,1996,2019-09-21,,,,D03,L2,0,2019-12-20,active
E02981,赵嘉*,女,1993,2024-08-08,,,,D06,L2,0,2024-11-06,active
E02982,尤真*,女,2000,2023-02-07,,,,D06,L1,0,2023-05-08,active
E02983,吕军*,男,1974,2023-07-01,,,,D01,L1,0,2023-09-29,active
E02984,陶凡*,男,1988,2024-02-10,2025-09-22,vol,R03,D03,L6,0,2024-05-10,left
E02985,金艳*,女,1993,2022-11-08,,,,D03,L3,0,2023-02-06,active
E02986,孙艳真,男,1989,2020-10-07,,,,D03,L3,0,2021-01-05,active
E02987,王巧*,女,1992,2022-08-26,,,,D01,L5,0,2022-11-24,active
E02988,张英菊,男,1985,2019-01-20,,,,D04,L2,0,2019-07-19,active
E02989,姜美*,男,1988,2018-03-06,2025-11-11,invol,R07,D05,L3,0,2018-06-04,left
E02990,周娜艳,男,1995,2019-01-01,,,,D01,L4,0,2019-06-30,active
E02991,吕真萍,女,1993,2024-02-08,2025-04-26,invol,R06,D01,L2,0,2024-08-06,left
E02992,曹珠磊,男,1983,2024-11-22,,,,D05,L3,0,2025-05-21,active
E02993,李燕佳,女,1985,2024-06-17,,,,D01,L2,0,2024-09-15,active
E02994,杨荣*,女,1987,2020-07-29,,,,D01,L4,0,2020-10-27,active
E02995,许怡静,男,1989,2019-06-15,,,,D01,L2,0,2019-09-13,active
E02996,喻娜艳,男,1995,2020-03-01,,,,D01,L4,0,2020-05-30,active
E02997,褚军*,男,1989,2024-01-21,2025-04-17,vol,R01,D07,L1,0,2024-04-20,left
E02998,周欣*,男,1987,2023-08-01,,,,D06,L1,0,2023-10-30,active
E02999,喻慧*,男,1996,2024-10-14,,,,D06,L2,0,2025-01-12,active
E03000,华静*,男,1992,2024-07-01,,,,D05,L2,0,2024-12-28,active
E03001,姜娟*,女,1990,2021-07-22,,,,D11,L6,0,2021-10-20,active
E03002,姜娥*,男,1985,2020-08-13,,,,D06,L1,0,2020-11-11,active
E03003,施强*,女,1991,2022-05-04,,,,D01,L6,0,2022-08-02,active
E03004,赵春*,女,1978,2019-09-24,2025-08-10,vol,R01,D01,L4,0,2019-12-23,left
E03005,金爱*,男,1996,2018-03-07,2025-06-26,vol,R04,D09,L1,0,2018-06-05,left
E03006,秦雪淑,男,1992,2023-07-11,,,,D12,L1,0,2023-10-09,active
E03007,周洁*,女,1982,2018-07-07,,,,D01,L5,1,2018-10-05,active
E03008,褚涛芳,男,1993,2021-06-29,,,,D02,L2,0,2021-09-27,active
E03009,周娥*,女,1986,2023-10-30,,,,D05,L5,0,2024-01-28,active
E03010,喻艳*,女,1990,2022-09-17,,,,D02,L4,0,2022-12-16,active
E03011,施琳*,女,1996,2022-06-28,,,,D03,L3,0,2022-09-26,active
E03012,孔军玉,女,1995,2020-12-17,,,,D10,L1,0,2021-03-17,active
E03013,秦嘉*,男,1997,2023-03-23,,,,D02,L3,0,2023-06-21,active
E03014,吕素*,男,1993,2024-09-30,2025-09-15,vol,R01,D11,L3,0,2024-12-29,left
E03015,赵春*,女,1986,2017-04-18,2025-06-16,invol,R07,D07,L4,0,2017-07-17,left
E03016,许娜*,男,1992,2021-07-06,2025-08-06,vol,R03,D01,L4,0,2021-10-04,left
E03017,吕芝*,男,1992,2024-08-29,,,,D11,L5,1,2025-02-25,active
E03018,邹娜慧,女,1974,2019-12-20,,,,D03,L2,0,2020-03-19,active
E03019,喻英媛,女,2001,2024-07-23,,,,D12,L4,0,2024-10-21,active
E03020,杨妹雪,女,1994,2023-10-28,2025-02-19,invol,R07,D01,L2,0,2024-04-25,left
E03021,尤玲丽,男,1993,2021-04-30,,,,D01,L1,0,2021-07-29,active
E03022,吴娜雅,女,1987,2022-09-27,,,,D06,L4,0,2022-12-26,active
E03023,施爱*,男,1996,2023-02-01,2025-04-20,vol,R04,D01,L1,0,2023-05-02,left
E03024,秦春月,女,1989,2024-02-06,2025-12-23,vol,R04,D06,L6,0,2024-05-06,left
E03025,曹凤艳,男,1994,2023-06-15,,,,D01,L3,0,2023-09-13,active
E03026,吴静雪,男,1984,2018-05-23,,,,D05,L2,0,2018-08-21,active
E03027,卫艳怡,女,1997,2024-10-26,2025-03-28,vol,R01,D11,L3,0,2025-04-24,left
E03028,褚彩*,女,1984,2021-04-29,,,,D03,L1,0,2021-07-28,active
E03029,喻红佳,女,2002,2024-12-19,2025-03-14,invol,R06,D01,L3,0,2025-03-19,left
E03030,华凤丽,女,1993,2019-05-01,,,,D11,L2,0,2019-07-30,active
E03031,赵春霞,女,1996,2022-12-23,,,,D03,L5,0,2023-03-23,active
E03032,戚军*,男,1992,2024-12-26,2025-11-16,invol,R06,D04,L4,1,2025-03-26,left
E03033,孙欣*,男,1996,2023-04-22,,,,D02,L4,1,2023-07-21,active
E03034,许玉*,男,1983,2019-03-22,,,,D02,L4,0,2019-09-18,active
E03035,钱玲*,男,1994,2019-06-27,,,,D05,L6,1,2019-09-25,active
E03036,冯超娜,男,2000,2024-11-20,2025-09-28,invol,R06,D03,L2,0,2025-02-18,left
E03037,施佳翠,女,1996,2020-11-17,2025-11-08,vol,R01,D08,L2,0,2021-02-15,left
E03038,戚杰*,男,1985,2021-05-26,,,,D11,L1,0,2021-08-24,active
E03039,严环静,女,1995,2023-02-22,,,,D08,L3,0,2023-05-23,active
E03040,喻荣*,女,1997,2023-10-11,2025-09-24,vol,R01,D01,L6,1,2024-01-09,left
E03041,姜芳佳,男,1993,2023-06-18,,,,D12,L3,0,2023-09-16,active
E03042,邹芳*,女,1988,2017-04-20,,,,D01,L1,0,2017-07-19,active
E03043,韩涛*,男,1994,2024-09-13,,,,D02,L2,0,2024-12-12,active
E03044,施凡彩,女,1989,2024-07-11,,,,D03,L2,0,2025-01-07,active
E03045,吴凤杰,女,1999,2021-06-10,,,,D11,L1,1,2021-09-08,active
E03046,朱香*,女,1993,2023-08-23,2025-01-26,vol,R05,D03,L5,1,2024-02-19,left
E03047,陈荣芬,男,1997,2023-10-02,,,,D06,L2,0,2023-12-31,active
E03048,魏丽*,女,1991,2024-09-11,,,,D03,L1,0,2024-12-10,active
E03049,褚彩媛,男,1997,2024-06-19,,,,D06,L1,1,2024-09-17,active
E03050,秦伟妹,女,1990,2019-02-11,,,,D05,L1,0,2019-08-10,active
E03051,陈艳*,男,1995,2024-03-15,2025-08-23,invol,R07,D01,L1,0,2024-06-13,left
E03052,冯琳艳,男,1987,2020-03-28,2025-02-27,invol,R07,D02,L1,0,2020-06-26,left
E03053,金慧*,女,1992,2018-01-13,,,,D01,L5,1,2018-04-13,active
E03054,杨华*,女,1993,2023-06-18,,,,D01,L1,0,2023-09-16,active
E03055,戚嘉芳,男,2002,2024-05-19,,,,D07,L2,0,2024-08-17,active
E03056,秦静淑,女,1988,2022-05-20,,,,D03,L3,0,2022-08-18,active
E03057,赵兰*,女,1983,2018-04-03,,,,D05,L2,0,2018-07-02,active
E03058,沈娟*,女,1998,2020-08-25,,,,D05,L2,0,2020-11-23,active
E03059,郑嘉*,女,1996,2023-06-28,,,,D03,L1,0,2023-12-25,active
E03060,韩佳*,男,1988,2018-12-16,,,,D06,L1,0,2019-03-16,active
E03061,陶杰*,女,1984,2020-08-26,2025-04-30,invol,R09,D01,L4,0,2020-11-24,left
E03062,卫芝梅,男,1988,2021-04-09,,,,D01,L2,0,2021-07-08,active
E03063,冯英凤,女,1993,2017-07-10,,,,D01,L2,0,2017-10-08,active
E03064,杨凤*,女,1995,2017-01-28,2025-01-15,invol,R06,D03,L5,1,2017-04-28,left
E03065,曹秀欣,男,1983,2021-09-20,,,,D01,L5,0,2021-12-19,active
E03066,李珠*,女,1998,2020-09-07,,,,D01,L2,0,2021-03-06,active
E03067,魏勇淑,男,1972,2017-10-08,,,,D04,L2,0,2018-01-06,active
E03068,曹美*,男,1990,2024-12-24,,,,D01,L1,1,2025-03-24,active
E03069,邹欣军,女,2001,2024-03-28,,,,D01,L2,0,2024-06-26,active
E03070,冯月美,女,1990,2021-08-31,,,,D12,L1,0,2021-11-29,active
E03071,张芳*,女,1991,2024-11-24,,,,D01,L4,0,2025-02-22,active
E03072,卫娥珠,男,1996,2023-01-23,2025-02-07,vol,R01,D03,L1,0,2023-04-23,left
E03073,吕玉*,男,1996,2018-10-07,2025-10-28,vol,R02,D02,L3,1,2019-01-05,left
E03074,金英*,女,1975,2019-09-15,,,,D11,L3,0,2019-12-14,active
E03075,严荣*,女,1985,2019-06-14,2025-12-04,invol,R06,D01,L1,0,2019-09-12,left
E03076,何娜*,女,1991,2022-09-27,,,,D01,L3,0,2023-03-26,active
E03077,曹雅*,男,1996,2024-04-12,2025-09-11,invol,R08,D02,L2,0,2024-10-09,left
E03078,王芳*,男,1988,2018-01-19,,,,D11,L1,0,2018-04-19,active
E03079,赵兰*,女,1996,2023-04-09,2025-10-15,invol,R06,D03,L3,0,2023-07-08,left
E03080,陶妹*,女,1994,2020-09-24,,,,D01,L7,1,2020-12-23,active
E03081,郑强*,男,1984,2020-08-10,,,,D02,L3,0,2020-11-08,active
E03082,尤勇丽,男,1981,2024-04-17,,,,D02,L1,0,2024-07-16,active
E03083,施慧*,男,2001,2023-04-01,,,,D01,L6,0,2023-06-30,active
E03084,杨杰*,女,1990,2021-09-26,,,,D01,L4,0,2021-12-25,active
E03085,许荣*,女,1990,2024-10-23,,,,D01,L4,0,2025-01-21,active
E03086,赵雪*,女,1990,2024-10-02,,,,D02,L5,0,2024-12-31,active
E03087,吴凡*,男,1992,2024-11-03,,,,D11,L1,0,2025-05-02,active
E03088,沈翠怡,女,1995,2022-11-15,,,,D05,L1,0,2023-02-13,active
E03089,赵敏*,女,1985,2022-05-08,2025-03-11,invol,R09,D01,L2,0,2022-08-06,left
E03090,金华洋,男,1991,2020-08-08,2025-01-03,vol,R01,D01,L1,0,2020-11-06,left
E03091,陶春真,男,2002,2024-02-12,,,,D12,L1,0,2024-08-10,active
E03092,尤超勇,男,1995,2017-12-16,,,,D03,L1,0,2018-03-16,active
E03093,陈芝*,男,1984,2022-10-07,,,,D06,L2,0,2023-01-05,active
E03094,郑妹娥,男,1996,2024-06-01,,,,D05,L1,0,2024-11-28,active
E03095,郑翠芳,女,1992,2022-07-10,,,,D05,L5,0,2023-01-06,active
E03096,陶爱菊,女,1987,2020-10-16,,,,D03,L3,0,2021-01-14,active
E03097,尤瑞*,男,1991,2024-08-03,2025-02-15,invol,R07,D03,L3,0,2025-01-30,left
E03098,华艳*,女,1989,2020-02-07,2025-03-14,invol,R06,D06,L5,0,2020-05-07,left
E03099,朱伟珠,女,1978,2018-10-02,,,,D03,L4,1,2018-12-31,active
E03100,钱梅*,男,1983,2019-08-22,2025-05-04,vol,R01,D01,L2,0,2019-11-20,left
E03101,陈莲*,男,1997,2020-07-13,,,,D01,L1,0,2020-10-11,active
E03102,郑艳娥,女,1978,2019-09-12,2025-09-13,invol,R09,D01,L5,0,2019-12-11,left
E03103,李真*,男,1996,2018-02-01,,,,D01,L5,0,2018-07-31,active
E03104,陈慧*,男,1989,2020-06-15,2025-08-23,vol,R03,D12,L3,0,2020-12-12,left
E03105,华明*,男,1982,2022-10-28,,,,D06,L5,0,2023-01-26,active
E03106,陈淑*,男,1992,2023-10-08,,,,D03,L1,0,2024-01-06,active
E03107,孙霞艳,女,1977,2018-06-27,,,,D01,L4,0,2018-09-25,active
E03108,冯兰*,男,1986,2024-10-10,,,,D11,L2,0,2025-01-08,active
E03109,韩真*,男,1990,2017-12-25,,,,D08,L3,0,2018-06-23,active
E03110,周超勇,男,2000,2022-04-11,,,,D01,L1,0,2022-07-10,active
E03111,孙美环,男,1991,2020-06-25,2025-06-14,invol,R07,D12,L1,0,2020-09-23,left
E03112,冯娜*,女,1992,2021-09-25,2025-01-26,vol,R01,D01,L5,1,2021-12-24,left
E03113,许惠娟,女,1996,2022-02-02,,,,D01,L4,1,2022-08-01,active
E03114,褚明*,女,1982,2021-09-18,,,,D12,L2,0,2021-12-17,active
E03115,金军*,男,1988,2017-07-23,,,,D05,L1,1,2017-10-21,active
E03116,杨伟*,男,1990,2022-05-08,2025-04-04,vol,R01,D05,L4,0,2022-11-04,left
E03117,曹巧*,女,1980,2019-09-26,,,,D02,L2,0,2019-12-25,active
E03118,施菊佳,女,1985,2022-06-07,,,,D03,L1,0,2022-09-05,active
E03119,韩怡磊,女,1992,2017-11-15,,,,D08,L1,0,2018-02-13,active
E03120,吕嘉*,男,1995,2017-12-20,,,,D01,L3,0,2018-03-20,active
E03121,金娜*,女,1976,2017-01-23,,,,D03,L4,1,2017-04-23,active
E03122,周妹娟,男,1980,2018-03-06,2025-03-15,vol,R01,D12,L5,0,2018-06-04,left
E03123,姜洋芳,男,1992,2023-12-28,2025-06-25,invol,R08,D02,L1,0,2024-03-27,left
E03124,李芳*,男,1988,2021-04-16,,,,D11,L2,0,2021-07-15,active
E03125,华娥玉,女,2002,2024-11-20,2025-07-12,vol,R02,D01,L2,0,2025-02-18,left
E03126,钱兰翠,女,1979,2017-11-16,,,,D03,L6,0,2018-02-14,active
E03127,陶娜春,男,1993,2020-10-02,,,,D06,L5,1,2020-12-31,active
E03128,邹红*,女,1985,2017-03-29,2025-09-06,invol,R06,D03,L4,0,2017-09-25,left
E03129,朱磊琳,女,1983,2016-12-30,2025-10-27,invol,R09,D11,L2,0,2017-06-28,left
E03130,卫强*,男,1992,2017-11-06,2025-12-27,invol,R07,D03,L5,0,2018-02-04,left
E03131,孙洁强,男,1986,2019-10-11,,,,D03,L5,0,2020-01-09,active
E03132,李芳*,女,1988,2018-09-09,,,,D02,L2,1,2018-12-08,active
E03133,邹霞*,女,1990,2020-01-01,,,,D02,L3,1,2020-03-31,active
E03134,何霞*,女,1980,2017-01-13,,,,D01,L1,0,2017-04-13,active
E03135,孔梅*,女,1994,2024-11-16,2025-03-09,vol,R01,D05,L3,1,2025-05-15,left
E03136,钱霞洋,女,1992,2020-05-12,,,,D08,L3,0,2020-08-10,active
E03137,郑丽雅,男,1986,2020-10-11,2025-01-12,vol,R01,D08,L6,1,2021-04-09,left
E03138,孔杰*,男,2001,2023-10-28,2025-07-26,vol,R02,D01,L2,0,2024-01-26,left
E03139,许勇雅,男,1991,2022-11-28,2025-09-02,vol,R04,D01,L3,0,2023-02-26,left
E03140,秦玲慧,女,2002,2024-10-25,,,,D08,L4,0,2025-01-23,active
E03141,许娜彩,女,1988,2017-03-27,,,,D03,L6,0,2017-06-25,active
E03142,尤佳*,男,1981,2023-10-16,,,,D01,L6,0,2024-01-14,active
E03143,谢丽*,女,2000,2022-02-06,,,,D01,L5,1,2022-05-07,active
E03144,金彩*,女,1992,2024-08-16,,,,D08,L2,0,2025-02-12,active
E03145,孔萍*,女,1990,2020-03-05,,,,D04,L1,0,2020-06-03,active
E03146,谢梅*,男,1996,2024-01-24,2025-04-13,vol,R01,D10,L3,0,2024-07-22,left
E03147,严瑞*,男,1999,2024-07-21,,,,D02,L1,0,2024-10-19,active
E03148,金莺磊,女,1999,2022-05-22,,,,D01,L7,0,2022-08-20,active
E03149,邹菊*,男,1989,2024-12-20,,,,D02,L2,0,2025-06-18,active
E03150,秦梅*,男,1988,2017-01-25,2025-12-27,invol,R07,D02,L6,0,2017-04-25,left
E03151,吕敏凤,男,1982,2017-08-12,,,,D12,L6,0,2018-02-08,active
E03152,孔菊凡,男,2002,2024-05-06,,,,D05,L3,0,2024-08-04,active
E03153,杨雪敏,女,1984,2021-03-30,,,,D08,L3,0,2021-06-28,active
E03154,尤淑丽,男,1999,2022-03-31,2025-06-21,vol,R04,D01,L1,0,2022-06-29,left
E03155,秦瑞*,男,1986,2018-10-29,,,,D12,L5,1,2019-01-27,active
E03156,陶美*,女,1987,2024-08-13,,,,D01,L2,1,2025-02-09,active
E03157,陶丽*,男,1997,2022-11-15,,,,D01,L2,0,2023-02-13,active
E03158,陶燕*,女,1992,2018-08-12,,,,D09,L3,0,2019-02-08,active
E03159,施明*,女,1988,2018-07-07,,,,D06,L3,0,2018-10-05,active
E03160,魏杰*,男,1988,2023-07-01,,,,D11,L1,0,2023-09-29,active
E03161,李素莲,女,1990,2024-09-12,,,,D03,L1,0,2024-12-11,active
E03162,喻惠梅,男,1989,2020-08-23,,,,D11,L3,0,2021-02-19,active
E03163,喻菊*,女,1992,2018-03-29,,,,D01,L1,0,2018-06-27,active
E03164,沈洋*,男,1989,2019-10-23,2025-02-07,vol,R01,D02,L1,0,2020-04-20,left
E03165,戚玉英,男,2000,2023-04-18,,,,D03,L1,0,2023-07-17,active
E03166,秦勇欣,女,1989,2022-04-04,2025-01-11,vol,R02,D12,L1,0,2022-07-03,left
E03167,孔巧云,男,1989,2021-11-17,2025-12-03,vol,R02,D02,L3,0,2022-02-15,left
E03168,尤娜*,男,1998,2023-08-15,,,,D06,L1,1,2023-11-13,active
E03169,卫爱*,男,1997,2019-01-18,2025-01-27,vol,R01,D04,L1,0,2019-04-18,left
E03170,沈军敏,女,1996,2020-11-20,,,,D11,L2,0,2021-02-18,active
E03171,孙军莺,男,1982,2021-11-06,,,,D01,L1,0,2022-02-04,active
E03172,赵娜霞,男,1996,2018-01-05,,,,D01,L6,1,2018-07-04,active
E03173,尤巧*,女,1989,2018-10-06,,,,D01,L5,0,2019-01-04,active
E03174,严洋*,女,1990,2018-08-05,,,,D03,L3,0,2019-02-01,active
E03175,杨凤*,女,1977,2020-03-10,,,,D01,L2,0,2020-09-06,active
E03176,许凤*,女,1987,2022-03-19,2025-04-06,vol,R04,D11,L4,0,2022-09-15,left
E03177,陈艳*,女,1998,2020-01-11,,,,D08,L6,0,2020-04-10,active
E03178,朱佳兰,未披露,2001,2023-08-29,2025-07-26,invol,R06,D02,L3,0,2024-02-25,left
E03179,戚荣瑞,男,1997,2023-02-22,,,,D02,L4,1,2023-08-21,active
E03180,喻杰*,男,1982,2024-08-13,,,,D02,L4,0,2024-11-11,active
E03181,何丽*,男,1998,2021-05-11,,,,D07,L2,0,2021-08-09,active
E03182,曹凡娜,女,1992,2023-07-05,2025-08-05,vol,R03,D04,L3,1,2024-01-01,left
E03183,卫雪*,男,1991,2023-03-10,,,,D05,L3,0,2023-09-06,active
E03184,王芳*,男,1995,2022-05-31,,,,D11,L1,1,2022-08-29,active
E03185,张媛*,男,1988,2017-03-26,,,,D11,L3,0,2017-06-24,active
E03186,王月菊,男,1991,2020-08-02,,,,D01,L4,0,2020-10-31,active
E03187,陶萍*,男,1984,2024-09-24,,,,D02,L3,0,2025-03-23,active
E03188,华爱*,女,1994,2022-04-30,2025-06-28,vol,R01,D06,L2,0,2022-10-27,left
E03189,陈涛*,女,1993,2024-05-18,,,,D03,L2,0,2024-11-14,active
E03190,秦强娟,女,1985,2023-01-09,,,,D01,L1,0,2023-04-09,active
E03191,邹敏*,女,1989,2023-02-25,,,,D06,L3,0,2023-05-26,active
E03192,喻静*,男,1997,2019-08-06,2025-08-16,vol,R01,D03,L1,0,2019-11-04,left
E03193,韩素梅,女,1988,2019-03-15,,,,D11,L3,0,2019-06-13,active
E03194,陈环洁,男,1991,2023-05-13,,,,D01,L2,0,2023-08-11,active
E03195,姜静磊,男,1984,2018-05-16,2025-06-15,vol,R01,D05,L2,0,2018-08-14,left
E03196,秦娜莺,男,1988,2018-05-13,2025-02-24,invol,R06,D09,L3,0,2018-08-11,left
E03197,王磊伟,男,1977,2017-12-29,2025-09-01,invol,R09,D03,L5,1,2018-03-29,left
E03198,韩敏玲,未披露,1986,2023-07-19,2025-09-06,vol,R04,D03,L6,1,2023-10-17,left
E03199,孙莲*,女,1980,2018-12-23,,,,D11,L4,0,2019-03-23,active
E03200,何玉*,男,1989,2020-11-15,,,,D03,L2,0,2021-02-13,active
E03201,李菊强,男,1986,2020-07-14,2025-11-26,vol,R02,D11,L2,0,2020-10-12,left
E03202,戚伟*,女,1995,2020-11-07,,,,D01,L2,0,2021-05-06,active
E03203,张秀琳,男,1992,2022-11-16,,,,D07,L1,0,2023-02-14,active
E03204,金嘉*,男,1987,2018-02-11,,,,D07,L1,0,2018-05-12,active
E03205,吴嘉*,男,1985,2024-12-14,2025-05-09,invol,R07,D07,L4,0,2025-03-14,left
E03206,张军*,男,1994,2024-12-18,,,,D06,L3,0,2025-03-18,active
E03207,朱香*,男,1995,2024-01-29,,,,D03,L4,1,2024-07-27,active
E03208,张雪*,男,1990,2017-09-09,,,,D09,L1,0,2018-03-08,active
E03209,周翠莲,男,1990,2024-06-10,2025-09-05,invol,R06,D04,L3,0,2024-09-08,left
E03210,许春玲,女,1980,2022-07-13,2025-12-14,vol,R01,D02,L2,0,2022-10-11,left
E03211,郑香艳,男,1994,2019-07-11,,,,D11,L1,0,2019-10-09,active
E03212,杨翠欣,男,1994,2023-12-02,,,,D05,L1,0,2024-05-30,active
E03213,朱伟*,男,1989,2020-06-28,,,,D02,L4,0,2020-09-26,active
E03214,陈莲*,男,1990,2022-06-23,,,,D01,L2,0,2022-09-21,active
E03215,蒋欣*,男,1994,2019-10-09,,,,D04,L1,0,2020-04-06,active
E03216,邹巧*,男,1984,2017-06-04,,,,D03,L5,0,2017-09-02,active
E03217,严静*,男,1986,2024-08-27,,,,D04,L3,0,2025-02-23,active
E03218,赵芳*,女,1993,2024-04-04,,,,D11,L5,0,2024-07-03,active
E03219,褚娥*,男,1984,2020-04-16,,,,D03,L1,1,2020-07-15,active
E03220,魏霞*,女,1994,2021-07-28,,,,D01,L3,0,2021-10-26,active
E03221,谢月丽,女,1983,2021-09-07,,,,D12,L5,0,2021-12-06,active
E03222,魏秀*,男,1986,2017-08-10,,,,D01,L2,0,2017-11-08,active
E03223,陶燕*,女,1995,2020-05-25,,,,D01,L4,0,2020-08-23,active
E03224,杨霞*,男,1985,2018-09-15,,,,D03,L1,0,2019-03-14,active
E03225,郑芝霞,男,1988,2021-09-17,,,,D01,L4,1,2021-12-16,active
E03226,陶玲萍,女,1988,2018-12-15,,,,D01,L3,0,2019-03-15,active
E03227,华秀*,男,1989,2021-12-15,,,,D02,L2,1,2022-03-15,active
E03228,王兰*,男,1976,2017-12-13,2025-03-11,invol,R06,D02,L5,0,2018-03-13,left
E03229,许华*,男,1993,2021-01-20,2025-03-10,invol,R09,D04,L3,0,2021-04-20,left
E03230,严媛丽,男,1986,2022-04-21,2025-04-01,vol,R02,D03,L3,1,2022-07-20,left
E03231,邹欣*,男,1999,2023-05-27,2025-03-16,vol,R01,D01,L6,1,2023-08-25,left
E03232,朱爱荣,女,1994,2024-02-07,,,,D11,L3,0,2024-05-07,active
E03233,许淑*,男,1995,2022-07-17,2025-09-17,vol,R03,D11,L1,0,2022-10-15,left
E03234,曹静*,男,1983,2018-10-09,,,,D01,L1,0,2019-01-07,active
E03235,孙勇*,女,1993,2022-08-31,,,,D05,L4,0,2022-11-29,active
E03236,李杰*,男,1991,2020-06-14,,,,D03,L6,1,2020-09-12,active
E03237,赵春*,女,1997,2022-09-25,,,,D06,L4,1,2023-03-24,active
E03238,李凡淑,男,1989,2020-05-06,,,,D01,L5,0,2020-11-02,active
E03239,周明艳,女,1980,2018-11-27,2025-10-24,vol,R02,D01,L1,0,2019-02-25,left
E03240,魏荣萍,男,1987,2024-12-28,2025-03-28,invol,R08,D01,L6,0,2025-03-28,left
E03241,蒋芬*,男,1981,2019-07-01,,,,D03,L5,1,2019-09-29,active
E03242,喻凡*,男,1991,2017-01-20,2025-11-27,invol,R08,D05,L2,0,2017-04-20,left
E03243,褚欣巧,女,1992,2022-01-01,2025-03-31,vol,R01,D07,L4,1,2022-06-30,left
E03244,杨秀凡,女,1990,2018-06-23,,,,D03,L1,0,2018-12-20,active
E03245,谢爱凡,男,1987,2020-09-01,2025-09-14,vol,R01,D06,L3,0,2020-11-30,left
E03246,朱真艳,男,1996,2018-05-03,,,,D01,L5,0,2018-08-01,active
E03247,钱静霞,男,1989,2021-11-12,,,,D04,L3,0,2022-05-11,active
E03248,冯明*,男,1999,2024-04-09,,,,D06,L3,0,2024-07-08,active
E03249,周伟*,男,1990,2023-02-15,,,,D02,L5,0,2023-05-16,active
E03250,孔洁英,女,2001,2023-01-13,,,,D12,L1,0,2023-04-13,active
E03251,沈洋芝,男,1995,2024-02-12,,,,D05,L1,0,2024-05-12,active
E03252,何娜惠,女,1999,2023-07-19,,,,D12,L4,0,2024-01-15,active
E03253,戚勇*,男,2000,2024-07-13,,,,D01,L1,0,2024-10-11,active
E03254,李素霞,男,1999,2021-06-17,,,,D01,L2,0,2021-09-15,active
E03255,朱淑*,女,1984,2020-09-03,,,,D02,L1,0,2020-12-02,active
E03256,戚芝*,女,1989,2017-06-09,2025-07-04,invol,R08,D11,L1,0,2017-09-07,left
E03257,郑怡*,女,1994,2020-06-27,2025-07-08,vol,R02,D01,L3,0,2020-09-25,left
E03258,陈欣*,女,1996,2020-04-22,,,,D08,L1,0,2020-07-21,active
E03259,尤香凡,女,1997,2024-12-09,,,,D12,L4,0,2025-03-09,active
E03260,周珠凡,男,1989,2024-01-02,,,,D02,L3,0,2024-06-30,active
E03261,钱丽*,女,1990,2024-10-19,,,,D04,L3,0,2025-04-17,active
E03262,魏磊洁,男,1994,2020-12-11,,,,D01,L4,1,2021-06-09,active
E03263,吕珠莲,女,1984,2023-04-20,,,,D12,L2,0,2023-07-19,active
E03264,姜芬莲,女,1986,2019-10-26,2025-10-16,vol,R02,D08,L5,1,2020-01-24,left
E03265,沈瑞*,男,1986,2017-12-08,,,,D05,L5,0,2018-03-08,active
E03266,王云春,男,1991,2024-03-13,,,,D12,L3,0,2024-06-11,active
E03267,陈凡*,男,1992,2017-04-06,,,,D06,L3,0,2017-07-05,active
E03268,李菊华,女,1998,2022-05-14,,,,D02,L2,0,2022-08-12,active
E03269,郑玲*,女,1987,2024-08-07,2025-04-29,vol,R04,D07,L2,0,2024-11-05,left
E03270,赵艳强,女,1983,2017-07-18,,,,D06,L4,1,2017-10-16,active
E03271,张荣真,男,1983,2017-01-23,,,,D02,L2,0,2017-04-23,active
E03272,李凤*,女,1985,2024-03-13,,,,D03,L2,0,2024-06-11,active
E03273,王彩娜,男,1979,2019-03-23,,,,D11,L5,0,2019-06-21,active
E03274,赵菊*,男,1983,2017-07-12,,,,D11,L5,1,2018-01-08,active
E03275,李云*,女,1991,2021-08-08,,,,D11,L5,0,2021-11-06,active
E03276,魏磊*,男,1996,2024-11-06,,,,D01,L3,0,2025-05-05,active
E03277,尤雪*,女,1994,2022-04-05,,,,D04,L2,0,2022-07-04,active
E03278,陈嘉*,男,1995,2020-05-13,2025-02-10,vol,R01,D03,L3,0,2020-11-09,left
E03279,沈月*,女,1998,2021-08-06,,,,D03,L3,0,2021-11-04,active
E03280,韩芳静,未披露,1989,2022-10-25,2025-01-26,vol,R02,D04,L2,0,2023-01-23,left
E03281,沈莲*,男,1996,2018-02-02,,,,D01,L1,0,2018-05-03,active
E03282,钱慧娜,男,1978,2024-10-19,,,,D12,L4,0,2025-01-17,active
E03283,何磊巧,女,1983,2017-08-21,2025-03-28,vol,R03,D06,L3,0,2017-11-19,left
E03284,吴翠*,女,1998,2020-07-01,,,,D05,L2,0,2020-12-28,active
E03285,金强*,女,1994,2023-01-05,2025-11-19,vol,R04,D07,L3,0,2023-04-05,left
E03286,韩萍凡,女,1998,2023-10-01,,,,D04,L3,0,2023-12-30,active
E03287,钱佳爱,女,1992,2016-12-16,,,,D12,L2,1,2017-03-16,active
E03288,华爱莲,男,1998,2022-07-26,,,,D01,L6,0,2023-01-22,active
E03289,吕怡洁,男,1987,2024-05-18,,,,D04,L5,1,2024-11-14,active
E03290,何艳*,女,1991,2020-05-04,,,,D12,L2,1,2020-08-02,active
E03291,华美彩,男,1994,2024-11-05,,,,D11,L2,0,2025-02-03,active
E03292,施佳娜,女,1999,2022-03-21,,,,D12,L1,1,2022-09-17,active
E03293,冯英*,男,1983,2021-05-03,,,,D07,L1,0,2021-08-01,active
E03294,卫芝琳,男,2000,2022-02-24,,,,D07,L2,0,2022-05-25,active
E03295,吕艳*,女,1988,2020-03-09,2025-03-20,invol,R07,D01,L3,0,2020-06-07,left
E03296,杨慧惠,男,1982,2017-05-20,,,,D03,L3,1,2017-11-16,active
E03297,韩英*,男,1985,2019-07-12,,,,D01,L1,0,2019-10-10,active
E03298,何妹*,男,1985,2019-09-21,,,,D01,L4,1,2020-03-19,active
E03299,许怡*,男,1996,2024-01-11,,,,D11,L2,1,2024-04-10,active
E03300,金娜香,男,1996,2018-07-04,2025-02-07,vol,R02,D01,L2,0,2018-10-02,left
E03301,张梅*,女,1978,2019-07-31,2025-08-25,invol,R07,D09,L4,1,2019-10-29,left
E03302,张娜*,女,2002,2024-06-17,,,,D02,L3,0,2024-12-14,active
E03303,尤霞*,女,1985,2020-09-21,,,,D02,L2,0,2021-03-20,active
E03304,金媛*,女,1990,2020-02-16,2025-04-14,invol,R08,D01,L2,0,2020-05-16,left
E03305,陈翠莲,男,1981,2017-04-21,,,,D08,L3,0,2017-10-18,active
E03306,秦芬*,女,1977,2020-03-28,2025-04-29,vol,R05,D01,L4,1,2020-09-24,left
E03307,朱娥超,男,2000,2022-11-25,2025-09-06,invol,R06,D05,L1,0,2023-02-23,left
E03308,孔丽妹,男,1995,2022-11-15,,,,D04,L2,0,2023-05-14,active
E03309,陈英*,男,1980,2024-02-06,,,,D01,L3,0,2024-05-06,active
E03310,姜娟玉,男,1979,2016-12-23,2025-02-11,vol,R01,D03,L4,1,2017-03-23,left
E03311,孔燕*,女,1999,2024-12-14,,,,D01,L2,0,2025-03-14,active
E03312,喻嘉怡,女,1998,2021-09-04,2025-05-21,invol,R07,D11,L4,0,2022-03-03,left
E03313,杨雪*,男,1996,2024-09-20,,,,D03,L5,1,2024-12-19,active
E03314,姜秀淑,男,1981,2021-06-04,,,,D01,L4,0,2021-12-01,active
E03315,周佳*,女,1989,2021-12-24,,,,D02,L6,0,2022-03-24,active
E03316,孔嘉红,女,1985,2023-11-13,,,,D01,L3,0,2024-05-11,active
E03317,韩娟*,男,1999,2021-06-26,2025-01-25,vol,R01,D12,L1,0,2021-09-24,left
E03318,冯洋*,男,1991,2020-03-16,,,,D01,L1,0,2020-06-14,active
E03319,吴春巧,女,1989,2024-12-18,,,,D01,L2,0,2025-03-18,active
E03320,吴娟*,男,1993,2018-07-22,,,,D02,L1,0,2019-01-18,active
E03321,褚华*,男,1996,2024-11-25,,,,D12,L2,1,2025-05-24,active
E03322,吴彩*,男,1993,2020-07-05,,,,D11,L5,0,2020-10-03,active
E03323,尤琳*,女,1985,2022-11-12,2025-07-20,vol,R02,D06,L1,0,2023-02-10,left
E03324,沈琳*,女,1992,2024-12-24,,,,D12,L5,0,2025-03-24,active
E03325,张洋凤,男,1988,2023-05-04,,,,D01,L2,0,2023-08-02,active
E03326,陈芳艳,男,2000,2024-07-08,,,,D02,L1,0,2025-01-04,active
E03327,韩怡琳,女,1998,2024-02-08,,,,D03,L1,0,2024-08-06,active
E03328,喻燕*,男,1987,2020-12-31,,,,D01,L3,0,2021-03-31,active
E03329,钱翠素,女,1997,2023-01-30,,,,D11,L2,0,2023-04-30,active
E03330,戚娟娜,男,1987,2019-12-19,2025-06-27,vol,R02,D01,L4,1,2020-03-18,left
E03331,王瑞静,男,2002,2024-09-04,,,,D03,L1,0,2025-03-03,active
E03332,施娜*,女,1988,2017-11-07,2025-05-12,vol,R03,D01,L2,0,2018-02-05,left
E03333,华洁*,女,1986,2024-05-19,,,,D11,L2,0,2024-08-17,active
E03334,朱瑞*,男,1995,2021-06-01,,,,D01,L7,1,2021-11-28,active
E03335,陶涛霞,男,1997,2019-04-20,,,,D11,L1,0,2019-07-19,active
E03336,李强*,男,1993,2024-10-22,,,,D05,L2,1,2025-01-20,active
E03337,金秀惠,男,2000,2022-07-13,,,,D03,L2,0,2022-10-11,active
E03338,谢涛*,男,1984,2017-06-20,2025-03-23,vol,R02,D03,L3,0,2017-09-18,left
E03339,张巧*,男,1996,2024-11-23,2025-05-30,invol,R08,D11,L1,0,2025-02-21,left
E03340,邹敏洁,男,1988,2020-07-14,,,,D02,L1,1,2021-01-10,active
E03341,喻巧香,男,1992,2023-01-06,,,,D01,L3,0,2023-04-06,active
E03342,邹慧爱,女,1972,2019-07-23,,,,D05,L3,0,2019-10-21,active
E03343,陶云*,男,1981,2022-07-06,2025-08-05,invol,R07,D06,L2,0,2022-10-04,left
E03344,许玉华,女,1989,2024-05-02,,,,D02,L6,0,2024-07-31,active
E03345,朱芝*,男,1988,2021-04-09,,,,D10,L2,0,2021-10-06,active
E03346,严凤明,男,1990,2023-04-15,,,,D04,L6,0,2023-07-14,active
E03347,孙凤*,男,1995,2021-05-21,,,,D12,L1,0,2021-11-17,active
E03348,钱娟媛,男,1982,2018-03-04,2025-07-22,invol,R07,D03,L1,0,2018-06-02,left
E03349,魏静瑞,女,1999,2024-06-23,,,,D02,L2,0,2024-12-20,active
E03350,许玉*,男,2000,2023-06-16,,,,D08,L2,0,2023-12-13,active
E03351,华春莺,男,1989,2021-07-01,2025-09-29,vol,R02,D05,L2,0,2021-09-29,left
E03352,韩瑞静,男,2002,2024-03-30,2025-04-21,invol,R07,D06,L4,1,2024-09-26,left
E03353,周雅*,男,1994,2020-06-20,,,,D01,L4,0,2020-12-17,active
E03354,喻勇妹,女,1985,2018-07-25,,,,D01,L4,0,2019-01-21,active
E03355,金萍珠,男,1984,2024-09-25,,,,D03,L1,0,2024-12-24,active
E03356,陶明英,女,1993,2024-10-25,2025-04-09,vol,R03,D03,L1,1,2025-01-23,left
E03357,韩洁*,男,1985,2019-09-24,,,,D02,L2,0,2019-12-23,active
E03358,郑真*,女,1988,2017-09-23,,,,D02,L2,0,2017-12-22,active
E03359,喻静*,女,1984,2022-09-23,,,,D02,L3,0,2022-12-22,active
E03360,李红嘉,男,1991,2022-03-09,2025-10-01,vol,R01,D06,L5,1,2022-06-07,left
E03361,周莺*,男,1976,2017-07-21,,,,D06,L1,1,2017-10-19,active
E03362,朱静怡,男,1990,2017-08-19,2025-12-07,vol,R01,D01,L4,0,2017-11-17,left
E03363,谢雅*,女,1988,2024-06-01,,,,D01,L1,0,2024-11-28,active
E03364,严杰*,男,1993,2023-08-01,,,,D01,L1,0,2023-10-30,active
E03365,沈娜*,女,1986,2020-08-16,,,,D03,L1,0,2020-11-14,active
E03366,杨佳*,男,1995,2017-10-01,,,,D11,L2,0,2017-12-30,active
E03367,朱欣*,男,1996,2021-10-05,,,,D01,L7,0,2022-01-03,active
E03368,韩兰翠,女,1994,2024-09-11,,,,D12,L1,0,2024-12-10,active
E03369,施玉玉,女,1986,2019-05-18,,,,D09,L3,0,2019-08-16,active
E03370,许嘉*,男,1999,2021-10-27,,,,D10,L6,1,2022-01-25,active
E03371,秦莲*,男,1983,2022-07-10,2025-02-19,invol,R08,D12,L2,0,2022-10-08,left
E03372,褚静淑,女,1984,2017-03-07,,,,D07,L7,1,2017-06-05,active
E03373,周艳超,男,1994,2021-07-13,,,,D08,L2,0,2021-10-11,active
E03374,周芝*,女,1989,2022-09-11,,,,D04,L1,0,2022-12-10,active
E03375,曹玉媛,男,1994,2022-07-15,2025-05-01,invol,R08,D07,L1,0,2023-01-11,left
E03376,金艳欣,女,1999,2022-08-27,2025-01-28,vol,R04,D02,L3,0,2022-11-25,left
E03377,蒋霞*,男,1996,2020-12-24,,,,D04,L4,0,2021-06-22,active
E03378,施莲*,男,1985,2019-07-17,2025-05-13,vol,R01,D01,L1,0,2019-10-15,left
E03379,郑伟霞,男,1999,2022-02-07,,,,D03,L3,0,2022-08-06,active
E03380,钱燕*,男,1980,2024-05-09,,,,D01,L6,0,2024-11-05,active
E03381,郑莺伟,女,1993,2018-02-23,,,,D11,L2,0,2018-05-24,active
E03382,许静*,女,1989,2019-09-06,,,,D03,L1,0,2019-12-05,active
E03383,许怡*,女,1979,2023-07-22,2025-09-22,vol,R01,D05,L2,0,2023-10-20,left
E03384,吕春*,女,1981,2017-04-10,,,,D04,L4,0,2017-07-09,active
E03385,周凤*,女,1991,2023-08-19,,,,D01,L2,0,2023-11-17,active
E03386,吴嘉*,男,1993,2024-12-15,,,,D01,L4,0,2025-03-15,active
E03387,孔静*,女,1990,2018-12-06,,,,D01,L4,0,2019-06-04,active
E03388,华环*,女,1988,2023-11-27,,,,D01,L4,0,2024-02-25,active
E03389,蒋荣彩,男,1988,2019-11-22,2025-08-30,vol,R04,D04,L1,0,2020-02-20,left
E03390,李巧*,男,2001,2024-08-18,,,,D07,L3,0,2024-11-16,active
E03391,蒋玲菊,女,1989,2018-04-11,,,,D02,L6,0,2018-07-10,active
E03392,喻瑞*,男,1989,2024-12-09,,,,D01,L2,0,2025-06-07,active
E03393,郑强*,男,1983,2024-01-27,,,,D01,L2,0,2024-04-26,active
E03394,蒋超超,未披露,2000,2022-01-30,,,,D01,L3,0,2022-04-30,active
E03395,冯敏彩,男,1996,2022-02-09,,,,D02,L4,0,2022-05-10,active
E03396,谢秀*,女,1988,2021-08-05,,,,D05,L1,0,2021-11-03,active
E03397,曹芳*,男,1998,2023-08-29,,,,D03,L4,0,2024-02-25,active
E03398,尤强芳,男,1989,2024-10-01,2025-03-21,vol,R05,D01,L4,1,2024-12-30,left
E03399,吕萍*,男,1993,2022-04-15,,,,D05,L1,0,2022-07-14,active
E03400,王萍*,男,1987,2023-09-04,,,,D01,L7,0,2023-12-03,active
E03401,喻素*,男,1999,2021-06-19,,,,D03,L3,1,2021-12-16,active
E03402,卫菊*,男,1981,2019-12-06,2025-10-26,invol,R07,D12,L1,0,2020-03-05,left
E03403,陶艳*,女,1990,2017-09-26,,,,D03,L2,0,2018-03-25,active
E03404,喻真*,男,1980,2019-10-21,2025-10-27,vol,R02,D04,L2,0,2020-01-19,left
E03405,朱环*,女,1991,2017-09-05,2025-01-31,vol,R04,D08,L4,1,2017-12-04,left
E03406,杨萍凤,女,1989,2022-02-02,,,,D02,L1,0,2022-08-01,active
E03407,杨萍慧,男,1982,2020-07-27,,,,D04,L5,0,2021-01-23,active
E03408,施环*,男,1995,2021-03-11,,,,D05,L6,1,2021-06-09,active
E03409,秦明月,女,1990,2024-10-04,2025-04-30,vol,R03,D02,L2,0,2025-01-02,left
E03410,卫艳*,男,1980,2020-03-09,,,,D11,L3,0,2020-06-07,active
E03411,陈娜*,女,1989,2021-05-05,,,,D01,L2,0,2021-08-03,active
E03412,张强芬,男,1980,2022-05-17,2025-09-01,invol,R06,D01,L5,1,2022-11-13,left
E03413,张秀*,女,1973,2021-09-02,,,,D05,L5,0,2021-12-01,active
E03414,韩玲雪,男,1995,2018-02-09,,,,D03,L1,0,2018-08-08,active
E03415,王燕兰,男,2001,2023-10-15,,,,D12,L3,0,2024-04-12,active
E03416,冯爱伟,女,1994,2018-12-23,,,,D03,L2,0,2019-06-21,active
E03417,杨萍莺,女,1989,2024-09-24,,,,D06,L4,0,2025-03-23,active
E03418,朱强春,男,1989,2019-10-22,,,,D07,L5,0,2020-01-20,active
E03419,施月*,女,1998,2024-07-04,,,,D03,L2,0,2024-12-31,active
E03420,朱娥超,男,1996,2019-03-26,,,,D04,L3,0,2019-06-24,active
E03421,李媛玉,男,1982,2023-10-30,2025-04-07,vol,R02,D01,L4,0,2024-01-28,left
E03422,卫慧英,男,1991,2021-04-03,,,,D01,L1,0,2021-07-02,active
E03423,姜素*,女,1984,2023-01-11,2025-04-03,invol,R08,D02,L2,0,2023-04-11,left
E03424,尤惠*,女,1994,2021-07-22,,,,D04,L4,0,2021-10-20,active
E03425,赵凤*,女,1998,2021-11-27,,,,D06,L1,0,2022-05-26,active
E03426,喻妹怡,男,1995,2023-11-13,,,,D02,L1,0,2024-02-11,active
E03427,孔莺*,女,1989,2020-10-08,2025-06-26,invol,R07,D01,L2,0,2021-01-06,left
E03428,吕强静,女,1999,2024-08-22,2025-11-05,invol,R06,D06,L3,1,2024-11-20,left
E03429,沈娜红,男,2001,2023-03-21,,,,D11,L5,1,2023-09-17,active
E03430,秦芳芝,女,1979,2017-01-15,,,,D05,L1,0,2017-07-14,active
E03431,曹瑞洋,女,1994,2024-09-20,2025-12-29,vol,R03,D07,L1,0,2024-12-19,left
E03432,严荣*,女,1990,2020-10-21,2025-12-14,vol,R01,D01,L1,1,2021-04-19,left
E03433,杨娟静,男,1995,2020-03-09,2025-11-26,vol,R02,D01,L1,1,2020-06-07,left
E03434,孙磊凡,女,1986,2019-10-16,,,,D02,L3,0,2020-01-14,active
E03435,喻芝*,女,1993,2022-11-19,2025-01-27,vol,R05,D03,L3,0,2023-02-17,left
E03436,孙云*,男,1973,2018-08-07,,,,D03,L5,0,2018-11-05,active
E03437,魏慧敏,女,1990,2023-11-26,2025-06-16,vol,R05,D03,L1,0,2024-02-24,left
E03438,施真*,女,1992,2020-11-09,,,,D05,L4,0,2021-02-07,active
E03439,魏春玲,男,1996,2021-08-09,2025-01-29,invol,R08,D07,L5,0,2021-11-07,left
E03440,沈艳*,女,1981,2018-10-23,,,,D04,L4,0,2019-01-21,active
E03441,邹美*,女,1996,2024-01-22,,,,D03,L1,1,2024-04-21,active
E03442,蒋妹艳,女,1982,2024-12-05,,,,D12,L2,0,2025-03-05,active
E03443,施佳*,男,1991,2024-06-28,2025-10-12,invol,R07,D11,L7,0,2024-09-26,left
E03444,朱芳*,女,1989,2017-06-21,,,,D06,L3,0,2017-12-18,active
E03445,曹春莺,男,1987,2018-04-23,2025-02-23,invol,R06,D11,L2,0,2018-07-22,left
E03446,郑月爱,男,2001,2024-08-24,,,,D12,L2,0,2024-11-22,active
E03447,赵真*,男,1997,2024-07-10,,,,D04,L3,0,2024-10-08,active
E03448,许爱*,男,1990,2022-08-12,,,,D01,L2,0,2023-02-08,active
E03449,姜艳翠,男,1995,2023-07-26,,,,D06,L2,0,2023-10-24,active
E03450,杨艳敏,女,1988,2024-09-06,,,,D01,L1,0,2025-03-05,active
E03451,郑云翠,男,1995,2024-12-04,,,,D01,L2,1,2025-03-04,active
E03452,张洁雅,男,1994,2023-06-08,2025-01-17,invol,R09,D01,L4,0,2023-09-06,left
E03453,华娜*,女,1982,2024-09-17,,,,D01,L4,1,2025-03-16,active
E03454,邹磊*,男,1989,2019-12-04,,,,D01,L3,0,2020-03-03,active
E03455,谢凡*,男,1998,2023-10-03,,,,D05,L2,0,2024-01-01,active
E03456,华莺*,男,1989,2017-11-08,2025-12-10,vol,R02,D01,L2,0,2018-02-06,left
E03457,谢芝怡,男,1994,2019-09-09,,,,D03,L1,0,2019-12-08,active
E03458,孙彩*,女,1983,2017-07-20,,,,D04,L2,0,2017-10-18,active
E03459,喻莺*,女,1992,2024-06-15,2025-01-03,invol,R08,D03,L1,0,2024-09-13,left
E03460,魏爱*,女,1981,2023-10-23,,,,D01,L6,0,2024-01-21,active
E03461,周莺*,男,1992,2018-08-29,,,,D02,L2,0,2018-11-27,active
E03462,何伟梅,男,1981,2020-10-20,,,,D08,L3,0,2021-01-18,active
E03463,邹玉*,女,1996,2020-04-09,,,,D03,L3,1,2020-07-08,active
E03464,冯萍*,男,1990,2021-08-25,,,,D02,L3,0,2021-11-23,active
E03465,姜爱梅,男,1982,2019-07-18,,,,D02,L5,1,2019-10-16,active
E03466,尤莺勇,女,1999,2023-10-09,2025-12-12,vol,R01,D05,L3,0,2024-01-07,left
E03467,郑秀*,男,1988,2021-11-12,,,,D01,L2,0,2022-02-10,active
E03468,赵杰芬,女,1993,2017-03-24,,,,D01,L2,0,2017-06-22,active
E03469,褚巧丽,女,1983,2017-08-19,2025-01-23,invol,R07,D11,L4,1,2018-02-15,left
E03470,杨莺*,女,1993,2024-08-24,2025-05-22,vol,R01,D02,L2,0,2024-11-22,left
E03471,严美丽,男,1989,2020-09-04,,,,D03,L1,0,2020-12-03,active
E03472,戚芳*,男,1992,2023-01-03,,,,D12,L5,1,2023-07-02,active
E03473,陈强静,女,1992,2017-10-08,,,,D01,L3,1,2018-01-06,active
E03474,褚惠莺,男,1988,2017-02-16,,,,D02,L4,0,2017-05-17,active
E03475,冯月巧,男,1990,2023-01-15,,,,D09,L4,0,2023-04-15,active
E03476,杨彩莲,女,1993,2023-06-15,,,,D01,L2,0,2023-12-12,active
E03477,韩芝*,男,1992,2018-02-08,,,,D10,L2,0,2018-05-09,active
E03478,谢杰勇,女,1998,2022-05-02,2025-02-04,invol,R07,D06,L3,1,2022-07-31,left
E03479,李燕*,男,1990,2023-04-30,2025-01-03,invol,R06,D03,L1,0,2023-07-29,left
E03480,郑玲*,男,1981,2020-06-29,2025-10-21,invol,R06,D01,L2,0,2020-09-27,left
E03481,许艳*,女,1982,2019-01-04,2025-06-23,vol,R02,D01,L1,0,2019-07-03,left
E03482,施娜凡,男,1992,2021-04-18,,,,D05,L3,0,2021-10-15,active
E03483,沈菊*,女,1981,2018-10-26,,,,D06,L2,0,2019-01-24,active
E03484,严佳*,男,1989,2020-11-29,,,,D06,L4,1,2021-02-27,active
E03485,陈娥芳,男,1992,2018-12-21,,,,D05,L1,0,2019-03-21,active
E03486,孙真香,女,1985,2023-08-01,,,,D11,L1,0,2023-10-30,active
E03487,尤艳*,男,1982,2023-09-11,2025-10-07,invol,R06,D03,L2,0,2023-12-10,left
E03488,邹敏杰,女,1992,2018-02-15,,,,D10,L3,0,2018-05-16,active
E03489,朱秀*,男,1997,2024-11-21,,,,D01,L4,1,2025-02-19,active
E03490,华娜艳,男,1996,2023-05-12,,,,D02,L2,0,2023-11-08,active
E03491,钱爱娥,男,1996,2023-01-23,2025-05-05,vol,R01,D12,L2,0,2023-04-23,left
E03492,李强*,男,1985,2021-09-22,,,,D02,L6,0,2021-12-21,active
E03493,尤芬*,男,1992,2018-08-19,,,,D02,L3,0,2019-02-15,active
E03494,陶丽*,男,1993,2020-02-17,,,,D11,L3,0,2020-08-15,active
E03495,施菊慧,男,1990,2018-07-25,,,,D04,L3,0,2019-01-21,active
E03496,魏莺勇,男,1992,2024-08-27,2025-02-28,vol,R02,D03,L6,0,2024-11-25,left
E03497,谢兰霞,男,1989,2022-12-03,2025-03-29,vol,R03,D01,L5,1,2023-06-01,left
E03498,许艳*,女,1995,2020-04-02,,,,D12,L2,0,2020-07-01,active
E03499,魏莲*,男,2001,2024-01-18,,,,D05,L4,1,2024-04-17,active
E03500,金静敏,女,1986,2023-07-26,,,,D10,L2,0,2023-10-24,active
E03501,邹燕素,男,1998,2024-10-17,,,,D04,L2,0,2025-01-15,active
E03502,严怡*,男,1981,2022-05-29,,,,D01,L3,0,2022-08-27,active
E03503,杨红*,男,2000,2022-05-14,2025-03-06,vol,R01,D06,L2,0,2022-08-12,left
E03504,姜洋莲,男,1989,2018-12-31,,,,D12,L4,0,2019-03-31,active
E03505,李华*,男,1987,2019-06-02,,,,D03,L3,0,2019-08-31,active
E03506,姜莲*,女,1994,2017-06-23,,,,D01,L1,0,2017-09-21,active
E03507,张真*,男,2001,2023-08-17,,,,D06,L4,0,2023-11-15,active
E03508,吴娥雅,男,1999,2021-07-11,2025-09-15,vol,R02,D12,L1,0,2021-10-09,left
E03509,许琳*,女,2000,2024-09-11,,,,D01,L2,0,2024-12-10,active
E03510,孙春琳,男,2002,2024-06-19,2025-10-06,invol,R06,D08,L3,0,2024-09-17,left
E03511,谢秀*,女,1975,2024-11-12,2025-06-23,invol,R08,D10,L3,0,2025-02-10,left
E03512,韩翠*,男,1997,2023-09-11,,,,D12,L4,0,2024-03-09,active
E03513,谢莲丽,女,1988,2021-03-06,2025-05-16,invol,R07,D01,L1,0,2021-06-04,left
E03514,冯环伟,女,1989,2023-01-29,,,,D04,L5,1,2023-04-29,active
E03515,曹洁怡,女,1994,2023-06-16,,,,D05,L4,0,2023-09-14,active
E03516,冯慧*,男,1991,2024-11-19,2025-11-03,invol,R07,D02,L6,1,2025-02-17,left
E03517,陶杰玉,男,1995,2023-12-01,2025-11-05,vol,R02,D03,L5,1,2024-05-29,left
E03518,陈真*,女,1998,2021-03-01,2025-01-07,vol,R01,D09,L7,1,2021-05-30,left
E03519,朱华*,男,1991,2021-07-02,,,,D01,L2,0,2021-09-30,active
E03520,褚慧*,男,1993,2020-03-26,,,,D01,L1,1,2020-06-24,active
E03521,孔涛瑞,女,1991,2021-03-07,,,,D12,L1,0,2021-06-05,active
E03522,邹月*,男,1997,2023-08-11,,,,D11,L4,1,2023-11-09,active
E03523,杨云*,男,1990,2024-10-16,2025-07-31,invol,R06,D03,L1,0,2025-01-14,left
E03524,蒋爱*,男,1986,2024-07-22,,,,D01,L5,1,2024-10-20,active
E03525,许静华,女,1994,2021-01-23,,,,D01,L1,0,2021-04-23,active
E03526,谢勇*,男,1999,2021-02-18,,,,D11,L1,0,2021-05-19,active
E03527,尤丽杰,男,1983,2019-12-03,,,,D12,L2,0,2020-03-02,active
E03528,张莲*,女,1994,2024-04-19,,,,D01,L1,0,2024-07-18,active
E03529,褚静*,女,1988,2020-08-28,,,,D12,L3,0,2020-11-26,active
E03530,韩惠香,女,1980,2023-02-17,,,,D03,L4,0,2023-08-16,active
E03531,秦凤琳,男,1981,2023-01-01,2025-12-01,vol,R05,D04,L1,1,2023-04-01,left
E03532,蒋芳*,男,1997,2020-02-23,,,,D01,L5,0,2020-05-23,active
E03533,施巧杰,女,1996,2021-06-04,,,,D01,L4,1,2021-09-02,active
E03534,冯秀*,男,1992,2022-12-27,,,,D11,L2,0,2023-06-25,active
E03535,郑涛磊,男,1987,2024-12-27,,,,D11,L4,0,2025-03-27,active
E03536,严佳*,男,1985,2022-08-26,,,,D05,L1,0,2022-11-24,active
E03537,褚芬菊,女,1997,2023-10-03,,,,D07,L1,0,2024-03-31,active
E03538,严军*,男,1996,2024-05-17,,,,D11,L5,0,2024-08-15,active
E03539,周兰雪,男,1995,2018-01-11,,,,D04,L4,1,2018-04-11,active
E03540,褚琳*,男,1976,2017-12-05,,,,D01,L6,0,2018-06-03,active
E03541,严雅*,男,2000,2023-08-08,,,,D12,L3,0,2023-11-06,active
E03542,尤芳*,女,1988,2022-04-20,2025-07-05,vol,R01,D01,L4,0,2022-07-19,left
E03543,周强磊,男,1992,2017-08-21,2025-11-19,vol,R03,D03,L3,0,2017-11-19,left
E03544,沈娜荣,女,1990,2020-03-31,2025-04-09,vol,R02,D02,L1,0,2020-06-29,left
E03545,施素珠,男,1982,2024-09-28,,,,D01,L4,0,2024-12-27,active
E03546,施涛*,男,1988,2021-07-17,,,,D01,L1,0,2022-01-13,active
E03547,陈军*,男,1989,2017-09-04,,,,D01,L4,0,2017-12-03,active
E03548,郑萍*,男,1994,2023-04-08,2025-06-14,vol,R02,D02,L4,1,2023-07-07,left
E03549,姜娜洁,男,1984,2024-08-06,,,,D01,L1,0,2024-11-04,active
E03550,何静*,男,2002,2024-11-29,,,,D12,L1,0,2025-02-27,active
E03551,冯春雅,男,1981,2019-11-24,,,,D09,L4,0,2020-02-22,active
E03552,郑娥敏,女,1993,2024-12-06,,,,D09,L3,0,2025-03-06,active
E03553,卫怡*,女,1986,2021-12-01,,,,D10,L4,1,2022-03-01,active
E03554,蒋燕丽,女,1999,2024-09-25,,,,D01,L1,0,2024-12-24,active
E03555,秦军静,男,1984,2020-08-21,,,,D02,L3,0,2020-11-19,active
E03556,蒋娜凡,女,1996,2024-04-10,,,,D03,L4,0,2024-10-07,active
E03557,戚翠勇,男,1991,2022-11-11,,,,D03,L4,0,2023-05-10,active
E03558,杨妹*,未披露,1988,2019-09-23,,,,D09,L2,0,2019-12-22,active
E03559,冯云环,男,1990,2024-05-12,,,,D01,L4,0,2024-08-10,active
E03560,喻娥*,男,1992,2022-08-05,2025-02-27,vol,R02,D01,L1,1,2023-02-01,left
E03561,谢荣*,女,1985,2021-04-30,,,,D08,L2,0,2021-07-29,active
E03562,姜爱*,女,1991,2021-03-11,,,,D06,L1,0,2021-06-09,active
E03563,严娜*,女,1998,2021-10-01,,,,D06,L3,0,2021-12-30,active
E03564,尤彩芬,男,1979,2021-12-05,2025-01-29,vol,R02,D08,L6,0,2022-03-05,left
E03565,孙霞*,男,1988,2022-08-13,,,,D05,L3,0,2022-11-11,active
E03566,赵芝*,女,1990,2021-11-28,,,,D12,L3,0,2022-02-26,active
E03567,孙玲*,女,1992,2023-08-29,,,,D03,L2,0,2023-11-27,active
E03568,冯美强,男,2000,2024-02-29,,,,D06,L2,0,2024-05-29,active
E03569,张真*,女,1989,2021-06-17,,,,D02,L2,0,2021-09-15,active
E03570,姜芬*,女,1989,2019-03-16,,,,D11,L2,0,2019-09-12,active
E03571,赵涛*,男,1999,2021-10-21,,,,D05,L4,1,2022-01-19,active
E03572,钱莺*,男,1996,2024-05-30,,,,D06,L1,0,2024-08-28,active
E03573,李玲*,女,1995,2019-03-07,,,,D05,L2,0,2019-06-05,active
E03574,褚莺霞,女,1985,2020-01-23,,,,D01,L2,0,2020-04-22,active
E03575,许雪*,女,1989,2023-03-07,,,,D02,L2,0,2023-06-05,active
E03576,朱珠香,女,1995,2024-09-06,,,,D12,L2,0,2024-12-05,active
E03577,许燕*,女,1984,2018-05-07,,,,D07,L3,0,2018-11-03,active
E03578,李嘉*,女,1983,2020-05-28,,,,D02,L2,0,2020-08-26,active
E03579,钱芳*,男,1991,2022-03-21,,,,D11,L4,1,2022-06-19,active
E03580,吴春*,男,1994,2022-01-20,2025-01-13,invol,R06,D12,L1,0,2022-07-19,left
E03581,孔爱佳,男,1995,2024-08-06,,,,D11,L6,0,2024-11-04,active
E03582,沈兰*,女,1998,2020-02-01,2025-01-02,invol,R09,D05,L5,1,2020-05-01,left
E03583,蒋萍*,女,1985,2020-07-09,2025-01-19,vol,R02,D12,L3,0,2020-10-07,left
E03584,孙秀环,男,1988,2019-07-25,,,,D08,L1,0,2019-10-23,active
E03585,魏娟芳,女,1993,2024-03-19,,,,D06,L3,0,2024-06-17,active
E03586,韩芝玲,男,1988,2021-11-01,,,,D08,L1,1,2022-01-30,active
E03587,姜怡*,女,1993,2021-01-10,,,,D12,L1,0,2021-04-10,active
E03588,谢秀*,女,1993,2020-01-22,,,,D01,L1,0,2020-04-21,active
E03589,孙菊*,女,1983,2020-05-09,,,,D01,L2,0,2020-08-07,active
E03590,曹香*,女,1984,2017-12-19,,,,D12,L4,1,2018-03-19,active
E03591,陈春*,男,1989,2024-04-02,,,,D06,L5,0,2024-07-01,active
E03592,吕洋*,女,1986,2019-06-15,,,,D01,L1,0,2019-09-13,active
E03593,姜萍云,男,1987,2023-01-14,,,,D02,L1,0,2023-04-14,active
E03594,吕爱香,男,1991,2024-10-18,,,,D04,L2,0,2025-01-16,active
E03595,王芬*,男,1990,2017-05-14,,,,D11,L1,0,2017-11-10,active
E03596,施妹娜,女,1986,2020-07-19,,,,D04,L3,0,2020-10-17,active
E03597,许嘉玉,男,2000,2022-12-09,,,,D05,L2,0,2023-03-09,active
E03598,李红*,男,1990,2023-02-01,,,,D02,L2,0,2023-05-02,active
E03599,赵军莺,男,1984,2021-12-26,,,,D03,L3,0,2022-03-26,active
E03600,陈怡*,男,1996,2020-12-29,2025-08-01,vol,R03,D10,L5,0,2021-03-29,left
E03601,何玲*,男,1987,2025-01-13,,,,D04,L4,1,2025-04-13,active
E03602,卫珠*,男,1999,2025-01-12,,,,D01,L6,1,2025-04-12,active
E03603,冯洁淑,女,1999,2025-01-30,,,,D05,L1,0,2025-04-30,active
E03604,沈娟*,女,2001,2025-01-06,2025-06-04,vol,R01,D02,L2,0,2025-04-06,left
E03605,郑涛*,女,1988,2025-01-17,,,,D02,L2,0,2025-04-17,active
E03606,王凤*,男,2000,2025-01-22,,,,D03,L5,1,2025-04-22,active
E03607,周雅*,女,1997,2025-01-08,,,,D06,L5,0,2025-04-08,active
E03608,邹美*,女,1996,2025-01-23,2025-02-10,invol,R09,D01,L1,0,2025-07-22,left
E03609,王妹*,女,1997,2025-01-07,,,,D01,L4,0,2025-07-06,active
E03610,陶艳*,女,1999,2025-01-30,,,,D02,L4,0,2025-04-30,active
E03611,施静云,男,2002,2025-01-05,,,,D05,L3,0,2025-04-05,active
E03612,秦芳*,女,1987,2025-01-30,,,,D02,L6,0,2025-04-30,active
E03613,邹春*,女,1995,2025-01-25,,,,D01,L1,0,2025-04-25,active
E03614,严玉*,男,2000,2025-01-27,,,,D06,L4,0,2025-04-27,active
E03615,曹艳*,男,1995,2025-01-28,,,,D11,L3,0,2025-07-27,active
E03616,尤菊彩,女,1992,2025-01-24,2025-04-28,invol,R06,D11,L2,0,2025-04-24,left
E03617,金瑞*,男,2001,2025-01-01,,,,D02,L2,0,2025-04-01,active
E03618,郑环*,女,1990,2025-01-10,,,,D07,L4,0,2025-04-10,active
E03619,魏梅*,女,2003,2025-01-26,,,,D03,L1,0,2025-04-26,active
E03620,孔爱*,男,1991,2025-01-28,,,,D11,L5,0,2025-04-28,active
E03621,李荣*,男,1995,2025-01-01,2025-12-04,vol,R01,D03,L2,0,2025-04-01,left
E03622,朱军*,女,1988,2025-01-28,2025-04-07,invol,R06,D01,L1,0,2025-04-28,left
E03623,沈春莲,男,1987,2025-01-27,,,,D01,L3,1,2025-04-27,active
E03624,谢明英,女,1995,2025-01-03,,,,D03,L3,0,2025-04-03,active
E03625,邹艳超,女,1995,2025-01-17,2025-09-21,vol,R02,D01,L4,1,2025-07-16,left
E03626,戚静妹,女,1988,2025-01-04,,,,D06,L2,0,2025-04-04,active
E03627,吴兰*,女,1996,2025-01-11,,,,D03,L1,0,2025-04-11,active
E03628,姜瑞*,男,1991,2025-01-17,,,,D01,L6,0,2025-04-17,active
E03629,姜爱洁,女,2003,2025-01-15,,,,D02,L3,0,2025-04-15,active
E03630,华凤*,男,1996,2025-01-16,,,,D01,L3,0,2025-04-16,active
E03631,严美*,男,1993,2025-01-06,,,,D11,L4,0,2025-04-06,active
E03632,严佳*,男,1996,2025-01-04,,,,D03,L2,0,2025-04-04,active
E03633,王嘉瑞,男,1991,2025-01-10,,,,D01,L2,0,2025-04-10,active
E03634,陶玲洁,男,1994,2025-01-22,,,,D01,L5,0,2025-07-21,active
E03635,严菊爱,男,2003,2025-01-07,2025-09-26,invol,R06,D06,L4,0,2025-04-07,left
E03636,杨怡玉,女,1998,2025-01-16,,,,D01,L1,0,2025-04-16,active
E03637,金荣琳,男,1982,2025-01-01,,,,D03,L4,1,2025-04-01,active
E03638,韩珠霞,女,1987,2025-01-23,,,,D10,L3,0,2025-07-22,active
E03639,喻萍*,男,2002,2025-01-09,,,,D03,L1,0,2025-07-08,active
E03640,秦静玉,女,2003,2025-01-25,2025-12-31,vol,R02,D02,L1,0,2025-04-25,left
E03641,冯强*,男,1997,2025-01-06,,,,D06,L4,0,2025-04-06,active
E03642,戚凡莺,男,2002,2025-01-29,,,,D04,L4,0,2025-04-29,active
E03643,施莺艳,男,1986,2025-01-10,,,,D01,L4,0,2025-04-10,active
E03644,李云美,男,1987,2025-01-20,2025-03-13,invol,R06,D08,L2,0,2025-07-19,left
E03645,沈秀怡,女,1999,2025-01-19,2025-03-13,invol,R06,D12,L1,0,2025-04-19,left
E03646,韩娜兰,男,1978,2025-01-28,,,,D01,L3,0,2025-04-28,active
E03647,褚丽雪,女,1998,2025-01-02,,,,D02,L5,1,2025-04-02,active
E03648,杨荣洋,男,2000,2025-01-26,,,,D12,L2,0,2025-04-26,active
E03649,陶强*,女,1985,2025-01-26,2025-06-24,invol,R08,D02,L3,0,2025-07-25,left
E03650,陈涛淑,女,1997,2025-01-14,,,,D02,L4,0,2025-04-14,active
E03651,蒋嘉燕,未披露,1993,2025-01-03,,,,D04,L4,0,2025-04-03,active
E03652,孙怡丽,女,2003,2025-01-19,,,,D02,L1,0,2025-07-18,active
E03653,沈环娜,女,1982,2025-01-01,,,,D11,L1,0,2025-04-01,active
E03654,金明艳,男,1990,2025-01-24,,,,D11,L3,0,2025-04-24,active
E03655,尤英美,男,1992,2025-01-28,,,,D01,L2,0,2025-04-28,active
E03656,陶凤瑞,男,1989,2025-01-16,2025-06-04,invol,R07,D06,L1,0,2025-07-15,left
E03657,秦莲荣,男,1999,2025-01-03,,,,D06,L1,0,2025-07-02,active
E03658,华春妹,男,1997,2025-01-11,,,,D01,L1,0,2025-04-11,active
E03659,金莺*,女,1992,2025-01-27,,,,D11,L5,0,2025-04-27,active
E03660,孔艳*,女,1983,2025-01-19,,,,D11,L3,0,2025-04-19,active
E03661,华慧彩,男,1997,2025-01-21,,,,D02,L1,0,2025-04-21,active
E03662,孙荣芬,男,1991,2025-01-28,,,,D03,L1,0,2025-04-28,active
E03663,邹荣*,女,1986,2025-01-27,,,,D07,L4,0,2025-07-26,active
E03664,陈巧*,男,1996,2025-01-17,,,,D10,L4,0,2025-04-17,active
E03665,姜素芬,女,1985,2025-01-21,,,,D05,L2,0,2025-07-20,active
E03666,沈娜涛,男,1995,2025-01-29,,,,D01,L1,0,2025-04-29,active
E03667,严真*,女,1994,2025-01-12,,,,D01,L2,0,2025-04-12,active
E03668,金雅*,女,2003,2025-01-24,,,,D08,L2,0,2025-04-24,active
E03669,金爱*,男,2000,2025-01-31,,,,D01,L1,0,2025-05-01,active
E03670,谢爱*,女,1980,2025-01-22,,,,D05,L1,0,2025-04-22,active
E03671,韩淑*,女,1989,2025-01-08,,,,D01,L5,1,2025-04-08,active
E03672,谢华*,女,1998,2025-01-15,,,,D01,L4,0,2025-04-15,active
E03673,卫英*,男,1996,2025-01-24,2025-08-13,invol,R07,D01,L3,0,2025-04-24,left
E03674,张秀*,女,1997,2025-01-21,2025-03-12,vol,R01,D05,L2,1,2025-04-21,left
E03675,蒋惠美,男,2003,2025-01-31,,,,D05,L6,0,2025-05-01,active
E03676,卫艳香,男,1997,2025-01-12,,,,D03,L4,0,2025-04-12,active
E03677,韩艳*,女,1992,2025-01-26,2025-03-08,vol,R01,D12,L5,1,2025-04-26,left
E03678,沈静*,女,1995,2025-01-21,,,,D06,L6,1,2025-04-21,active
E03679,杨芝*,男,1988,2025-01-22,,,,D12,L6,0,2025-04-22,active
E03680,曹勇*,男,1999,2025-01-13,2025-06-05,vol,R01,D11,L3,1,2025-07-12,left
E03681,沈洁*,女,1995,2025-01-08,,,,D01,L6,0,2025-04-08,active
E03682,施欣芳,男,2002,2025-01-11,,,,D01,L3,0,2025-04-11,active
E03683,褚娥春,女,1993,2025-01-19,,,,D06,L3,0,2025-07-18,active
E03684,姜素*,女,1998,2025-01-03,,,,D09,L4,0,2025-04-03,active
E03685,姜凡霞,女,1998,2025-01-13,2025-03-25,invol,R06,D03,L3,0,2025-04-13,left
E03686,杨芝芳,女,1999,2025-01-05,,,,D01,L4,1,2025-07-04,active
E03687,严媛妹,女,1982,2025-01-15,2025-09-24,vol,R01,D06,L4,1,2025-04-15,left
E03688,赵涛怡,女,1992,2025-01-18,2025-12-21,invol,R09,D11,L2,1,2025-04-18,left
E03689,钱环勇,女,1996,2025-01-25,,,,D02,L1,0,2025-04-25,active
E03690,朱萍*,女,1991,2025-01-29,2025-03-12,vol,R02,D12,L3,0,2025-07-28,left
E03691,许玲静,男,1996,2025-01-07,,,,D05,L1,0,2025-04-07,active
E03692,杨勇*,男,1989,2025-01-19,2025-08-07,invol,R06,D05,L3,0,2025-07-18,left
E03693,张军*,男,1991,2025-01-02,2025-08-23,invol,R06,D03,L2,0,2025-07-01,left
E03694,戚涛*,女,1996,2025-01-14,2025-06-12,invol,R06,D10,L1,0,2025-04-14,left
E03695,周玲*,男,1996,2025-01-22,,,,D04,L4,0,2025-04-22,active
E03696,赵娜磊,女,2001,2025-01-19,,,,D02,L1,1,2025-07-18,active
E03697,郑杰*,男,1998,2025-01-12,2025-12-11,vol,R03,D03,L2,0,2025-07-11,left
E03698,周娥*,女,1995,2025-01-24,2025-10-21,vol,R01,D01,L2,0,2025-07-23,left
E03699,周娜强,女,2002,2025-01-18,,,,D06,L5,0,2025-04-18,active
E03700,李素*,女,1989,2025-01-10,,,,D01,L1,0,2025-07-09,active
E03701,郑秀翠,男,1993,2025-01-10,,,,D11,L2,1,2025-04-10,active
E03702,施娜琳,女,1990,2025-01-13,,,,D05,L1,0,2025-04-13,active
E03703,陶玉彩,男,1999,2025-01-14,2025-09-05,vol,R01,D03,L3,0,2025-07-13,left
E03704,孔娜敏,女,1994,2025-01-05,,,,D01,L1,0,2025-04-05,active
E03705,卫萍雅,男,1996,2025-01-26,,,,D01,L1,0,2025-07-25,active
E03706,金静娟,女,1988,2025-01-27,,,,D08,L2,0,2025-04-27,active
E03707,朱素玉,男,1993,2025-01-26,,,,D03,L3,0,2025-04-26,active
E03708,朱华荣,男,1996,2025-01-26,,,,D03,L1,0,2025-04-26,active
E03709,吕丽*,女,1991,2025-01-30,,,,D06,L3,0,2025-04-30,active
E03710,张强春,女,1986,2025-01-19,,,,D01,L1,0,2025-04-19,active
E03711,李艳*,女,1999,2025-01-23,,,,D12,L6,0,2025-04-23,active
E03712,施涛娥,女,1991,2025-01-30,,,,D03,L3,0,2025-07-29,active
E03713,赵雪荣,女,1991,2025-01-20,2025-09-27,invol,R07,D10,L2,0,2025-04-20,left
E03714,曹翠*,男,1999,2025-01-13,,,,D08,L4,0,2025-04-13,active
E03715,秦芬超,女,1996,2025-01-20,,,,D01,L3,0,2025-04-20,active
E03716,郑欣杰,女,1992,2025-01-04,,,,D02,L6,0,2025-04-04,active
E03717,张惠*,男,1989,2025-01-08,,,,D05,L4,1,2025-04-08,active
E03718,赵慧*,男,1989,2025-01-07,,,,D02,L1,0,2025-04-07,active
E03719,卫雅涛,男,1995,2025-01-10,,,,D03,L5,0,2025-04-10,active
E03720,秦淑*,男,1993,2025-01-28,,,,D05,L3,0,2025-07-27,active
E03721,金玲*,女,1991,2025-01-23,,,,D03,L2,0,2025-04-23,active
E03722,李莲*,女,2003,2025-01-05,,,,D11,L2,0,2025-04-05,active
E03723,朱兰*,男,1990,2025-01-09,,,,D05,L1,0,2025-04-09,active
E03724,赵军艳,男,1997,2025-01-05,,,,D06,L6,1,2025-04-05,active
E03725,许菊*,女,1992,2025-01-27,,,,D11,L2,0,2025-04-27,active
E03726,郑云燕,女,1983,2025-01-12,2025-07-01,invol,R07,D12,L2,0,2025-04-12,left
E03727,赵艳*,男,1993,2025-01-16,,,,D01,L2,0,2025-04-16,active
E03728,许洁*,男,1992,2025-01-03,,,,D05,L2,0,2025-04-03,active
E03729,邹瑞莲,女,1994,2025-01-19,,,,D04,L3,0,2025-07-18,active
E03730,姜娜萍,女,1995,2025-02-18,,,,D05,L4,0,2025-05-19,active
E03731,韩明*,女,2001,2025-02-10,,,,D01,L3,0,2025-05-11,active
E03732,周洁*,男,2000,2025-02-10,,,,D05,L2,1,2025-05-11,active
E03733,华霞*,男,1994,2025-02-26,,,,D02,L1,0,2025-08-25,active
E03734,施嘉军,男,2000,2025-02-09,,,,D04,L2,0,2025-08-08,active
E03735,邹梅*,男,1991,2025-02-13,2025-09-29,invol,R06,D11,L4,0,2025-05-14,left
E03736,谢素*,女,1991,2025-02-17,,,,D11,L4,1,2025-05-18,active
E03737,周莺环,男,1998,2025-02-22,,,,D02,L3,0,2025-05-23,active
E03738,谢霞艳,女,1988,2025-02-21,2025-09-17,vol,R01,D06,L2,0,2025-05-22,left
E03739,钱超凡,男,1999,2025-02-23,,,,D06,L3,1,2025-08-22,active
E03740,钱丽玉,女,1995,2025-02-18,2025-05-21,vol,R01,D01,L1,1,2025-05-19,left
E03741,钱嘉云,男,1988,2025-02-11,,,,D02,L2,0,2025-05-12,active
E03742,施雪媛,男,1999,2025-02-15,,,,D09,L5,0,2025-05-16,active
E03743,杨美素,女,2001,2025-02-23,,,,D02,L4,0,2025-08-22,active
E03744,赵怡*,女,1989,2025-02-19,2025-03-13,invol,R06,D07,L1,0,2025-05-20,left
E03745,孔凤*,男,1997,2025-02-14,,,,D03,L1,0,2025-08-13,active
E03746,许娟莺,女,1996,2025-02-20,,,,D03,L4,0,2025-05-21,active
E03747,谢真华,男,2001,2025-02-02,,,,D07,L4,1,2025-08-01,active
E03748,陶妹*,男,1996,2025-02-20,,,,D04,L6,0,2025-05-21,active
E03749,周红*,未披露,1990,2025-02-18,,,,D02,L4,0,2025-08-17,active
E03750,韩慧*,男,1989,2025-02-09,2025-08-31,vol,R04,D04,L1,0,2025-08-08,left
E03751,孔素*,女,1973,2025-02-04,,,,D01,L1,0,2025-05-05,active
E03752,尤美*,女,1995,2025-02-17,,,,D01,L2,0,2025-05-18,active
E03753,金琳超,女,1995,2025-02-14,,,,D02,L2,0,2025-05-15,active
E03754,杨雅*,女,2003,2025-02-02,2025-09-28,vol,R03,D03,L4,0,2025-05-03,left
E03755,李芳爱,女,1989,2025-02-27,2025-10-28,vol,R01,D01,L5,1,2025-05-28,left
E03756,孔雅欣,女,1995,2025-02-16,,,,D03,L3,0,2025-05-17,active
E03757,朱真玉,男,2001,2025-02-14,,,,D04,L7,1,2025-08-13,active
E03758,韩静艳,女,1995,2025-02-07,,,,D01,L2,0,2025-05-08,active
E03759,吴媛荣,女,1999,2025-02-05,,,,D01,L1,0,2025-05-06,active
E03760,许巧*,男,1999,2025-02-13,,,,D01,L4,1,2025-05-14,active
E03761,曹娜*,女,1992,2025-02-02,,,,D03,L3,0,2025-05-03,active
E03762,孙强慧,女,1995,2025-02-01,,,,D01,L5,0,2025-07-31,active
E03763,孙艳芳,男,1996,2025-02-28,,,,D08,L2,0,2025-05-29,active
E03764,何超*,女,2000,2025-02-28,2025-03-12,invol,R06,D09,L1,0,2025-08-27,left
E03765,戚淑媛,女,1997,2025-02-22,,,,D01,L2,0,2025-08-21,active
E03766,华华*,女,1991,2025-02-15,,,,D06,L2,0,2025-05-16,active
E03767,吴爱翠,男,2001,2025-02-17,,,,D03,L3,0,2025-05-18,active
E03768,曹军红,女,2003,2025-02-16,,,,D06,L2,0,2025-05-17,active
E03769,钱杰*,女,1987,2025-02-11,2025-12-12,vol,R01,D01,L2,0,2025-05-12,left
E03770,严洋*,女,1999,2025-02-11,,,,D07,L2,0,2025-05-12,active
E03771,张燕洁,女,1995,2025-02-07,,,,D06,L2,0,2025-05-08,active
E03772,钱莲*,女,1993,2025-02-05,,,,D09,L1,0,2025-05-06,active
E03773,何华怡,女,1995,2025-02-11,,,,D01,L3,0,2025-05-12,active
E03774,华静佳,女,1990,2025-02-11,2025-08-29,vol,R01,D01,L5,0,2025-08-10,left
E03775,吕玉*,男,1993,2025-02-16,,,,D05,L3,1,2025-05-17,active
E03776,尤翠*,男,1997,2025-02-02,2025-07-09,vol,R05,D01,L2,0,2025-05-03,left
E03777,陈芝娥,男,1997,2025-02-16,,,,D01,L2,0,2025-08-15,active
E03778,姜彩欣,女,1990,2025-02-02,,,,D01,L6,0,2025-08-01,active
E03779,喻军*,男,2001,2025-02-06,,,,D02,L2,0,2025-05-07,active
E03780,韩惠佳,男,1998,2025-02-04,,,,D02,L3,0,2025-08-03,active
E03781,吕佳*,男,1999,2025-02-09,,,,D05,L4,1,2025-05-10,active
E03782,魏翠雪,女,1994,2025-02-27,,,,D11,L5,0,2025-05-28,active
E03783,谢霞娜,男,1996,2025-02-23,,,,D05,L1,1,2025-05-24,active
E03784,陶菊莺,男,1992,2025-02-07,2025-05-14,vol,R05,D05,L1,0,2025-05-08,left
E03785,杨爱静,男,2002,2025-02-08,2025-08-10,vol,R05,D06,L3,1,2025-05-09,left
E03786,施娜洋,女,2002,2025-02-05,,,,D02,L3,0,2025-05-06,active
E03787,王惠*,男,1991,2025-02-04,,,,D03,L5,0,2025-05-05,active
E03788,孔爱佳,男,1995,2025-02-22,2025-11-17,vol,R01,D09,L3,0,2025-05-23,left
E03789,冯敏*,女,2002,2025-02-09,,,,D01,L1,0,2025-08-08,active
E03790,吕嘉莲,男,1999,2025-02-18,,,,D09,L6,0,2025-05-19,active
E03791,尤秀强,女,1995,2025-02-17,,,,D12,L6,1,2025-08-16,active
E03792,喻惠芬,男,2003,2025-02-06,,,,D02,L4,1,2025-05-07,active
E03793,卫凤慧,男,1994,2025-02-27,,,,D03,L1,0,2025-05-28,active
E03794,冯美佳,男,1994,2025-02-03,,,,D03,L1,1,2025-05-04,active
E03795,沈华佳,女,2002,2025-02-03,2025-10-14,vol,R05,D06,L1,0,2025-08-02,left
E03796,褚英*,女,1991,2025-02-09,,,,D05,L3,0,2025-05-10,active
E03797,尤芬超,女,1992,2025-02-28,,,,D07,L1,0,2025-05-29,active
E03798,陈芝艳,男,2000,2025-02-02,,,,D01,L1,0,2025-05-03,active
E03799,秦超*,男,1986,2025-02-17,,,,D01,L4,1,2025-05-18,active
E03800,戚玲*,男,1989,2025-02-06,,,,D06,L1,0,2025-05-07,active
E03801,冯凤*,男,1988,2025-02-23,,,,D01,L3,0,2025-05-24,active
E03802,张彩红,女,1994,2025-02-01,,,,D02,L2,0,2025-05-02,active
E03803,朱巧*,女,1987,2025-02-12,,,,D05,L2,0,2025-05-13,active
E03804,赵巧芳,男,2000,2025-02-25,2025-08-17,invol,R06,D08,L1,1,2025-05-26,left
E03805,沈洁*,男,2003,2025-02-11,,,,D01,L3,0,2025-08-10,active
E03806,金妹静,男,1989,2025-02-15,2025-05-02,invol,R06,D01,L1,0,2025-08-14,left
E03807,喻洋梅,男,1983,2025-02-14,,,,D09,L5,0,2025-05-15,active
E03808,邹巧梅,女,1996,2025-02-04,,,,D02,L1,0,2025-05-05,active
E03809,李佳伟,男,1998,2025-02-04,,,,D01,L5,0,2025-05-05,active
E03810,秦妹*,女,2001,2025-02-06,,,,D01,L4,1,2025-05-07,active
E03811,周敏嘉,男,1989,2025-02-12,2025-10-08,invol,R07,D01,L6,0,2025-05-13,left
E03812,韩怡*,女,1998,2025-02-20,,,,D01,L1,1,2025-08-19,active
E03813,吕娟*,男,2001,2025-02-26,,,,D02,L2,0,2025-05-27,active
E03814,赵玲*,女,1990,2025-02-19,,,,D11,L3,0,2025-05-20,active
E03815,赵雪娟,男,1987,2025-02-03,,,,D12,L1,0,2025-05-04,active
E03816,陶艳*,男,2003,2025-02-23,,,,D11,L5,0,2025-05-24,active
E03817,朱琳*,女,1989,2025-02-02,,,,D05,L1,0,2025-05-03,active
E03818,蒋凡*,女,1992,2025-02-18,,,,D04,L3,0,2025-05-19,active
E03819,何娜*,男,1996,2025-02-14,2025-07-23,vol,R05,D04,L5,1,2025-05-15,left
E03820,杨真环,男,2002,2025-02-22,2025-09-04,invol,R08,D02,L7,0,2025-08-21,left
E03821,姜洁*,女,1979,2025-02-24,,,,D01,L4,1,2025-05-25,active
E03822,华芳*,男,1990,2025-02-16,,,,D03,L6,0,2025-05-17,active
E03823,王环菊,男,2002,2025-02-11,,,,D04,L4,1,2025-05-12,active
E03824,蒋明*,男,1996,2025-02-10,,,,D05,L1,0,2025-05-11,active
E03825,吕佳琳,女,1991,2025-02-24,,,,D08,L1,0,2025-08-23,active
E03826,沈月娜,男,1992,2025-02-10,,,,D01,L3,0,2025-05-11,active
E03827,钱芳*,女,1998,2025-02-26,,,,D11,L1,1,2025-05-27,active
E03828,曹超*,男,1997,2025-02-01,2025-10-26,vol,R02,D03,L1,0,2025-05-02,left
E03829,韩怡*,女,1992,2025-02-07,,,,D04,L1,0,2025-05-08,active
E03830,曹凡*,女,1981,2025-02-06,,,,D04,L2,0,2025-05-07,active
E03831,曹雅云,男,1999,2025-02-27,2025-03-16,vol,R01,D05,L4,1,2025-05-28,left
E03832,严巧*,男,1989,2025-02-13,,,,D05,L5,0,2025-05-14,active
E03833,李静*,女,2000,2025-02-14,2025-08-07,invol,R09,D02,L2,0,2025-05-15,left
E03834,姜彩*,男,1998,2025-02-03,,,,D05,L3,0,2025-08-02,active
E03835,邹玉娜,女,1999,2025-02-11,,,,D07,L4,1,2025-08-10,active
E03836,陈伟*,男,1995,2025-02-28,,,,D01,L4,0,2025-05-29,active
E03837,周芳超,男,1992,2025-02-24,,,,D01,L3,0,2025-08-23,active
E03838,卫素*,男,1988,2025-02-27,,,,D05,L1,0,2025-05-28,active
E03839,华芝芳,女,2003,2025-02-18,,,,D01,L2,0,2025-05-19,active
E03840,金惠雪,女,2001,2025-02-14,2025-11-20,invol,R06,D03,L1,0,2025-05-15,left
E03841,周霞*,女,1990,2025-02-01,2025-05-08,vol,R01,D08,L1,0,2025-07-31,left
E03842,赵玲*,女,1981,2025-02-25,,,,D06,L1,0,2025-05-26,active
E03843,谢美*,男,1989,2025-02-01,,,,D11,L1,0,2025-07-31,active
E03844,周娜*,女,1989,2025-02-21,,,,D06,L2,0,2025-05-22,active
E03845,张芳娟,女,1992,2025-02-09,2025-05-15,invol,R06,D02,L5,0,2025-05-10,left
E03846,冯娜荣,女,1992,2025-02-10,2025-06-06,invol,R08,D03,L6,0,2025-05-11,left
E03847,卫磊丽,女,1996,2025-02-21,,,,D01,L1,0,2025-05-22,active
E03848,韩娥明,女,1996,2025-03-25,,,,D12,L1,0,2025-06-23,active
E03849,何艳*,女,1998,2025-03-03,2025-05-27,invol,R06,D09,L6,0,2025-06-01,left
E03850,吴明*,男,1996,2025-03-13,,,,D05,L1,0,2025-09-09,active
E03851,卫素慧,男,1994,2025-03-29,,,,D01,L1,0,2025-09-25,active
E03852,郑芬娜,女,1995,2025-03-04,,,,D11,L2,0,2025-06-02,active
E03853,冯佳*,男,1985,2025-03-01,,,,D01,L3,0,2025-05-30,active
E03854,姜春*,女,1997,2025-03-07,,,,D12,L5,0,2025-09-03,active
E03855,褚菊杰,女,2000,2025-03-30,,,,D07,L2,0,2025-06-28,active
E03856,蒋真*,女,1987,2025-03-04,2025-12-30,invol,R08,D01,L2,0,2025-06-02,left
E03857,蒋嘉*,女,2000,2025-03-30,,,,D02,L3,0,2025-09-26,active
E03858,孙丽琳,男,2003,2025-03-17,,,,D04,L6,1,2025-06-15,active
E03859,施荣雪,女,1998,2025-03-17,2025-04-25,invol,R06,D02,L1,0,2025-06-15,left
E03860,魏惠*,男,1980,2025-03-13,,,,D03,L1,0,2025-06-11,active
E03861,许真*,男,1990,2025-03-17,,,,D03,L7,0,2025-06-15,active
E03862,戚强*,男,1996,2025-03-30,,,,D02,L1,0,2025-06-28,active
E03863,邹艳*,男,1997,2025-03-10,2025-05-12,vol,R05,D05,L2,0,2025-06-08,left
E03864,孔慧*,女,1991,2025-03-07,,,,D03,L4,1,2025-09-03,active
E03865,曹秀艳,男,2002,2025-03-12,,,,D03,L2,0,2025-06-10,active
E03866,王勇雅,女,2000,2025-03-17,,,,D05,L1,0,2025-06-15,active
E03867,朱军*,男,2002,2025-03-16,,,,D12,L2,0,2025-09-12,active
E03868,施雪*,女,2000,2025-03-02,2025-11-25,invol,R09,D11,L2,0,2025-05-31,left
E03869,赵静*,男,2003,2025-03-02,,,,D09,L6,1,2025-08-29,active
E03870,杨莺*,女,1990,2025-03-17,,,,D05,L1,0,2025-09-13,active
E03871,朱丽*,女,1995,2025-03-04,,,,D04,L4,0,2025-08-31,active
E03872,褚荣*,男,1992,2025-03-21,,,,D01,L3,0,2025-09-17,active
E03873,谢莺慧,男,1995,2025-03-03,,,,D09,L1,0,2025-08-30,active
E03874,许佳香,女,2003,2025-03-01,,,,D01,L1,0,2025-08-28,active
E03875,魏梅勇,女,2002,2025-03-31,,,,D01,L1,0,2025-06-29,active
E03876,何伟丽,男,1988,2025-03-25,,,,D10,L5,0,2025-06-23,active
E03877,吴磊*,男,1987,2025-03-04,2025-04-21,vol,R01,D09,L5,1,2025-06-02,left
E03878,孙艳*,女,1994,2025-03-15,,,,D01,L1,0,2025-09-11,active
E03879,陈雪杰,女,1991,2025-03-04,,,,D02,L3,0,2025-08-31,active
E03880,周燕*,女,1987,2025-03-03,,,,D07,L4,0,2025-06-01,active
E03881,陶莺怡,女,1997,2025-03-13,,,,D01,L3,1,2025-06-11,active
E03882,王妹*,男,1989,2025-03-13,,,,D06,L1,1,2025-06-11,active
E03883,许梅杰,女,1991,2025-03-30,,,,D01,L2,0,2025-09-26,active
E03884,陶彩*,女,1998,2025-03-31,,,,D02,L2,0,2025-06-29,active
E03885,杨明艳,男,1997,2025-03-18,,,,D04,L5,0,2025-06-16,active
E03886,喻娜*,男,1992,2025-03-03,,,,D11,L5,1,2025-06-01,active
E03887,褚云敏,女,1984,2025-03-03,,,,D01,L1,0,2025-06-01,active
E03888,姜秀*,男,1995,2025-03-22,2025-09-02,vol,R04,D02,L3,0,2025-06-20,left
E03889,沈惠*,女,2000,2025-03-14,,,,D02,L2,0,2025-06-12,active
E03890,蒋菊*,女,1996,2025-03-19,,,,D05,L1,0,2025-09-15,active
E03891,赵娥*,女,1995,2025-03-12,,,,D08,L3,0,2025-06-10,active
E03892,杨珠*,男,1991,2025-03-16,,,,D03,L1,0,2025-06-14,active
E03893,魏勇*,女,2003,2025-03-14,,,,D01,L1,0,2025-06-12,active
E03894,孙莺*,女,2002,2025-03-26,,,,D11,L4,0,2025-06-24,active
E03895,戚爱艳,男,1998,2025-03-03,,,,D12,L6,0,2025-06-01,active
E03896,李萍*,女,1987,2025-03-15,,,,D03,L5,1,2025-06-13,active
E03897,陶军*,女,1990,2025-03-10,2025-07-13,vol,R03,D03,L6,0,2025-06-08,left
E03898,吕佳素,男,1986,2025-03-29,,,,D08,L3,0,2025-06-27,active
E03899,谢佳*,女,1997,2025-03-05,,,,D06,L1,0,2025-06-03,active
E03900,华伟云,男,1990,2025-03-07,2025-09-18,vol,R02,D06,L4,0,2025-06-05,left
E03901,金香明,男,1995,2025-03-02,2025-04-08,vol,R02,D06,L4,1,2025-05-31,left
E03902,喻娟珠,女,1992,2025-03-15,,,,D01,L6,0,2025-06-13,active
E03903,褚静*,男,1993,2025-03-22,,,,D06,L2,0,2025-06-20,active
E03904,王华*,女,1994,2025-03-26,,,,D04,L1,1,2025-06-24,active
E03905,蒋真*,女,2002,2025-03-04,,,,D04,L1,0,2025-08-31,active
E03906,朱凡英,女,1990,2025-03-19,,,,D02,L2,0,2025-06-17,active
E03907,郑勇*,女,2003,2025-03-23,,,,D06,L5,1,2025-06-21,active
E03908,曹娟*,男,1991,2025-03-29,,,,D01,L5,1,2025-09-25,active
E03909,姜霞凡,女,1997,2025-03-26,,,,D01,L5,0,2025-09-22,active
E03910,郑妹*,男,1997,2025-03-29,2025-11-05,vol,R02,D02,L3,0,2025-06-27,left
E03911,郑彩伟,女,1994,2025-03-20,,,,D02,L3,0,2025-09-16,active
E03912,华爱香,男,2003,2025-03-15,2025-05-21,invol,R06,D01,L1,0,2025-09-11,left
E03913,孔霞*,男,1983,2025-03-22,2025-07-05,vol,R02,D09,L2,1,2025-06-20,left
E03914,许玉*,男,1998,2025-03-27,2025-05-06,invol,R08,D01,L1,1,2025-09-23,left
E03915,华慧*,男,1989,2025-03-27,,,,D01,L1,0,2025-09-23,active
E03916,许凤*,女,2003,2025-03-25,,,,D05,L1,0,2025-06-23,active
E03917,周芝*,女,1995,2025-03-22,,,,D01,L1,0,2025-06-20,active
E03918,卫月*,男,1999,2025-03-16,,,,D03,L2,0,2025-06-14,active
E03919,陶莺*,女,1996,2025-03-22,2025-09-13,vol,R02,D01,L2,0,2025-06-20,left
E03920,孔萍娜,男,2003,2025-03-12,,,,D05,L2,0,2025-06-10,active
E03921,沈静凤,男,1995,2025-03-14,2025-04-09,invol,R06,D06,L6,1,2025-06-12,left
E03922,冯琳*,男,1997,2025-03-05,2025-04-24,invol,R06,D10,L1,0,2025-06-03,left
E03923,卫珠芳,男,1987,2025-03-23,,,,D04,L2,0,2025-06-21,active
E03924,孔爱*,女,2001,2025-03-28,,,,D05,L3,0,2025-06-26,active
E03925,曹静*,女,1993,2025-03-23,,,,D04,L1,0,2025-06-21,active
E03926,杨凡敏,女,1996,2025-03-09,,,,D07,L1,0,2025-06-07,active
E03927,吴妹艳,男,2003,2025-03-08,,,,D11,L5,0,2025-06-06,active
E03928,施杰秀,男,1990,2025-03-07,,,,D01,L3,0,2025-06-05,active
E03929,卫洋*,女,1997,2025-03-30,,,,D02,L1,0,2025-06-28,active
E03930,金芬*,女,2001,2025-03-16,,,,D11,L3,0,2025-06-14,active
E03931,赵佳*,女,1984,2025-03-03,2025-07-17,vol,R03,D01,L7,0,2025-08-30,left
E03932,王磊*,未披露,1994,2025-03-29,,,,D03,L3,0,2025-06-27,active
E03933,钱英磊,男,2003,2025-03-04,,,,D01,L2,0,2025-06-02,active
E03934,孔素*,男,1995,2025-03-08,,,,D01,L1,0,2025-09-04,active
E03935,陶玲翠,男,1994,2025-03-31,,,,D10,L4,1,2025-06-29,active
E03936,金香*,男,2000,2025-03-19,2025-07-20,vol,R01,D10,L6,1,2025-06-17,left
E03937,张菊*,男,1987,2025-03-28,,,,D09,L2,0,2025-06-26,active
E03938,钱涛敏,男,1994,2025-03-04,,,,D11,L1,0,2025-06-02,active
E03939,陈淑爱,男,2000,2025-03-09,,,,D01,L3,0,2025-06-07,active
E03940,褚燕瑞,女,1999,2025-03-23,,,,D12,L2,0,2025-09-19,active
E03941,王华*,男,2003,2025-03-17,,,,D12,L6,0,2025-09-13,active
E03942,卫雪玉,男,1999,2025-03-25,,,,D06,L2,0,2025-06-23,active
E03943,朱芳敏,女,1993,2025-03-28,,,,D01,L1,0,2025-06-26,active
E03944,李真红,男,1998,2025-03-04,,,,D11,L6,0,2025-06-02,active
E03945,孙芬凤,女,2003,2025-03-16,,,,D08,L4,0,2025-06-14,active
E03946,周萍*,女,1996,2025-03-06,,,,D01,L1,0,2025-06-04,active
E03947,吴勇*,男,2002,2025-03-19,,,,D06,L1,0,2025-06-17,active
E03948,沈春*,女,1997,2025-03-02,,,,D03,L2,0,2025-05-31,active
E03949,冯玉*,女,1987,2025-03-21,,,,D12,L2,0,2025-06-19,active
E03950,陈爱*,男,1991,2025-03-20,,,,D01,L5,0,2025-06-18,active
E03951,陈英*,男,1994,2025-03-26,2025-04-02,invol,R06,D01,L5,0,2025-06-24,left
E03952,吴静*,女,2001,2025-03-23,,,,D01,L3,0,2025-06-21,active
E03953,陈梅*,女,1995,2025-03-29,2025-11-15,invol,R09,D04,L2,0,2025-09-25,left
E03954,华军华,男,2002,2025-03-18,,,,D07,L1,1,2025-06-16,active
E03955,严红*,男,1995,2025-03-09,,,,D11,L2,1,2025-06-07,active
E03956,许环嘉,男,1987,2025-03-09,,,,D02,L6,1,2025-06-07,active
E03957,韩环*,男,1991,2025-03-08,,,,D01,L3,0,2025-06-06,active
E03958,秦芳*,女,2003,2025-03-02,,,,D03,L3,0,2025-05-31,active
E03959,曹素*,男,1998,2025-03-24,2025-07-12,vol,R01,D01,L2,0,2025-09-20,left
E03960,王强*,女,1992,2025-03-24,,,,D12,L2,0,2025-06-22,active
E03961,韩巧*,男,1986,2025-03-10,,,,D03,L1,1,2025-09-06,active
E03962,曹娥瑞,女,2002,2025-03-27,2025-10-19,invol,R07,D11,L1,0,2025-06-25,left
E03963,尤翠环,女,2002,2025-03-27,,,,D11,L5,1,2025-06-25,active
E03964,钱环*,男,1991,2025-03-30,2025-08-04,vol,R03,D02,L1,0,2025-06-28,left
E03965,邹琳*,女,1991,2025-03-31,,,,D04,L1,0,2025-06-29,active
E03966,褚娜*,男,1989,2025-03-12,,,,D05,L1,0,2025-06-10,active
E03967,陈静*,女,1990,2025-03-29,,,,D02,L5,1,2025-09-25,active
E03968,孔丽*,男,2000,2025-03-06,,,,D09,L4,0,2025-06-04,active
E03969,孙翠*,女,2003,2025-03-04,2025-06-01,invol,R06,D02,L2,0,2025-06-02,left
E03970,褚慧*,男,2001,2025-03-04,2025-07-18,vol,R01,D12,L3,0,2025-06-02,left
E03971,吴美*,男,1986,2025-03-20,,,,D05,L1,0,2025-06-18,active
E03972,张芬*,男,2003,2025-03-28,,,,D03,L5,0,2025-06-26,active
E03973,钱洋*,男,2003,2025-03-08,,,,D01,L2,0,2025-06-06,active
E03974,朱涛秀,女,1988,2025-03-25,,,,D06,L4,1,2025-06-23,active
E03975,蒋静超,女,1997,2025-03-08,,,,D01,L3,0,2025-06-06,active
E03976,卫琳*,男,1991,2025-03-04,,,,D02,L3,0,2025-08-31,active
E03977,卫静佳,女,1984,2025-03-12,,,,D05,L1,0,2025-06-10,active
E03978,姜洋萍,女,1998,2025-03-16,,,,D05,L5,1,2025-06-14,active
E03979,曹敏*,女,1989,2025-03-13,,,,D05,L4,1,2025-09-09,active
E03980,赵香英,女,1994,2025-03-09,,,,D05,L3,0,2025-06-07,active
E03981,喻珠*,男,1990,2025-03-07,,,,D08,L1,0,2025-09-03,active
E03982,蒋军*,男,1995,2025-03-21,,,,D06,L1,0,2025-06-19,active
E03983,孔敏华,女,2003,2025-03-23,,,,D04,L3,0,2025-06-21,active
E03984,郑玲莲,女,1998,2025-03-01,,,,D11,L3,0,2025-05-30,active
E03985,姜凤云,男,1994,2025-03-10,2025-05-02,invol,R07,D12,L1,0,2025-06-08,left
E03986,蒋芝美,男,1992,2025-03-07,,,,D08,L7,0,2025-06-05,active
E03987,杨秀慧,男,1998,2025-03-13,,,,D04,L3,1,2025-06-11,active
E03988,褚娜欣,女,1997,2025-03-29,,,,D03,L1,0,2025-06-27,active
E03989,尤欣真,男,1989,2025-03-05,,,,D05,L2,0,2025-06-03,active
E03990,尤艳*,男,1997,2025-03-11,,,,D01,L1,0,2025-09-07,active
E03991,魏华*,男,1994,2025-03-11,2025-06-21,vol,R02,D04,L2,1,2025-06-09,left
E03992,戚兰*,男,1995,2025-03-12,2025-07-30,invol,R06,D01,L2,0,2025-06-10,left
E03993,喻红惠,女,1996,2025-03-20,,,,D04,L3,0,2025-09-16,active
E03994,赵梅*,男,1983,2025-03-03,2025-04-03,invol,R06,D05,L2,0,2025-06-01,left
E03995,何媛*,男,1992,2025-03-29,,,,D07,L4,0,2025-09-25,active
E03996,曹瑞春,男,1994,2025-03-28,,,,D01,L6,0,2025-06-26,active
E03997,陈云*,男,1999,2025-03-28,,,,D10,L2,0,2025-06-26,active
E03998,戚梅*,男,2003,2025-03-16,,,,D01,L4,0,2025-06-14,active
E03999,冯强英,男,1997,2025-03-20,,,,D03,L2,0,2025-09-16,active
E04000,华娟*,男,1986,2025-03-14,2025-12-22,invol,R08,D10,L4,1,2025-06-12,left
E04001,褚芝*,女,1984,2025-03-19,,,,D01,L3,1,2025-06-17,active
E04002,韩凤芬,女,1996,2025-03-16,,,,D11,L1,0,2025-06-14,active
E04003,秦娟秀,男,2001,2025-03-09,2025-08-13,vol,R02,D01,L1,0,2025-06-07,left
E04004,陶玲红,女,2003,2025-03-05,,,,D01,L4,1,2025-09-01,active
E04005,韩淑莲,女,2003,2025-03-15,2025-07-17,invol,R08,D06,L3,0,2025-09-11,left
E04006,冯慧*,女,1988,2025-03-14,,,,D05,L1,0,2025-06-12,active
E04007,冯爱丽,男,1996,2025-03-12,,,,D03,L3,0,2025-06-10,active
E04008,吴环*,女,1996,2025-03-02,2025-11-01,vol,R02,D10,L3,0,2025-08-29,left
E04009,褚荣强,男,1996,2025-03-19,2025-09-11,vol,R01,D01,L4,0,2025-06-17,left
E04010,王惠*,男,1998,2025-03-03,,,,D01,L2,0,2025-06-01,active
E04011,朱莲*,女,1996,2025-03-28,,,,D03,L6,1,2025-06-26,active
E04012,陶艳娥,男,1985,2025-03-14,2025-09-12,vol,R02,D01,L4,0,2025-06-12,left
E04013,魏雅*,女,2003,2025-03-10,2025-05-07,vol,R02,D02,L1,0,2025-06-08,left
E04014,孔静淑,女,1990,2025-03-10,,,,D01,L3,0,2025-09-06,active
E04015,姜真*,男,1996,2025-03-21,,,,D06,L1,0,2025-06-19,active
E04016,严娥*,男,2001,2025-03-03,2025-04-13,vol,R05,D01,L1,0,2025-08-30,left
E04017,秦淑*,男,1992,2025-03-01,,,,D05,L2,0,2025-05-30,active
E04018,秦勇*,男,2000,2025-03-23,,,,D01,L4,1,2025-06-21,active
E04019,褚军妹,男,1997,2025-03-17,,,,D10,L6,0,2025-06-15,active
E04020,朱雅静,女,1994,2025-03-05,,,,D03,L1,1,2025-06-03,active
E04021,秦静磊,男,1999,2025-03-06,2025-04-28,vol,R04,D09,L2,0,2025-09-02,left
E04022,杨惠*,男,1990,2025-03-21,,,,D03,L2,1,2025-06-19,active
E04023,魏嘉*,男,1996,2025-03-16,2025-06-23,vol,R02,D11,L2,0,2025-06-14,left
E04024,蒋娜*,女,1997,2025-03-18,,,,D05,L5,1,2025-09-14,active
E04025,陶美*,女,1993,2025-03-25,,,,D06,L6,0,2025-06-23,active
E04026,华欣*,男,1991,2025-03-06,,,,D09,L3,0,2025-06-04,active
E04027,金莲雪,男,1988,2025-03-19,,,,D01,L5,0,2025-09-15,active
E04028,陈芳梅,男,1987,2025-03-20,,,,D01,L3,1,2025-09-16,active
E04029,谢雅*,男,1991,2025-03-20,,,,D01,L2,0,2025-06-18,active
E04030,郑杰玉,女,1989,2025-04-24,,,,D03,L2,0,2025-07-23,active
E04031,周春*,男,1990,2025-04-03,2025-06-09,invol,R06,D04,L2,0,2025-07-02,left
E04032,卫丽洋,男,1994,2025-04-21,,,,D01,L3,0,2025-07-20,active
E04033,尤香*,男,1985,2025-04-19,2025-05-01,invol,R06,D05,L4,0,2025-07-18,left
E04034,王雅杰,女,1985,2025-04-08,2025-06-05,invol,R06,D09,L2,0,2025-10-05,left
E04035,卫真*,男,1992,2025-04-28,,,,D05,L1,0,2025-07-27,active
E04036,邹妹勇,女,1989,2025-04-21,,,,D07,L4,0,2025-07-20,active
E04037,蒋凡*,女,1996,2025-04-12,,,,D01,L4,1,2025-07-11,active
E04038,华妹*,女,1998,2025-04-23,,,,D01,L2,0,2025-07-22,active
E04039,孙芝*,男,1981,2025-04-09,,,,D10,L6,0,2025-07-08,active
E04040,杨静莺,男,1998,2025-04-06,,,,D02,L1,0,2025-07-05,active
E04041,赵雅*,男,1993,2025-04-11,,,,D03,L2,0,2025-07-10,active
E04042,华秀凤,女,1988,2025-04-26,2025-09-28,invol,R07,D12,L7,1,2025-07-25,left
E04043,金强*,男,1992,2025-04-18,2025-09-29,invol,R07,D07,L3,0,2025-07-17,left
E04044,孙玉*,女,1993,2025-04-28,,,,D02,L1,0,2025-07-27,active
E04045,曹欣丽,男,1989,2025-04-26,,,,D03,L3,0,2025-07-25,active
E04046,吕芳玉,女,2003,2025-04-07,,,,D04,L1,0,2025-07-06,active
E04047,赵翠*,女,1989,2025-04-18,,,,D12,L4,0,2025-07-17,active
E04048,陶媛梅,男,1997,2025-04-05,,,,D01,L2,0,2025-07-04,active
E04049,喻明*,男,1992,2025-04-08,,,,D11,L1,0,2025-07-07,active
E04050,吕芝娥,女,1991,2025-04-12,,,,D03,L5,0,2025-07-11,active
E04051,孔嘉*,女,1995,2025-04-04,,,,D11,L2,0,2025-07-03,active
E04052,姜雪*,女,1987,2025-04-27,,,,D01,L5,0,2025-07-26,active
E04053,赵萍*,女,1992,2025-04-05,,,,D11,L6,0,2025-10-02,active
E04054,郑娟*,女,1983,2025-04-10,,,,D05,L2,0,2025-07-09,active
E04055,施惠超,女,1993,2025-04-30,2025-12-18,invol,R06,D04,L1,0,2025-10-27,left
E04056,尤芝*,男,1990,2025-04-07,,,,D12,L1,0,2025-07-06,active
E04057,杨娜*,女,1995,2025-04-06,,,,D10,L1,0,2025-07-05,active
E04058,金莲*,女,2000,2025-04-29,2025-09-07,vol,R01,D03,L5,0,2025-07-28,left
E04059,冯勇媛,女,1993,2025-04-09,2025-06-28,vol,R03,D02,L4,0,2025-07-08,left
E04060,秦军*,女,1998,2025-04-20,,,,D06,L1,0,2025-07-19,active
E04061,蒋艳凡,女,1992,2025-04-30,,,,D01,L4,1,2025-07-29,active
E04062,朱淑*,女,1998,2025-04-25,,,,D10,L5,1,2025-10-22,active
E04063,许洁凤,女,2000,2025-04-27,2025-08-19,vol,R01,D05,L2,0,2025-10-24,left
E04064,张芳*,男,1988,2025-04-04,2025-05-26,invol,R06,D01,L4,0,2025-10-01,left
E04065,陈月*,男,2001,2025-04-05,,,,D02,L1,0,2025-10-02,active
E04066,金欣华,男,1984,2025-04-30,,,,D02,L2,0,2025-07-29,active
E04067,何超强,女,1995,2025-04-26,,,,D03,L3,0,2025-10-23,active
E04068,何雪*,女,1990,2025-04-10,,,,D12,L4,1,2025-07-09,active
E04069,陶英*,女,2001,2025-04-08,,,,D01,L3,0,2025-07-07,active
E04070,李强*,女,2001,2025-04-18,,,,D03,L2,0,2025-07-17,active
E04071,姜月*,女,1999,2025-04-13,,,,D03,L1,0,2025-07-12,active
E04072,谢艳*,男,1991,2025-04-21,,,,D12,L3,0,2025-07-20,active
E04073,孔玲*,男,1994,2025-04-26,,,,D05,L2,1,2025-07-25,active
E04074,韩燕*,女,1985,2025-04-08,,,,D11,L2,0,2025-07-07,active
E04075,谢琳*,男,1982,2025-04-04,,,,D02,L1,0,2025-07-03,active
E04076,孔杰素,男,1998,2025-04-15,,,,D10,L2,0,2025-07-14,active
E04077,杨燕*,女,1996,2025-04-04,,,,D01,L2,0,2025-07-03,active
E04078,王月涛,女,1997,2025-04-01,,,,D01,L1,0,2025-06-30,active
E04079,何超*,女,2003,2025-04-21,,,,D05,L1,0,2025-07-20,active
E04080,朱佳*,女,1988,2025-04-03,,,,D03,L2,0,2025-07-02,active
E04081,吴军素,男,1996,2025-04-11,,,,D03,L1,0,2025-07-10,active
E04082,华艳佳,男,1988,2025-04-07,2025-12-19,invol,R07,D05,L2,0,2025-07-06,left
E04083,卫雪超,男,1986,2025-04-08,,,,D07,L2,1,2025-10-05,active
E04084,尤怡芳,男,1999,2025-04-05,,,,D02,L3,0,2025-10-02,active
E04085,吕洁瑞,男,1994,2025-04-29,2025-11-24,vol,R02,D01,L1,0,2025-07-28,left
E04086,孔萍*,女,1988,2025-04-08,,,,D01,L1,1,2025-07-07,active
E04087,魏素*,女,1991,2025-04-25,,,,D06,L1,0,2025-10-22,active
E04088,谢雪*,男,1985,2025-04-03,2025-09-13,vol,R01,D08,L3,0,2025-07-02,left
E04089,许霞素,女,1988,2025-04-23,2025-10-13,invol,R06,D01,L6,0,2025-07-22,left
E04090,蒋娜*,男,1993,2025-04-28,,,,D03,L7,0,2025-10-25,active
E04091,魏涛*,女,1992,2025-04-27,,,,D03,L4,1,2025-07-26,active
E04092,陈菊芝,女,1992,2025-04-17,,,,D09,L5,0,2025-10-14,active
E04093,褚淑*,女,2000,2025-04-06,,,,D01,L1,0,2025-07-05,active
E04094,杨翠*,男,1997,2025-04-27,,,,D08,L4,1,2025-10-24,active
E04095,陈淑*,男,1988,2025-04-16,,,,D06,L2,0,2025-10-13,active
E04096,魏环强,女,1989,2025-04-13,2025-12-18,invol,R06,D01,L3,1,2025-10-10,left
E04097,张明芳,男,1990,2025-04-01,,,,D03,L6,0,2025-09-28,active
E04098,李勇*,女,1997,2025-04-01,2025-08-18,vol,R02,D03,L3,0,2025-06-30,left
E04099,曹华玉,女,1986,2025-04-06,,,,D03,L1,0,2025-10-03,active
E04100,孙荣*,女,1990,2025-04-17,,,,D02,L2,0,2025-07-16,active
E04101,陈明*,女,1996,2025-04-18,,,,D08,L2,0,2025-07-17,active
E04102,许华*,女,1997,2025-04-07,2025-05-09,invol,R06,D12,L1,0,2025-10-04,left
E04103,孙淑红,女,1989,2025-04-08,,,,D02,L1,0,2025-10-05,active
E04104,谢莺杰,女,1990,2025-04-15,2025-06-05,vol,R01,D03,L1,0,2025-07-14,left
E04105,邹彩芳,女,2002,2025-04-10,,,,D06,L1,0,2025-07-09,active
E04106,喻娜玉,女,1996,2025-04-05,,,,D03,L2,0,2025-10-02,active
E04107,魏淑涛,男,1997,2025-04-18,,,,D05,L5,0,2025-10-15,active
E04108,沈瑞*,女,1991,2025-04-09,,,,D09,L1,0,2025-10-06,active
E04109,张琳*,男,1992,2025-04-02,,,,D08,L4,0,2025-09-29,active
E04110,杨芳*,女,2003,2025-04-12,,,,D11,L1,0,2025-07-11,active
E04111,陈美梅,未披露,1991,2025-04-15,,,,D07,L1,0,2025-07-14,active
E04112,金怡洁,男,1994,2025-04-11,,,,D02,L3,1,2025-07-10,active
E04113,吴惠翠,男,1993,2025-04-13,,,,D09,L2,0,2025-07-12,active
E04114,褚芳*,男,2001,2025-04-07,,,,D06,L4,0,2025-07-06,active
E04115,许萍*,女,1989,2025-04-30,,,,D01,L1,0,2025-07-29,active
E04116,冯敏*,男,1986,2025-04-03,,,,D04,L3,1,2025-07-02,active
E04117,施凡*,男,1995,2025-04-30,,,,D11,L2,0,2025-07-29,active
E04118,卫娜*,男,1988,2025-04-05,2025-06-14,vol,R03,D06,L3,0,2025-07-04,left
E04119,许云玲,男,1998,2025-04-23,,,,D09,L1,0,2025-07-22,active
E04120,赵秀*,女,1996,2025-04-17,,,,D01,L4,0,2025-10-14,active
E04121,金勇超,男,1987,2025-04-23,,,,D01,L2,0,2025-07-22,active
E04122,周芳娥,男,1990,2025-04-23,,,,D05,L5,0,2025-07-22,active
E04123,卫美*,男,1994,2025-04-05,,,,D12,L2,1,2025-07-04,active
E04124,钱芳华,女,1989,2025-04-25,2025-06-07,vol,R03,D01,L2,0,2025-07-24,left
E04125,卫玲玉,男,1987,2025-04-23,,,,D11,L4,1,2025-10-20,active
E04126,华欣*,女,1995,2025-04-04,,,,D10,L2,0,2025-07-03,active
E04127,郑凡雅,女,2003,2025-04-26,2025-05-02,vol,R04,D02,L1,0,2025-10-23,left
E04128,吴媛媛,男,1996,2025-04-23,,,,D01,L6,0,2025-07-22,active
E04129,杨洋超,女,1992,2025-04-05,,,,D01,L5,0,2025-07-04,active
E04130,金梅菊,男,2003,2025-04-24,,,,D07,L2,0,2025-10-21,active
E04131,姜玲*,男,1991,2025-04-15,,,,D04,L4,0,2025-07-14,active
E04132,吴英*,女,1997,2025-04-23,,,,D11,L1,0,2025-10-20,active
E04133,施丽*,男,1991,2025-04-21,2025-06-10,invol,R06,D11,L5,0,2025-07-20,left
E04134,沈美*,男,1992,2025-04-30,,,,D01,L2,0,2025-07-29,active
E04135,喻菊勇,男,1992,2025-04-28,,,,D03,L2,0,2025-07-27,active
E04136,魏梅超,女,1986,2025-04-26,,,,D05,L3,0,2025-10-23,active
E04137,褚环*,男,1994,2025-04-04,,,,D08,L6,0,2025-07-03,active
E04138,杨玲杰,男,1990,2025-04-05,,,,D05,L1,0,2025-07-04,active
E04139,周真*,男,1996,2025-04-27,,,,D06,L4,1,2025-10-24,active
E04140,陈丽*,男,2003,2025-04-01,,,,D01,L4,0,2025-06-30,active
E04141,周佳涛,男,1993,2025-04-27,,,,D08,L1,0,2025-10-24,active
E04142,姜素珠,女,1983,2025-04-22,,,,D04,L4,0,2025-07-21,active
E04143,郑艳巧,女,2001,2025-04-30,2025-07-12,invol,R09,D02,L5,1,2025-07-29,left
E04144,杨翠*,男,1991,2025-04-11,,,,D10,L5,1,2025-07-10,active
E04145,陶惠娥,男,1996,2025-04-30,,,,D01,L1,0,2025-07-29,active
E04146,姜敏*,男,2001,2025-04-15,,,,D04,L3,0,2025-07-14,active
E04147,蒋丽娜,未披露,1986,2025-04-26,,,,D07,L4,1,2025-07-25,active
E04148,张凤素,女,2001,2025-04-10,,,,D01,L6,0,2025-07-09,active
E04149,许娥洁,男,2002,2025-04-14,,,,D11,L1,0,2025-07-13,active
E04150,朱彩华,男,1996,2025-04-23,,,,D06,L3,0,2025-10-20,active
E04151,赵莲*,男,1992,2025-04-27,,,,D08,L4,0,2025-07-26,active
E04152,戚洋*,男,1990,2025-04-02,2025-07-27,invol,R07,D07,L1,0,2025-09-29,left
E04153,钱伟*,女,1999,2025-04-15,,,,D04,L6,0,2025-10-12,active
E04154,吴兰*,女,1986,2025-04-25,,,,D05,L2,0,2025-07-24,active
E04155,秦玲*,男,1999,2025-04-21,,,,D02,L6,0,2025-07-20,active
E04156,周艳*,男,1991,2025-04-04,,,,D12,L4,0,2025-07-03,active
E04157,蒋莲静,女,1988,2025-04-01,,,,D09,L1,1,2025-06-30,active
E04158,严雪*,女,1997,2025-04-13,,,,D06,L1,0,2025-07-12,active
E04159,喻洁*,女,1988,2025-04-05,,,,D03,L1,0,2025-07-04,active
E04160,朱梅*,男,2001,2025-04-14,,,,D01,L3,0,2025-07-13,active
E04161,施娜*,女,1994,2025-04-20,,,,D01,L4,1,2025-07-19,active
E04162,赵美环,女,2000,2025-04-03,,,,D03,L2,0,2025-07-02,active
E04163,王华*,男,2003,2025-04-09,,,,D05,L4,0,2025-07-08,active
E04164,姜荣*,男,1994,2025-04-12,,,,D12,L4,0,2025-07-11,active
E04165,卫佳*,男,1985,2025-04-20,,,,D05,L3,0,2025-07-19,active
E04166,孔素艳,女,1999,2025-04-24,,,,D08,L6,0,2025-07-23,active
E04167,谢真*,女,1994,2025-04-03,,,,D01,L3,0,2025-09-30,active
E04168,冯雪明,女,1985,2025-04-17,,,,D03,L4,1,2025-07-16,active
E04169,吴静佳,男,2003,2025-04-01,,,,D12,L7,1,2025-06-30,active
E04170,褚军*,女,1982,2025-04-11,,,,D11,L1,0,2025-10-08,active
E04171,李磊淑,男,1995,2025-04-11,,,,D07,L1,0,2025-07-10,active
E04172,冯芳*,男,1993,2025-04-21,,,,D06,L1,0,2025-10-18,active
E04173,吴珠*,女,1996,2025-04-23,,,,D03,L1,0,2025-07-22,active
E04174,孙琳莲,男,1993,2025-04-15,,,,D04,L5,0,2025-10-12,active
E04175,吴莲*,女,1996,2025-04-04,,,,D03,L2,0,2025-10-01,active
E04176,吴芬*,男,1990,2025-05-19,2025-10-03,vol,R02,D03,L2,0,2025-08-17,left
E04177,华静*,女,1996,2025-05-22,2025-09-14,invol,R07,D06,L2,0,2025-08-20,left
E04178,张红*,女,1999,2025-05-10,,,,D08,L2,0,2025-08-08,active
E04179,李美*,男,1991,2025-05-25,,,,D06,L3,0,2025-08-23,active
E04180,沈玲爱,女,1998,2025-05-09,,,,D12,L3,0,2025-08-07,active
E04181,施静佳,女,1991,2025-05-03,,,,D12,L4,0,2025-08-01,active
E04182,金霞*,女,2002,2025-05-09,,,,D08,L5,1,2025-08-07,active
E04183,吕磊月,女,1994,2025-05-23,,,,D01,L1,0,2025-08-21,active
E04184,喻娜*,男,2002,2025-05-27,2025-07-06,invol,R06,D03,L1,0,2025-11-23,left
E04185,卫欣美,女,2001,2025-05-21,,,,D06,L2,0,2025-08-19,active
E04186,杨荣静,女,1999,2025-05-04,2025-06-09,invol,R06,D03,L2,0,2025-08-02,left
E04187,姜娥云,男,1991,2025-05-18,,,,D01,L1,0,2025-11-14,active
E04188,邹燕*,女,1995,2025-05-13,,,,D01,L2,0,2025-11-09,active
E04189,秦玉*,女,1995,2025-05-25,,,,D03,L1,0,2025-08-23,active
E04190,韩莲*,女,2003,2025-05-10,,,,D01,L2,0,2025-11-06,active
E04191,金雪*,男,1993,2025-05-06,,,,D01,L2,0,2025-08-04,active
E04192,戚真彩,男,1988,2025-05-22,,,,D04,L4,1,2025-08-20,active
E04193,李美*,男,1991,2025-05-21,,,,D01,L1,0,2025-08-19,active
E04194,喻欣*,女,2003,2025-05-28,,,,D01,L1,0,2025-08-26,active
E04195,邹霞娥,未披露,1998,2025-05-24,,,,D01,L2,0,2025-08-22,active
E04196,许伟*,女,1996,2025-05-15,,,,D11,L4,1,2025-08-13,active
E04197,华春娥,女,1987,2025-05-26,,,,D10,L6,1,2025-08-24,active
E04198,沈爱*,女,1991,2025-05-13,2025-06-21,vol,R01,D03,L2,1,2025-08-11,left
E04199,郑芝娟,男,1990,2025-05-04,2025-09-27,invol,R06,D05,L5,1,2025-08-02,left
E04200,李月*,女,1988,2025-05-31,,,,D03,L5,0,2025-08-29,active
E04201,张涛*,女,2002,2025-05-26,,,,D01,L3,0,2025-08-24,active
E04202,沈娥佳,女,1996,2025-05-06,,,,D09,L2,0,2025-11-02,active
E04203,孔淑佳,男,2003,2025-05-17,,,,D06,L2,1,2025-08-15,active
E04204,严丽莲,女,1989,2025-05-25,,,,D02,L3,0,2025-11-21,active
E04205,杨明雪,女,1994,2025-05-24,,,,D12,L4,1,2025-08-22,active
E04206,尤彩华,男,1984,2025-05-17,,,,D05,L3,0,2025-11-13,active
E04207,朱翠彩,女,1995,2025-05-29,,,,D09,L4,0,2025-08-27,active
E04208,王云涛,女,1987,2025-05-11,,,,D03,L4,0,2025-08-09,active
E04209,谢雪*,男,1994,2025-05-14,,,,D11,L2,0,2025-11-10,active
E04210,李月芝,女,1992,2025-05-21,,,,D01,L1,0,2025-08-19,active
E04211,赵娟燕,男,2003,2025-05-11,,,,D03,L4,1,2025-11-07,active
E04212,周玉*,男,1989,2025-05-27,,,,D12,L1,0,2025-11-23,active
E04213,韩凡强,男,1996,2025-05-26,2025-12-18,vol,R01,D07,L2,0,2025-08-24,left
E04214,吴静琳,男,2003,2025-05-28,2025-11-17,vol,R01,D03,L2,0,2025-11-24,left
E04215,杨雅*,女,2002,2025-05-06,,,,D01,L1,0,2025-11-02,active
E04216,许琳荣,女,1993,2025-05-24,2025-11-16,vol,R01,D01,L1,0,2025-11-20,left
E04217,陈玉*,女,1998,2025-05-03,,,,D12,L4,1,2025-08-01,active
E04218,秦春凤,女,1996,2025-05-28,,,,D03,L3,1,2025-08-26,active
E04219,李红*,男,1998,2025-05-17,,,,D02,L2,0,2025-11-13,active
E04220,李惠翠,女,2003,2025-05-07,,,,D02,L2,0,2025-08-05,active
E04221,蒋莲洋,男,2003,2025-05-02,,,,D07,L1,1,2025-07-31,active
E04222,秦怡香,男,1989,2025-05-27,,,,D01,L3,0,2025-11-23,active
E04223,华静丽,女,2000,2025-05-17,,,,D01,L1,0,2025-08-15,active
E04224,孔静惠,女,1994,2025-05-25,,,,D11,L1,1,2025-08-23,active
E04225,喻洁秀,男,1994,2025-05-01,2025-07-29,vol,R01,D01,L6,0,2025-07-30,left
E04226,钱莲*,男,2003,2025-05-16,,,,D11,L1,0,2025-08-14,active
E04227,金玲真,女,1995,2025-05-14,2025-08-18,invol,R06,D06,L6,1,2025-08-12,left
E04228,钱瑞*,女,1990,2025-05-14,,,,D05,L3,0,2025-11-10,active
E04229,郑梅*,女,1989,2025-05-15,2025-08-21,vol,R01,D03,L2,1,2025-08-13,left
E04230,吴素*,男,1995,2025-05-22,,,,D12,L1,0,2025-08-20,active
E04231,杨莺嘉,女,1989,2025-05-11,,,,D01,L2,0,2025-11-07,active
E04232,曹霞*,男,1984,2025-05-16,,,,D07,L4,0,2025-08-14,active
E04233,李静*,女,1990,2025-05-10,,,,D01,L2,0,2025-08-08,active
E04234,李静佳,女,1998,2025-05-15,,,,D04,L5,0,2025-08-13,active
E04235,曹芳春,女,1993,2025-05-15,,,,D01,L4,0,2025-08-13,active
E04236,赵媛*,男,2003,2025-05-11,,,,D01,L3,0,2025-11-07,active
E04237,周妹*,未披露,1993,2025-05-13,,,,D09,L4,1,2025-08-11,active
E04238,孙艳雅,男,1996,2025-05-29,,,,D04,L4,0,2025-08-27,active
E04239,朱彩娜,男,2003,2025-05-22,2025-08-06,invol,R07,D12,L1,0,2025-08-20,left
E04240,邹琳超,女,1991,2025-05-19,,,,D01,L1,0,2025-11-15,active
E04241,戚玲*,男,1991,2025-05-10,,,,D06,L3,0,2025-08-08,active
E04242,吕佳*,男,1984,2025-05-26,,,,D06,L3,0,2025-08-24,active
E04243,吕云凤,男,1998,2025-05-04,,,,D03,L7,0,2025-08-02,active
E04244,魏瑞凤,男,1995,2025-05-09,,,,D01,L4,0,2025-08-07,active
E04245,赵慧军,男,1988,2025-05-04,,,,D02,L1,0,2025-08-02,active
E04246,韩娟艳,男,1987,2025-05-02,,,,D01,L5,0,2025-07-31,active
E04247,钱惠*,女,1992,2025-05-30,,,,D06,L1,0,2025-08-28,active
E04248,何凤*,女,1991,2025-05-17,,,,D05,L5,0,2025-08-15,active
E04249,张真娜,男,2001,2025-05-31,,,,D01,L2,0,2025-08-29,active
E04250,喻勇*,男,2000,2025-05-20,,,,D05,L3,0,2025-11-16,active
E04251,华娜*,男,1994,2025-05-14,,,,D01,L4,1,2025-08-12,active
E04252,曹雅*,女,2003,2025-05-27,,,,D08,L2,0,2025-08-25,active
E04253,魏淑兰,女,1991,2025-05-19,,,,D06,L2,0,2025-08-17,active
E04254,王洋嘉,女,1993,2025-05-31,2025-12-13,vol,R01,D01,L4,1,2025-08-29,left
E04255,吴雪*,男,2003,2025-05-16,,,,D04,L1,0,2025-08-14,active
E04256,秦玉*,女,1998,2025-05-22,,,,D03,L3,1,2025-08-20,active
E04257,谢雅*,女,1999,2025-05-30,2025-10-12,vol,R02,D01,L3,0,2025-08-28,left
E04258,尤荣佳,男,1982,2025-05-02,2025-06-02,invol,R06,D04,L2,0,2025-07-31,left
E04259,孙霞*,女,1995,2025-05-14,,,,D01,L3,1,2025-11-10,active
E04260,许彩*,男,1979,2025-05-13,,,,D01,L3,0,2025-08-11,active
E04261,孔怡军,女,1988,2025-05-30,,,,D05,L2,0,2025-08-28,active
E04262,魏月*,女,1997,2025-05-26,,,,D11,L4,0,2025-08-24,active
E04263,卫怡慧,男,1998,2025-05-21,,,,D05,L1,0,2025-08-19,active
E04264,沈涛翠,女,1994,2025-05-01,2025-12-26,vol,R01,D03,L1,0,2025-10-28,left
E04265,朱涛*,女,1989,2025-05-07,,,,D01,L3,0,2025-08-05,active
E04266,曹爱*,女,1993,2025-05-07,2025-07-02,invol,R06,D02,L4,1,2025-08-05,left
E04267,谢芝*,女,1992,2025-05-21,,,,D02,L2,0,2025-08-19,active
E04268,金环*,女,2002,2025-05-28,,,,D06,L2,0,2025-08-26,active
E04269,曹菊*,女,1996,2025-05-11,,,,D03,L2,0,2025-08-09,active
E04270,喻媛云,男,2003,2025-05-19,,,,D11,L4,0,2025-11-15,active
E04271,何娜凤,女,1988,2025-05-25,,,,D12,L1,0,2025-08-23,active
E04272,尤美彩,女,1998,2025-05-04,,,,D01,L1,0,2025-08-02,active
E04273,金真*,男,1989,2025-05-01,,,,D02,L4,0,2025-07-30,active
E04274,卫佳*,女,1993,2025-05-11,,,,D02,L1,0,2025-08-09,active
E04275,孙勇*,女,1991,2025-05-23,2025-07-09,vol,R03,D01,L4,1,2025-08-21,left
E04276,喻静勇,女,1986,2025-05-23,,,,D01,L1,0,2025-11-19,active
E04277,吴明*,女,1991,2025-05-30,2025-08-07,vol,R04,D01,L4,0,2025-08-28,left
E04278,金媛凤,男,1989,2025-05-22,,,,D11,L2,0,2025-08-20,active
E04279,冯莲华,女,1999,2025-05-20,,,,D03,L5,0,2025-11-16,active
E04280,郑玉霞,男,1991,2025-05-28,,,,D10,L4,0,2025-08-26,active
E04281,卫红*,男,1999,2025-05-16,2025-12-16,invol,R09,D02,L1,0,2025-11-12,left
E04282,赵素惠,男,2003,2025-05-31,,,,D01,L2,0,2025-08-29,active
E04283,郑环芬,女,1996,2025-05-16,,,,D02,L4,1,2025-08-14,active
E04284,王瑞玲,女,1989,2025-05-04,,,,D01,L5,0,2025-08-02,active
E04285,孔伟*,男,1981,2025-05-24,,,,D06,L4,1,2025-08-22,active
E04286,华真淑,女,1999,2025-05-09,,,,D07,L4,0,2025-11-05,active
E04287,陈爱*,男,1999,2025-05-31,,,,D02,L4,1,2025-08-29,active
E04288,郑慧*,女,1990,2025-05-08,,,,D01,L4,1,2025-08-06,active
E04289,郑素*,男,1994,2025-05-03,,,,D02,L2,0,2025-08-01,active
E04290,施华凤,男,1990,2025-05-15,,,,D09,L2,0,2025-08-13,active
E04291,钱娟*,男,1991,2025-05-03,,,,D02,L1,0,2025-08-01,active
E04292,卫月娥,男,1995,2025-05-03,2025-06-13,vol,R05,D01,L1,1,2025-08-01,left
E04293,张媛*,男,1997,2025-05-26,2025-09-30,vol,R01,D08,L1,0,2025-11-22,left
E04294,魏雅*,女,1995,2025-05-07,,,,D12,L3,0,2025-08-05,active
E04295,张巧静,女,1994,2025-05-07,,,,D04,L4,1,2025-08-05,active
E04296,尤芬*,男,1997,2025-05-28,,,,D04,L7,1,2025-08-26,active
E04297,蒋雪杰,男,1998,2025-05-04,,,,D04,L2,0,2025-08-02,active
E04298,陶素娜,男,1991,2025-05-18,,,,D01,L1,0,2025-08-16,active
E04299,曹嘉*,男,2003,2025-05-18,,,,D12,L2,0,2025-08-16,active
E04300,曹艳惠,未披露,1993,2025-05-30,,,,D02,L3,0,2025-08-28,active
E04301,许香*,女,2003,2025-05-12,,,,D12,L2,0,2025-08-10,active
E04302,张彩玲,女,1999,2025-05-31,,,,D12,L5,0,2025-08-29,active
E04303,姜艳*,女,1996,2025-05-01,,,,D01,L2,0,2025-07-30,active
E04304,杨梅*,男,1999,2025-05-14,2025-10-13,invol,R08,D01,L1,0,2025-08-12,left
E04305,许怡华,女,1994,2025-05-08,,,,D01,L3,1,2025-11-04,active
E04306,吕霞静,男,1990,2025-05-23,,,,D11,L4,1,2025-08-21,active
E04307,施娟*,男,1992,2025-05-01,,,,D08,L5,0,2025-07-30,active
E04308,吕惠*,女,1998,2025-05-26,,,,D03,L2,0,2025-08-24,active
E04309,张巧英,男,1985,2025-06-29,,,,D11,L5,1,2025-12-26,active
E04310,韩怡*,男,1993,2025-06-03,2025-07-27,vol,R01,D11,L4,0,2025-09-01,left
E04311,陈军玉,男,1998,2025-06-22,,,,D01,L2,0,2025-12-19,active
E04312,陶强莺,男,1999,2025-06-13,,,,D01,L3,0,2025-12-10,active
E04313,姜巧静,女,1998,2025-06-10,,,,D01,L1,0,2025-09-08,active
E04314,姜芝*,男,2000,2025-06-03,,,,D09,L4,0,2025-11-30,active
E04315,谢艳丽,女,1988,2025-06-11,,,,D12,L1,0,2025-09-09,active
E04316,赵敏*,男,1992,2025-06-11,,,,D01,L3,0,2025-09-09,active
E04317,吕月*,女,1992,2025-06-23,,,,D08,L2,1,2025-12-20,active
E04318,陈燕琳,男,1998,2025-06-21,2025-08-31,invol,R06,D01,L1,0,2025-09-19,left
E04319,周真*,男,2000,2025-06-10,,,,D01,L2,0,2025-12-07,active
E04320,卫慧*,男,1987,2025-06-12,,,,D07,L1,0,2025-09-10,active
E04321,华芳娟,男,1987,2025-06-27,,,,D05,L1,0,2025-09-25,active
E04322,朱菊*,女,1997,2025-06-08,,,,D07,L4,1,2025-09-06,active
E04323,喻明涛,男,2003,2025-06-15,,,,D06,L2,0,2025-12-12,active
E04324,严云*,男,1995,2025-06-13,2025-07-22,invol,R06,D05,L2,0,2025-12-10,left
E04325,魏静*,男,2002,2025-06-09,,,,D04,L1,0,2025-09-07,active
E04326,郑月*,男,2001,2025-06-21,,,,D08,L7,0,2025-12-18,active
E04327,谢云*,女,1992,2025-06-16,,,,D01,L5,1,2025-09-14,active
E04328,孔雪慧,男,1987,2025-06-20,,,,D02,L2,0,2025-09-18,active
E04329,周磊*,女,1992,2025-06-03,,,,D04,L1,1,2025-09-01,active
E04330,王丽*,未披露,2003,2025-06-02,,,,D02,L1,0,2025-08-31,active
E04331,吕芝*,男,2003,2025-06-07,,,,D08,L3,0,2025-09-05,active
E04332,何丽*,女,1995,2025-06-23,,,,D01,L2,0,2025-09-21,active
E04333,赵荣*,男,1983,2025-06-08,,,,D01,L3,0,2025-09-06,active
E04334,严菊*,男,1991,2025-06-17,,,,D11,L1,0,2025-12-14,active
E04335,曹春*,未披露,1998,2025-06-27,,,,D03,L1,0,2025-09-25,active
E04336,魏雅伟,女,1991,2025-06-22,,,,D08,L1,0,2025-09-20,active
E04337,卫磊*,男,1987,2025-06-15,,,,D01,L3,0,2025-12-12,active
E04338,施强*,女,1992,2025-06-02,,,,D02,L4,0,2025-08-31,active
E04339,张磊*,男,1995,2025-06-13,,,,D01,L6,0,2025-09-11,active
E04340,冯佳伟,男,2002,2025-06-15,2025-09-22,vol,R01,D06,L1,0,2025-09-13,left
E04341,戚环*,男,1995,2025-06-13,,,,D01,L6,1,2025-09-11,active
E04342,杨春*,男,2002,2025-06-29,,,,D11,L6,1,2025-09-27,active
E04343,朱磊娜,男,1992,2025-06-03,,,,D12,L2,0,2025-09-01,active
E04344,吕云娜,男,1995,2025-06-23,,,,D04,L1,0,2025-09-21,active
E04345,曹洋*,男,1996,2025-06-23,,,,D06,L4,1,2025-09-21,active
E04346,钱爱勇,男,1992,2025-06-08,,,,D06,L2,0,2025-09-06,active
E04347,严莲*,女,1996,2025-06-07,,,,D01,L1,0,2025-12-04,active
E04348,吕芝*,男,2000,2025-06-23,,,,D01,L1,0,2025-12-20,active
E04349,郑红*,男,1983,2025-06-22,,,,D03,L1,0,2025-12-19,active
E04350,沈芬*,男,1999,2025-06-05,,,,D01,L1,0,2025-09-03,active
E04351,吕芬*,男,1999,2025-06-28,2025-10-09,invol,R06,D01,L1,0,2025-09-26,left
E04352,魏洁爱,男,1987,2025-06-19,,,,D02,L5,0,2025-09-17,active
E04353,沈瑞素,男,2001,2025-06-01,,,,D12,L3,0,2025-08-30,active
E04354,张芳月,女,1991,2025-06-25,,,,D08,L5,1,2025-09-23,active
E04355,郑涛*,女,2003,2025-06-28,2025-07-19,invol,R06,D07,L4,1,2025-12-25,left
E04356,赵佳*,男,1988,2025-06-29,,,,D11,L3,0,2025-12-26,active
E04357,吴慧*,男,1996,2025-06-26,,,,D01,L5,0,2025-12-23,active
E04358,沈珠*,女,1995,2025-06-25,,,,D02,L2,0,2025-12-22,active
E04359,吕军梅,女,1996,2025-06-11,,,,D06,L2,0,2025-09-09,active
E04360,金霞*,男,1992,2025-06-04,,,,D05,L1,0,2025-12-01,active
E04361,陈涛*,女,2003,2025-06-25,,,,D01,L5,0,2025-12-22,active
E04362,吴兰*,女,1986,2025-06-24,,,,D08,L1,0,2025-09-22,active
E04363,钱妹娟,男,1994,2025-06-06,2025-09-25,vol,R04,D09,L3,1,2025-09-04,left
E04364,钱霞涛,男,1991,2025-06-29,,,,D01,L2,0,2025-12-26,active
E04365,华敏*,男,2003,2025-06-07,2025-08-02,invol,R06,D08,L5,1,2025-09-05,left
E04366,何杰*,女,1992,2025-06-09,,,,D03,L2,0,2025-09-07,active
E04367,陶伟*,女,2002,2025-06-25,,,,D01,L1,0,2025-09-23,active
E04368,沈伟*,女,2001,2025-06-12,,,,D07,L3,0,2025-09-10,active
E04369,郑慧*,女,1980,2025-06-23,,,,D02,L3,0,2025-09-21,active
E04370,魏真*,女,2001,2025-06-21,,,,D06,L4,1,2025-09-19,active
E04371,谢莺*,男,1996,2025-06-13,,,,D03,L1,0,2025-12-10,active
E04372,华涛玉,男,1990,2025-06-12,,,,D08,L4,1,2025-09-10,active
E04373,戚梅红,女,1992,2025-06-30,2025-09-10,invol,R06,D09,L3,0,2025-09-28,left
E04374,曹香娟,女,2003,2025-06-16,2025-11-23,invol,R09,D01,L2,1,2025-09-14,left
E04375,魏洋*,女,1996,2025-06-13,,,,D01,L1,0,2025-09-11,active
E04376,韩军*,男,2000,2025-06-17,,,,D01,L3,0,2025-09-15,active
E04377,韩军真,女,1990,2025-06-29,,,,D05,L1,0,2025-12-26,active
E04378,施妹磊,男,2000,2025-06-25,,,,D05,L5,0,2025-09-23,active
E04379,金嘉春,女,1992,2025-06-20,,,,D06,L1,0,2025-09-18,active
E04380,许妹*,男,1986,2025-06-17,,,,D03,L2,0,2025-09-15,active
E04381,卫伟*,女,2000,2025-06-24,2025-08-23,invol,R06,D05,L6,0,2025-09-22,left
E04382,孔英*,男,1999,2025-06-10,,,,D01,L1,0,2025-09-08,active
E04383,卫真娜,男,1987,2025-06-17,,,,D01,L2,1,2025-09-15,active
E04384,孙磊*,男,1996,2025-06-30,,,,D10,L3,1,2025-09-28,active
E04385,王月娜,男,1992,2025-06-19,2025-11-23,invol,R06,D11,L4,1,2025-09-17,left
E04386,张琳*,男,1998,2025-06-19,,,,D03,L4,1,2025-12-16,active
E04387,吕娜芝,男,1998,2025-06-11,,,,D05,L3,0,2025-09-09,active
E04388,许萍*,女,2003,2025-06-19,,,,D11,L5,0,2025-12-16,active
E04389,魏芳慧,女,1991,2025-06-28,,,,D04,L2,1,2025-09-26,active
E04390,蒋伟*,女,1982,2025-06-02,,,,D02,L5,0,2025-08-31,active
E04391,金香*,男,1998,2025-06-05,,,,D12,L1,0,2025-12-02,active
E04392,褚惠娟,女,2003,2025-06-25,,,,D03,L1,0,2025-09-23,active
E04393,蒋娜翠,女,2001,2025-06-14,,,,D04,L5,0,2025-09-12,active
E04394,朱勇*,男,2000,2025-06-14,,,,D01,L1,0,2025-09-12,active
E04395,戚素*,男,2000,2025-06-01,,,,D02,L2,0,2025-11-28,active
E04396,张玲*,女,1986,2025-06-12,,,,D02,L6,0,2025-12-09,active
E04397,谢环*,女,1996,2025-06-09,2025-09-27,invol,R06,D01,L1,0,2025-09-07,left
E04398,朱娜淑,女,1996,2025-06-05,,,,D11,L3,0,2025-09-03,active
E04399,王娜菊,女,1999,2025-06-21,,,,D02,L1,0,2025-09-19,active
E04400,李娜*,男,1998,2025-06-09,,,,D01,L5,0,2025-09-07,active
E04401,陈真*,女,2001,2025-06-13,,,,D01,L5,0,2025-09-11,active
E04402,姜真*,男,1988,2025-06-01,,,,D03,L4,1,2025-08-30,active
E04403,戚香*,男,1998,2025-06-03,,,,D03,L5,0,2025-11-30,active
E04404,冯静巧,男,1997,2025-06-24,,,,D01,L4,1,2025-12-21,active
E04405,姜伟*,男,1995,2025-06-11,,,,D11,L1,0,2025-09-09,active
E04406,钱真萍,男,1993,2025-06-18,,,,D11,L2,0,2025-09-16,active
E04407,周静*,男,2001,2025-06-09,,,,D01,L4,0,2025-09-07,active
E04408,谢荣萍,女,1988,2025-06-07,,,,D02,L5,0,2025-09-05,active
E04409,吕淑*,男,1992,2025-06-27,,,,D05,L4,0,2025-09-25,active
E04410,卫伟*,女,1993,2025-06-16,2025-08-29,vol,R02,D03,L5,0,2025-09-14,left
E04411,孔芬英,男,1992,2025-06-01,,,,D03,L1,0,2025-08-30,active
E04412,谢巧*,女,1997,2025-06-09,,,,D09,L1,0,2025-09-07,active
E04413,郑涛雪,女,1992,2025-06-03,,,,D01,L3,0,2025-09-01,active
E04414,陈芬惠,女,1993,2025-06-28,2025-07-26,vol,R02,D10,L5,0,2025-12-25,left
E04415,周娜明,男,1994,2025-06-29,,,,D03,L1,0,2025-09-27,active
E04416,喻凡*,男,1992,2025-06-08,,,,D01,L1,0,2025-09-06,active
E04417,何芬涛,女,2003,2025-06-26,,,,D07,L4,1,2025-09-24,active
E04418,施荣*,男,1990,2025-06-21,,,,D03,L2,0,2025-09-19,active
E04419,冯超*,女,1985,2025-06-03,,,,D04,L3,0,2025-11-30,active
E04420,尤丽*,女,1998,2025-06-27,,,,D11,L3,1,2025-12-24,active
E04421,李明*,女,1994,2025-06-16,,,,D06,L2,0,2025-09-14,active
E04422,卫惠荣,女,1986,2025-06-04,,,,D09,L4,0,2025-09-02,active
E04423,喻云真,女,1996,2025-06-05,,,,D01,L4,0,2025-12-02,active
E04424,戚珠芳,男,2003,2025-06-19,,,,D05,L1,1,2025-12-16,active
E04425,尤强真,女,1996,2025-06-15,,,,D01,L3,0,2025-09-13,active
E04426,姜芳*,男,1999,2025-06-07,,,,D01,L4,1,2025-12-04,active
E04427,尤芝*,男,1989,2025-06-17,,,,D06,L2,0,2025-09-15,active
E04428,沈雪强,女,2002,2025-06-24,,,,D01,L2,0,2025-09-22,active
E04429,张慧静,女,1993,2025-06-08,,,,D04,L3,0,2025-12-05,active
E04430,朱真春,女,1991,2025-06-14,,,,D02,L2,0,2025-12-11,active
E04431,陈莲磊,女,1993,2025-06-15,,,,D02,L3,0,2025-09-13,active
E04432,卫美*,女,1996,2025-06-29,,,,D12,L1,0,2025-09-27,active
E04433,金莲*,女,1987,2025-06-12,,,,D01,L6,1,2025-09-10,active
E04434,喻欣*,男,1989,2025-06-26,,,,D01,L6,0,2025-09-24,active
E04435,戚英*,男,2000,2025-06-28,,,,D01,L1,1,2025-12-25,active
E04436,谢娜*,女,1998,2025-06-03,,,,D03,L2,1,2025-09-01,active
E04437,喻超芬,女,1996,2025-06-24,,,,D08,L2,0,2025-09-22,active
E04438,郑勇芳,女,1997,2025-06-19,,,,D01,L3,0,2025-09-17,active
E04439,钱娜雅,女,1997,2025-06-20,,,,D10,L2,0,2025-09-18,active
E04440,吕玲*,男,1992,2025-06-21,,,,D03,L1,0,2025-09-19,active
E04441,曹珠*,女,1997,2025-06-07,,,,D03,L2,0,2025-09-05,active
E04442,谢翠*,女,1987,2025-06-09,,,,D05,L3,0,2025-09-07,active
E04443,卫嘉欣,男,1998,2025-06-27,,,,D12,L1,0,2025-09-25,active
E04444,施雪玲,女,1997,2025-06-25,2025-10-17,invol,R06,D05,L6,1,2025-09-23,left
E04445,孙雪*,女,1997,2025-06-22,,,,D01,L3,0,2025-09-20,active
E04446,张淑*,男,1992,2025-06-19,,,,D08,L2,0,2025-09-17,active
E04447,魏梅琳,女,1999,2025-06-15,,,,D02,L5,1,2025-12-12,active
E04448,钱艳*,女,1994,2025-06-25,,,,D04,L1,0,2025-09-23,active
E04449,华娥惠,男,1998,2025-06-07,,,,D04,L1,0,2025-09-05,active
E04450,谢珠*,女,1997,2025-06-24,,,,D01,L3,1,2025-09-22,active
E04451,喻素娟,男,1987,2025-06-16,,,,D04,L2,0,2025-09-14,active
E04452,冯艳*,男,2001,2025-06-04,,,,D03,L2,0,2025-09-02,active
E04453,沈杰*,女,1991,2025-06-17,,,,D11,L1,0,2025-09-15,active
E04454,褚兰*,女,1988,2025-06-11,,,,D03,L5,1,2025-09-09,active
E04455,杨欣*,女,1991,2025-07-13,,,,D02,L2,0,2025-10-11,active
E04456,王娥*,男,1992,2025-07-06,,,,D09,L5,0,2025-10-04,active
E04457,孔英静,男,1999,2025-07-23,,,,D02,L1,0,2025-10-21,active
E04458,李燕*,女,1996,2025-07-05,2025-08-01,invol,R06,D01,L3,0,2025-10-03,left
E04459,秦美*,女,1997,2025-07-20,,,,D01,L1,0,2025-10-18,active
E04460,邹春*,男,1992,2025-07-17,2025-08-04,vol,R05,D11,L5,1,2025-10-15,left
E04461,周莺*,男,2003,2025-07-18,,,,D01,L1,0,2025-10-16,active
E04462,朱秀香,男,1989,2025-07-30,,,,D02,L2,0,2025-10-28,active
E04463,张艳艳,女,1993,2025-07-14,,,,D01,L4,0,2025-10-12,active
E04464,吕洁*,女,1993,2025-07-17,,,,D01,L4,1,2025-10-15,active
E04465,吴雅*,女,1991,2025-07-01,,,,D01,L1,0,2025-09-29,active
E04466,沈真兰,女,1998,2025-07-17,,,,D05,L2,0,2025-10-15,active
E04467,张玉*,男,1993,2025-07-19,,,,D01,L1,0,2025-10-17,active
E04468,陶莲梅,女,1997,2025-07-15,,,,D01,L2,0,2026-01-11,active
E04469,金艳娥,女,1983,2025-07-23,2025-08-13,invol,R06,D12,L3,0,2025-10-21,left
E04470,郑静军,男,2000,2025-07-07,,,,D03,L4,0,2026-01-03,active
E04471,施巧芝,女,1991,2025-07-03,,,,D02,L1,0,2025-10-01,active
E04472,陈芳红,女,1990,2025-07-02,,,,D02,L6,1,2025-09-30,active
E04473,韩欣*,女,1996,2025-07-29,,,,D03,L1,1,2025-10-27,active
E04474,秦月*,女,1991,2025-07-25,,,,D03,L3,0,2025-10-23,active
E04475,华芳芳,男,1987,2025-07-24,2025-10-16,invol,R06,D05,L2,0,2026-01-20,left
E04476,卫杰*,男,2001,2025-07-18,,,,D05,L4,0,2026-01-14,active
E04477,郑华惠,男,1993,2025-07-25,,,,D08,L2,0,2026-01-21,active
E04478,何淑*,女,1992,2025-07-09,,,,D01,L1,0,2025-10-07,active
E04479,秦媛*,女,2002,2025-07-24,,,,D07,L2,0,2025-10-22,active
E04480,邹华*,男,1996,2025-07-26,,,,D01,L4,0,2025-10-24,active
E04481,戚娥梅,女,1997,2025-07-17,,,,D05,L2,0,2025-10-15,active
E04482,冯芳*,女,1988,2025-07-15,,,,D02,L1,0,2025-10-13,active
E04483,戚红巧,女,1995,2025-07-12,,,,D01,L3,0,2025-10-10,active
E04484,吴明*,女,1988,2025-07-08,,,,D05,L2,0,2025-10-06,active
E04485,张芳华,女,1978,2025-07-15,,,,D01,L3,0,2025-10-13,active
E04486,华巧*,男,1993,2025-07-21,,,,D01,L2,0,2025-10-19,active
E04487,陶洋*,男,2003,2025-07-28,,,,D07,L2,0,2025-10-26,active
E04488,邹萍*,男,1995,2025-07-21,,,,D01,L1,0,2025-10-19,active
E04489,张杰妹,男,1995,2025-07-24,2025-09-07,invol,R06,D01,L4,0,2025-10-22,left
E04490,谢菊*,未披露,1986,2025-07-25,,,,D01,L1,0,2026-01-21,active
E04491,吴莺媛,男,1992,2025-07-09,,,,D03,L1,0,2025-10-07,active
E04492,何明*,男,1981,2025-07-08,,,,D11,L5,0,2025-10-06,active
E04493,周妹*,女,1988,2025-07-09,,,,D05,L2,0,2025-10-07,active
E04494,韩英*,女,1980,2025-07-07,,,,D06,L4,1,2026-01-03,active
E04495,钱强*,女,1992,2025-07-16,,,,D12,L3,0,2025-10-14,active
E04496,陈玉巧,女,2003,2025-07-02,,,,D03,L1,0,2025-09-30,active
E04497,曹雅*,男,2000,2025-07-26,,,,D04,L3,0,2025-10-24,active
E04498,吕玉*,男,1995,2025-07-27,,,,D03,L4,0,2025-10-25,active
E04499,曹超洁,女,1999,2025-07-11,,,,D01,L3,0,2025-10-09,active
E04500,孙红*,女,2003,2025-07-12,,,,D05,L3,0,2026-01-08,active
E04501,钱明军,女,1985,2025-07-29,,,,D03,L3,0,2026-01-25,active
E04502,赵伟*,男,1996,2025-07-18,2025-09-13,vol,R01,D03,L2,0,2026-01-14,left
E04503,蒋伟*,男,2003,2025-07-29,,,,D06,L1,0,2026-01-25,active
E04504,施艳月,男,1985,2025-07-11,,,,D01,L2,0,2025-10-09,active
E04505,陶香莺,女,2002,2025-07-31,,,,D04,L2,1,2025-10-29,active
E04506,魏杰*,女,1991,2025-07-09,2025-08-09,vol,R04,D12,L2,0,2026-01-05,left
E04507,吕环*,女,1995,2025-07-29,,,,D04,L3,0,2025-10-27,active
E04508,褚环*,女,1998,2025-07-24,,,,D03,L3,0,2026-01-20,active
E04509,戚琳静,女,1991,2025-07-09,,,,D09,L6,0,2025-10-07,active
E04510,魏梅*,男,1997,2025-07-18,,,,D06,L2,0,2025-10-16,active
E04511,姜红燕,男,1992,2025-07-30,,,,D02,L2,0,2026-01-26,active
E04512,邹涛真,女,2001,2025-07-20,,,,D11,L2,0,2025-10-18,active
E04513,钱萍媛,女,1997,2025-07-14,2025-08-06,invol,R06,D06,L4,0,2025-10-12,left
E04514,尤红*,男,1997,2025-07-09,2025-12-31,invol,R06,D09,L3,0,2025-10-07,left
E04515,朱娟*,男,1999,2025-07-11,,,,D01,L2,0,2025-10-09,active
E04516,何涛*,男,2002,2025-07-10,2025-10-07,vol,R01,D05,L3,0,2025-10-08,left
E04517,孙玉*,女,1993,2025-07-29,,,,D05,L2,0,2025-10-27,active
E04518,陶洁慧,女,1989,2025-07-30,,,,D07,L3,0,2025-10-28,active
E04519,姜兰*,男,2000,2025-07-06,,,,D01,L4,0,2025-10-04,active
E04520,孙荣萍,女,1992,2025-07-08,2025-12-05,invol,R09,D02,L1,0,2025-10-06,left
E04521,谢莲凤,男,1992,2025-07-15,,,,D11,L2,0,2026-01-11,active
E04522,吕凡妹,未披露,1991,2025-07-10,,,,D01,L4,0,2026-01-06,active
E04523,褚娟超,男,1984,2025-07-19,,,,D01,L4,0,2026-01-15,active
E04524,魏佳*,女,1975,2025-07-13,,,,D01,L3,0,2025-10-11,active
E04525,卫静珠,男,1994,2025-07-19,,,,D03,L3,0,2026-01-15,active
E04526,邹华*,女,1982,2025-07-09,2025-08-23,vol,R01,D10,L3,0,2025-10-07,left
E04527,谢珠*,女,1995,2025-07-18,,,,D02,L2,0,2025-10-16,active
E04528,秦莲*,女,2001,2025-07-16,,,,D10,L2,0,2025-10-14,active
E04529,戚娟超,女,1986,2025-07-12,,,,D03,L2,0,2025-10-10,active
E04530,卫翠*,男,1998,2025-07-31,,,,D03,L2,0,2025-10-29,active
E04531,喻香*,男,1988,2025-07-08,,,,D05,L3,0,2025-10-06,active
E04532,杨真爱,男,1993,2025-07-25,,,,D06,L1,0,2025-10-23,active
E04533,王淑*,男,1992,2025-07-08,,,,D02,L2,0,2025-10-06,active
E04534,吕月*,女,1997,2025-07-11,,,,D12,L1,0,2026-01-07,active
E04535,钱雅*,女,1997,2025-07-20,,,,D12,L4,0,2025-10-18,active
E04536,戚敏静,女,1993,2025-07-06,2025-12-24,vol,R01,D01,L3,0,2025-10-04,left
E04537,许娜*,未披露,1999,2025-07-06,,,,D06,L3,0,2026-01-02,active
E04538,魏珠芬,男,2003,2025-07-16,,,,D08,L1,0,2025-10-14,active
E04539,韩琳静,男,2000,2025-07-07,,,,D11,L3,0,2025-10-05,active
E04540,陈瑞*,女,1991,2025-07-14,,,,D02,L4,0,2026-01-10,active
E04541,姜巧*,女,1995,2025-07-09,,,,D01,L2,1,2025-10-07,active
E04542,李媛巧,男,2003,2025-07-18,,,,D09,L5,0,2026-01-14,active
E04543,魏芝*,男,1992,2025-07-19,,,,D08,L1,0,2025-10-17,active
E04544,曹军欣,男,2003,2025-07-08,,,,D01,L5,1,2025-10-06,active
E04545,陈荣雅,男,1988,2025-07-15,,,,D01,L6,0,2025-10-13,active
E04546,何巧*,男,2003,2025-07-24,,,,D02,L1,0,2025-10-22,active
E04547,陈洁*,女,1981,2025-07-03,,,,D05,L3,0,2025-10-01,active
E04548,孙洁媛,女,1992,2025-07-27,,,,D07,L7,0,2025-10-25,active
E04549,谢雅莲,女,1984,2025-07-31,,,,D02,L1,0,2026-01-27,active
E04550,许明兰,女,1985,2025-07-12,,,,D03,L2,0,2025-10-10,active
E04551,吴真香,男,1983,2025-07-07,,,,D06,L3,0,2025-10-05,active
E04552,许强丽,男,1981,2025-07-04,,,,D01,L6,1,2025-10-02,active
E04553,吴杰*,女,2003,2025-08-30,,,,D06,L1,0,2025-11-28,active
E04554,金艳月,女,1992,2025-08-29,,,,D11,L4,1,2025-11-27,active
E04555,严娜*,男,1999,2025-08-17,,,,D06,L7,0,2026-02-13,active
E04556,吴红娜,男,1992,2025-08-16,,,,D01,L3,0,2025-11-14,active
E04557,钱佳香,男,1987,2025-08-18,,,,D08,L4,1,2026-02-14,active
E04558,何静*,女,2003,2025-08-10,2025-09-06,vol,R03,D01,L3,0,2026-02-06,left
E04559,秦佳*,男,1998,2025-08-25,,,,D12,L1,0,2025-11-23,active
E04560,陈秀荣,男,1995,2025-08-17,,,,D02,L4,0,2025-11-15,active
E04561,孔超丽,女,1988,2025-08-20,,,,D12,L1,0,2025-11-18,active
E04562,孙欣美,男,1997,2025-08-16,,,,D05,L3,0,2025-11-14,active
E04563,赵嘉珠,女,1994,2025-08-28,,,,D01,L1,0,2026-02-24,active
E04564,冯洁玲,男,1994,2025-08-02,,,,D05,L1,0,2025-10-31,active
E04565,魏凤*,女,2000,2025-08-06,,,,D03,L3,0,2026-02-02,active
E04566,戚洋*,男,1998,2025-08-05,2025-11-07,vol,R05,D10,L5,1,2025-11-03,left
E04567,张莺*,男,1989,2025-08-15,,,,D01,L1,0,2025-11-13,active
E04568,赵芬*,男,1989,2025-08-25,,,,D01,L7,0,2025-11-23,active
E04569,华雅*,男,1995,2025-08-13,,,,D12,L3,0,2025-11-11,active
E04570,韩明佳,男,1984,2025-08-15,,,,D12,L1,0,2026-02-11,active
E04571,姜洁*,女,1999,2025-08-26,,,,D03,L2,0,2025-11-24,active
E04572,沈艳琳,男,1995,2025-08-30,2025-09-23,invol,R06,D01,L1,0,2025-11-28,left
E04573,邹凡兰,女,1998,2025-08-03,,,,D01,L2,0,2025-11-01,active
E04574,郑红霞,女,1992,2025-08-03,,,,D01,L1,0,2026-01-30,active
E04575,杨媛琳,女,1991,2025-08-20,,,,D05,L1,0,2025-11-18,active
E04576,陶红*,男,1987,2025-08-06,,,,D06,L1,0,2026-02-02,active
E04577,戚兰*,女,2000,2025-08-20,,,,D02,L1,0,2025-11-18,active
E04578,曹强真,男,1990,2025-08-24,2025-12-29,invol,R06,D05,L3,0,2025-11-22,left
E04579,赵翠芳,女,2003,2025-08-25,,,,D10,L3,0,2025-11-23,active
E04580,周梅*,男,1990,2025-08-07,,,,D02,L1,1,2025-11-05,active
E04581,李敏娜,男,2003,2025-08-26,,,,D01,L4,0,2025-11-24,active
E04582,孙素芬,女,2002,2025-08-24,2025-10-19,invol,R06,D02,L5,0,2026-02-20,left
E04583,曹霞丽,男,2003,2025-08-17,,,,D07,L5,0,2025-11-15,active
E04584,杨美真,女,2003,2025-08-29,,,,D01,L3,0,2025-11-27,active
E04585,褚玉淑,女,1996,2025-08-08,,,,D03,L4,1,2026-02-04,active
E04586,赵超*,男,2003,2025-08-26,,,,D02,L3,0,2025-11-24,active
E04587,曹娥*,女,1987,2025-08-19,,,,D10,L5,0,2025-11-17,active
E04588,郑佳*,女,1998,2025-08-24,,,,D03,L1,0,2025-11-22,active
E04589,陈秀强,女,1994,2025-08-21,,,,D01,L2,0,2025-11-19,active
E04590,冯红英,男,1988,2025-08-19,,,,D04,L2,0,2025-11-17,active
E04591,朱娟艳,女,1992,2025-08-15,,,,D04,L3,0,2025-11-13,active
E04592,秦惠*,女,2000,2025-08-19,,,,D05,L4,0,2025-11-17,active
E04593,陶翠莺,女,1996,2025-08-11,,,,D01,L1,0,2025-11-09,active
E04594,张媛敏,男,1992,2025-08-29,,,,D03,L1,0,2025-11-27,active
E04595,孔凡*,男,1994,2025-08-17,,,,D06,L4,0,2025-11-15,active
E04596,施雅*,女,1980,2025-08-27,,,,D12,L7,0,2026-02-23,active
E04597,陈妹雅,女,1991,2025-08-03,,,,D01,L1,0,2025-11-01,active
E04598,赵真*,女,1992,2025-08-14,,,,D01,L1,0,2025-11-12,active
E04599,卫艳*,女,2000,2025-08-27,,,,D07,L3,0,2025-11-25,active
E04600,许春*,男,1997,2025-08-11,,,,D01,L4,1,2025-11-09,active
E04601,褚梅*,男,1991,2025-08-02,,,,D02,L1,0,2025-10-31,active
E04602,褚琳杰,女,1994,2025-08-16,,,,D03,L1,0,2025-11-14,active
E04603,陈琳彩,男,2002,2025-08-31,,,,D06,L3,1,2025-11-29,active
E04604,杨珠欣,男,2000,2025-08-13,,,,D12,L3,0,2025-11-11,active
E04605,吴兰华,女,2002,2025-08-12,,,,D12,L2,0,2025-11-10,active
E04606,秦香*,女,1999,2025-08-25,,,,D03,L3,0,2026-02-21,active
E04607,李玉*,女,1985,2025-08-10,,,,D02,L2,0,2026-02-06,active
E04608,华娟*,男,2000,2025-08-15,,,,D07,L2,0,2025-11-13,active
E04609,严燕*,女,1995,2025-08-14,,,,D02,L4,0,2026-02-10,active
E04610,吕芳珠,男,1998,2025-08-22,,,,D01,L4,0,2026-02-18,active
E04611,何月香,男,1989,2025-08-08,,,,D06,L1,0,2025-11-06,active
E04612,施玲*,女,1989,2025-08-27,,,,D01,L4,1,2026-02-23,active
E04613,陈明惠,女,2002,2025-08-08,,,,D03,L2,0,2026-02-04,active
E04614,钱菊兰,女,1998,2025-08-10,2025-11-18,invol,R07,D01,L5,0,2025-11-08,left
E04615,谢慧萍,女,2003,2025-08-24,,,,D01,L3,0,2025-11-22,active
E04616,周英*,女,1987,2025-08-18,,,,D06,L1,0,2026-02-14,active
E04617,姜强*,女,1990,2025-08-06,,,,D02,L3,0,2025-11-04,active
E04618,施艳红,女,1998,2025-08-29,,,,D01,L2,0,2025-11-27,active
E04619,谢英妹,女,2003,2025-08-16,2025-12-08,invol,R08,D12,L2,0,2026-02-12,left
E04620,金芳慧,女,2003,2025-08-23,,,,D01,L1,0,2025-11-21,active
E04621,朱芳*,女,1994,2025-08-06,,,,D07,L6,1,2025-11-04,active
E04622,华爱*,女,1988,2025-08-28,,,,D03,L4,0,2026-02-24,active
E04623,王凤静,男,1999,2025-08-16,,,,D03,L3,0,2025-11-14,active
E04624,李娜*,女,2003,2025-08-07,,,,D05,L1,0,2025-11-05,active
E04625,施凤*,女,1985,2025-08-28,,,,D12,L2,0,2025-11-26,active
E04626,金军*,男,2001,2025-08-21,,,,D04,L1,1,2025-11-19,active
E04627,褚杰军,女,1998,2025-08-03,,,,D04,L1,0,2025-11-01,active
E04628,秦媛*,男,2001,2025-08-11,,,,D08,L2,0,2026-02-07,active
E04629,邹淑*,女,2001,2025-08-02,2025-12-29,vol,R02,D05,L6,1,2025-10-31,left
E04630,华真*,女,1996,2025-08-22,,,,D04,L1,0,2025-11-20,active
E04631,杨强雪,男,1983,2025-08-04,,,,D01,L3,0,2026-01-31,active
E04632,秦华静,女,1993,2025-08-09,,,,D05,L1,0,2025-11-07,active
E04633,严玲*,男,2000,2025-08-09,2025-12-23,vol,R01,D01,L2,0,2026-02-05,left
E04634,华环佳,女,1999,2025-08-11,2025-09-11,vol,R03,D01,L1,0,2025-11-09,left
E04635,卫爱爱,女,1995,2025-08-02,,,,D07,L1,0,2025-10-31,active
E04636,吕雅*,男,1986,2025-08-11,,,,D02,L4,0,2026-02-07,active
E04637,孔媛*,男,1999,2025-08-12,,,,D09,L3,0,2025-11-10,active
E04638,赵勇*,女,1991,2025-08-27,,,,D08,L4,0,2026-02-23,active
E04639,喻淑兰,男,1984,2025-08-13,,,,D05,L4,0,2025-11-11,active
E04640,魏嘉瑞,男,2002,2025-08-12,,,,D11,L1,0,2026-02-08,active
E04641,邹超莺,女,1994,2025-08-14,,,,D03,L2,0,2025-11-12,active
E04642,李梅*,女,1996,2025-08-26,,,,D11,L1,0,2025-11-24,active
E04643,周杰环,男,1995,2025-08-05,,,,D11,L2,0,2025-11-03,active
E04644,沈艳*,男,1999,2025-08-08,,,,D12,L1,0,2025-11-06,active
E04645,许艳*,男,1990,2025-08-17,,,,D11,L5,0,2025-11-15,active
E04646,曹梅丽,男,1984,2025-08-13,2025-12-19,vol,R02,D01,L3,0,2025-11-11,left
E04647,严芳*,男,1992,2025-08-20,,,,D07,L2,0,2025-11-18,active
E04648,严娜环,男,1988,2025-08-08,,,,D01,L1,0,2025-11-06,active
E04649,赵丽*,女,1996,2025-08-14,,,,D01,L4,0,2025-11-12,active
E04650,卫荣妹,女,1984,2025-08-24,,,,D04,L2,0,2026-02-20,active
E04651,冯兰*,男,1995,2025-08-03,,,,D03,L2,0,2025-11-01,active
E04652,褚兰芝,女,1992,2025-08-24,,,,D05,L2,1,2025-11-22,active
E04653,蒋凡*,女,1994,2025-08-09,,,,D06,L2,0,2026-02-05,active
E04654,蒋淑香,女,1990,2025-08-18,,,,D01,L2,0,2026-02-14,active
E04655,褚荣*,女,1993,2025-08-14,,,,D01,L6,1,2025-11-12,active
E04656,谢军*,男,1994,2025-08-18,,,,D04,L5,0,2025-11-16,active
E04657,尤洁*,男,2003,2025-08-15,,,,D02,L3,0,2025-11-13,active
E04658,吕爱*,男,1989,2025-08-03,2025-11-22,invol,R06,D11,L1,0,2026-01-30,left
E04659,施琳勇,女,1992,2025-09-22,,,,D04,L6,0,2026-03-21,active
E04660,孔伟娜,女,1985,2025-09-26,,,,D01,L3,0,2026-03-25,active
E04661,周琳*,男,1994,2025-09-06,,,,D01,L3,0,2025-12-05,active
E04662,戚芬*,男,1988,2025-09-14,,,,D03,L3,0,2026-03-13,active
E04663,魏芝珠,男,1986,2025-09-20,,,,D01,L3,0,2026-03-19,active
E04664,冯芳佳,男,1993,2025-09-10,,,,D09,L4,0,2025-12-09,active
E04665,蒋欣*,女,1987,2025-09-10,,,,D05,L4,0,2026-03-09,active
E04666,曹惠嘉,男,1989,2025-09-19,,,,D01,L1,0,2025-12-18,active
E04667,褚佳英,男,1991,2025-09-17,,,,D10,L2,0,2025-12-16,active
E04668,吕荣洁,男,1990,2025-09-28,2025-10-10,invol,R07,D02,L2,0,2025-12-27,left
E04669,何媛*,女,1995,2025-09-23,2025-11-06,invol,R06,D01,L2,0,2025-12-22,left
E04670,卫惠春,女,1995,2025-09-16,,,,D01,L5,0,2025-12-15,active
E04671,吴娜*,男,1989,2025-09-09,,,,D02,L3,0,2026-03-08,active
E04672,曹荣*,女,1987,2025-09-17,,,,D07,L3,0,2025-12-16,active
E04673,陈妹*,男,1994,2025-09-20,,,,D10,L7,0,2026-03-19,active
E04674,吕翠*,男,1994,2025-09-04,,,,D01,L1,0,2025-12-03,active
E04675,冯燕艳,女,2000,2025-09-16,,,,D06,L3,0,2025-12-15,active
E04676,何媛娜,女,1980,2025-09-27,,,,D02,L1,0,2025-12-26,active
E04677,沈美惠,女,1989,2025-09-08,,,,D11,L1,0,2025-12-07,active
E04678,姜娜*,女,1997,2025-09-21,,,,D04,L1,0,2025-12-20,active
E04679,赵军*,男,1991,2025-09-22,,,,D02,L2,0,2025-12-21,active
E04680,尤环*,女,1996,2025-09-13,,,,D08,L4,0,2025-12-12,active
E04681,赵玉欣,男,1992,2025-09-02,,,,D02,L4,1,2026-03-01,active
E04682,沈兰春,女,1995,2025-09-19,,,,D02,L2,0,2026-03-18,active
E04683,孙明爱,女,1994,2025-09-22,,,,D05,L5,0,2025-12-21,active
E04684,周杰淑,男,1985,2025-09-13,2025-11-20,vol,R03,D09,L6,0,2025-12-12,left
E04685,许梅*,女,1998,2025-09-24,,,,D03,L1,0,2025-12-23,active
E04686,何玉*,男,1986,2025-09-14,,,,D01,L1,0,2026-03-13,active
E04687,王娟超,男,1995,2025-09-22,,,,D05,L4,0,2025-12-21,active
E04688,严珠芝,男,1995,2025-09-05,,,,D03,L3,0,2025-12-04,active
E04689,张静*,女,1993,2025-09-07,,,,D01,L3,0,2025-12-06,active
E04690,邹娜*,女,1992,2025-09-02,,,,D02,L2,0,2025-12-01,active
E04691,钱瑞静,女,1990,2025-09-03,2025-11-20,vol,R01,D07,L1,0,2025-12-02,left
E04692,韩瑞*,女,2002,2025-09-19,,,,D06,L4,0,2025-12-18,active
E04693,赵超素,男,1992,2025-09-12,2025-10-03,invol,R06,D01,L1,0,2025-12-11,left
E04694,金素涛,男,1993,2025-09-21,2025-11-01,invol,R07,D03,L2,0,2025-12-20,left
E04695,吕环*,男,1996,2025-09-24,,,,D03,L1,0,2025-12-23,active
E04696,姜娜*,男,1991,2025-09-14,,,,D04,L1,0,2025-12-13,active
E04697,许静春,未披露,2003,2025-09-04,,,,D01,L5,0,2025-12-03,active
E04698,陈真惠,男,2003,2025-09-27,2025-10-10,vol,R04,D08,L2,0,2025-12-26,left
E04699,严敏*,女,1986,2025-09-01,,,,D03,L6,1,2025-11-30,active
E04700,褚春*,男,1987,2025-09-26,,,,D06,L5,1,2025-12-25,active
E04701,严珠勇,男,1982,2025-09-05,,,,D01,L5,0,2025-12-04,active
E04702,蒋丽*,男,1995,2025-09-13,,,,D06,L1,0,2025-12-12,active
E04703,陶怡*,女,1988,2025-09-08,,,,D01,L4,0,2025-12-07,active
E04704,陈慧雪,女,2003,2025-09-30,,,,D03,L4,0,2025-12-29,active
E04705,李彩凤,女,1992,2025-09-13,,,,D01,L6,1,2025-12-12,active
E04706,吴敏*,女,1997,2025-09-15,2025-12-23,vol,R01,D09,L1,0,2026-03-14,left
E04707,秦菊云,男,1998,2025-09-12,,,,D02,L4,0,2025-12-11,active
E04708,孙涛*,男,1993,2025-09-05,,,,D12,L1,0,2025-12-04,active
E04709,张军艳,女,1990,2025-09-08,,,,D01,L4,1,2025-12-07,active
E04710,韩超凤,男,1986,2025-09-22,,,,D05,L1,0,2026-03-21,active
E04711,褚丽*,女,1988,2025-09-03,,,,D06,L2,0,2025-12-02,active
E04712,赵巧*,男,1981,2025-09-09,,,,D01,L7,1,2025-12-08,active
E04713,吴芝伟,男,1989,2025-09-26,,,,D01,L1,0,2025-12-25,active
E04714,金云*,男,2003,2025-09-18,,,,D03,L5,0,2025-12-17,active
E04715,曹凤*,女,2003,2025-09-05,,,,D01,L1,0,2026-03-04,active
E04716,秦艳荣,女,1990,2025-09-02,,,,D05,L3,0,2025-12-01,active
E04717,魏月雪,男,1990,2025-09-21,,,,D01,L7,1,2026-03-20,active
E04718,曹芳香,男,1988,2025-09-27,,,,D05,L1,0,2025-12-26,active
E04719,魏翠*,男,1986,2025-09-03,,,,D02,L1,0,2025-12-02,active
E04720,周雅*,女,1991,2025-09-09,,,,D03,L5,0,2025-12-08,active
E04721,孙莲磊,女,1985,2025-09-24,,,,D07,L1,0,2025-12-23,active
E04722,姜莲真,女,1991,2025-09-30,,,,D08,L2,0,2025-12-29,active
E04723,王凤*,女,1986,2025-09-06,,,,D02,L3,0,2026-03-05,active
E04724,赵秀玉,女,1997,2025-09-07,,,,D02,L2,0,2025-12-06,active
E04725,杨艳*,男,1994,2025-09-25,,,,D08,L3,0,2025-12-24,active
E04726,蒋华*,男,1997,2025-09-21,,,,D04,L3,0,2025-12-20,active
E04727,吴英*,女,1993,2025-09-14,,,,D11,L5,1,2026-03-13,active
E04728,何秀涛,男,1992,2025-09-20,,,,D01,L2,0,2026-03-19,active
E04729,何杰*,男,1988,2025-09-07,,,,D01,L1,0,2025-12-06,active
E04730,陶涛*,男,1994,2025-09-20,,,,D02,L2,1,2026-03-19,active
E04731,姜华*,女,1996,2025-09-27,,,,D03,L1,0,2025-12-26,active
E04732,朱荣杰,女,1993,2025-09-25,,,,D04,L2,0,2025-12-24,active
E04733,陶月环,男,2003,2025-09-07,,,,D03,L2,0,2025-12-06,active
E04734,尤艳*,女,1992,2025-09-07,,,,D01,L1,0,2026-03-06,active
E04735,卫凡美,男,1997,2025-09-13,,,,D01,L3,0,2026-03-12,active
E04736,陈玉*,男,2002,2025-09-10,,,,D01,L4,0,2025-12-09,active
E04737,谢珠*,男,1986,2025-09-14,,,,D07,L3,0,2025-12-13,active
E04738,朱洋月,男,1988,2025-09-01,,,,D02,L1,0,2025-11-30,active
E04739,朱明*,男,2001,2025-09-15,,,,D06,L1,0,2025-12-14,active
E04740,沈惠*,男,1989,2025-09-20,,,,D01,L2,0,2025-12-19,active
E04741,施琳*,男,1988,2025-09-30,,,,D12,L1,1,2025-12-29,active
E04742,褚磊华,女,1988,2025-09-03,,,,D01,L1,0,2025-12-02,active
E04743,冯琳香,男,2003,2025-09-02,,,,D01,L1,0,2026-03-01,active
E04744,李凡*,男,1981,2025-09-16,,,,D01,L4,0,2025-12-15,active
E04745,韩凡芝,女,2000,2025-09-14,,,,D02,L2,0,2025-12-13,active
E04746,冯静磊,男,1999,2025-09-12,,,,D01,L3,0,2025-12-11,active
E04747,喻静*,男,2000,2025-09-29,,,,D03,L2,0,2025-12-28,active
E04748,韩杰玉,男,1999,2025-09-26,,,,D03,L4,0,2025-12-25,active
E04749,曹红珠,女,1995,2025-09-03,,,,D06,L3,0,2025-12-02,active
E04750,陶彩嘉,女,1987,2025-09-29,,,,D01,L6,0,2025-12-28,active
E04751,孙云英,男,1995,2025-09-15,,,,D02,L1,0,2025-12-14,active
E04752,谢真丽,男,2003,2025-09-12,,,,D03,L2,0,2025-12-11,active
E04753,钱翠*,男,1997,2025-09-07,,,,D02,L3,0,2026-03-06,active
E04754,朱妹洋,女,1991,2025-09-20,,,,D06,L1,0,2026-03-19,active
E04755,周杰*,女,1993,2025-09-11,,,,D03,L4,0,2025-12-10,active
E04756,钱芝雅,男,2001,2025-09-14,,,,D11,L5,0,2025-12-13,active
E04757,赵凤*,男,1990,2025-09-03,,,,D04,L3,0,2025-12-02,active
E04758,陶芳*,男,2003,2025-09-02,,,,D01,L1,0,2025-12-01,active
E04759,朱敏巧,男,1997,2025-09-11,,,,D01,L2,0,2025-12-10,active
E04760,喻超*,男,2003,2025-09-20,,,,D02,L2,0,2025-12-19,active
E04761,杨红慧,女,1991,2025-09-19,2025-12-03,vol,R03,D10,L5,0,2025-12-18,left
E04762,戚巧静,男,1997,2025-09-14,,,,D09,L2,0,2026-03-13,active
E04763,金玲洋,男,2001,2025-09-14,,,,D01,L3,0,2025-12-13,active
E04764,姜玲*,女,1996,2025-09-01,,,,D12,L3,0,2025-11-30,active
E04765,谢巧*,女,1997,2025-09-14,,,,D01,L1,0,2025-12-13,active
E04766,金娜*,男,1993,2025-09-03,,,,D01,L7,0,2026-03-02,active
E04767,施燕*,男,1996,2025-09-10,,,,D11,L4,0,2026-03-09,active
E04768,张环*,男,2000,2025-09-01,,,,D04,L1,0,2026-02-28,active
E04769,冯洋*,女,1993,2025-09-27,,,,D07,L4,1,2025-12-26,active
E04770,严月*,男,1993,2025-09-13,,,,D11,L2,0,2025-12-12,active
E04771,邹珠*,女,1987,2025-09-06,,,,D01,L5,0,2025-12-05,active
E04772,许妹秀,男,1987,2025-09-18,2025-12-10,invol,R06,D11,L1,0,2025-12-17,left
E04773,吴惠*,男,1998,2025-09-30,,,,D11,L6,1,2026-03-29,active
E04774,邹琳伟,男,1994,2025-09-07,,,,D02,L1,0,2026-03-06,active
E04775,姜雪*,女,2000,2025-09-27,,,,D04,L1,0,2026-03-26,active
E04776,喻玉*,男,2001,2025-09-27,,,,D01,L2,0,2025-12-26,active
E04777,吴芬丽,男,1984,2025-09-22,,,,D05,L5,0,2025-12-21,active
E04778,杨珠*,男,1999,2025-09-05,,,,D05,L2,0,2025-12-04,active
E04779,周燕玲,女,1988,2025-09-12,,,,D02,L5,0,2025-12-11,active
E04780,赵军超,男,1992,2025-09-13,2025-11-11,vol,R01,D03,L3,0,2025-12-12,left
E04781,尤超*,男,1996,2025-09-25,,,,D01,L3,1,2025-12-24,active
E04782,孙怡*,男,1995,2025-09-24,,,,D02,L1,0,2025-12-23,active
E04783,何佳*,男,1993,2025-09-06,,,,D03,L1,0,2025-12-05,active
E04784,曹美*,男,1992,2025-09-22,2025-11-02,vol,R04,D02,L2,0,2026-03-21,left
E04785,张涛*,男,1995,2025-09-30,2025-11-20,vol,R03,D12,L1,0,2026-03-29,left
E04786,金芳*,女,1998,2025-09-30,,,,D05,L5,1,2025-12-29,active
E04787,赵嘉丽,男,1988,2025-09-24,,,,D01,L1,0,2025-12-23,active
E04788,戚莲*,女,1995,2025-09-23,,,,D10,L1,0,2025-12-22,active
E04789,许欣*,女,1999,2025-09-06,,,,D05,L2,0,2025-12-05,active
E04790,邹洁*,男,1985,2025-09-15,,,,D12,L1,0,2025-12-14,active
E04791,孙惠萍,女,2003,2025-09-28,,,,D05,L1,0,2025-12-27,active
E04792,陶芝*,女,2003,2025-09-11,,,,D10,L3,1,2025-12-10,active
E04793,吴凤荣,女,1992,2025-09-03,,,,D03,L3,0,2026-03-02,active
E04794,蒋巧*,女,1989,2025-09-23,,,,D11,L2,0,2025-12-22,active
E04795,陶芳莺,男,1996,2025-09-18,,,,D08,L1,0,2025-12-17,active
E04796,陶芝秀,女,1983,2025-09-24,,,,D12,L5,0,2025-12-23,active
E04797,严洁杰,未披露,1997,2025-09-26,,,,D08,L1,0,2025-12-25,active
E04798,杨丽*,女,1988,2025-09-07,,,,D01,L2,0,2025-12-06,active
E04799,喻华雪,男,1994,2025-09-13,,,,D03,L3,1,2025-12-12,active
E04800,孙月静,男,1993,2025-09-10,,,,D05,L1,0,2025-12-09,active
E04801,魏淑妹,男,2003,2025-09-12,,,,D08,L2,0,2025-12-11,active
E04802,张雪*,女,1989,2025-09-08,,,,D12,L2,0,2025-12-07,active
E04803,陶丽凤,男,1994,2025-09-27,,,,D01,L1,0,2025-12-26,active
E04804,严翠*,女,1982,2025-09-13,,,,D03,L1,1,2026-03-12,active
E04805,何琳*,女,2003,2025-09-13,,,,D06,L1,1,2025-12-12,active
E04806,沈春惠,男,2003,2025-09-06,,,,D11,L1,0,2026-03-05,active
E04807,卫敏玉,男,1993,2025-09-29,,,,D03,L3,0,2025-12-28,active
E04808,戚琳菊,女,1995,2025-09-03,2025-10-07,invol,R06,D01,L2,0,2025-12-02,left
E04809,孙娟勇,男,1985,2025-09-07,,,,D12,L1,0,2026-03-06,active
E04810,施芬*,男,1983,2025-09-06,2025-12-19,invol,R06,D03,L1,0,2025-12-05,left
E04811,王真秀,男,1990,2025-09-09,,,,D01,L2,0,2026-03-08,active
E04812,赵巧涛,女,2000,2025-10-20,,,,D09,L2,0,2026-04-18,active
E04813,陈怡强,男,1999,2025-10-13,,,,D07,L5,0,2026-01-11,active
E04814,秦彩*,男,1991,2025-10-01,,,,D01,L5,0,2025-12-30,active
E04815,钱瑞*,女,1996,2025-10-27,,,,D10,L2,0,2026-04-25,active
E04816,喻荣*,女,1983,2025-10-16,,,,D12,L2,1,2026-01-14,active
E04817,孔静*,男,1995,2025-10-30,,,,D05,L2,0,2026-01-28,active
E04818,华欣*,女,2003,2025-10-12,,,,D03,L3,0,2026-01-10,active
E04819,蒋凡艳,女,2003,2025-10-13,,,,D02,L1,0,2026-01-11,active
E04820,杨杰*,男,1992,2025-10-09,2025-11-27,vol,R02,D01,L2,0,2026-04-07,left
E04821,卫兰凡,男,1998,2025-10-22,,,,D02,L1,0,2026-04-20,active
E04822,尤伟*,男,1998,2025-10-12,,,,D07,L3,1,2026-01-10,active
E04823,沈荣妹,男,1992,2025-10-06,,,,D07,L6,0,2026-04-04,active
E04824,魏丽*,男,2003,2025-10-16,,,,D09,L3,0,2026-01-14,active
E04825,孙娜*,男,1997,2025-10-26,,,,D03,L4,0,2026-01-24,active
E04826,魏萍*,男,1996,2025-10-30,,,,D02,L2,0,2026-01-28,active
E04827,施艳娜,男,1995,2025-10-21,,,,D10,L2,0,2026-01-19,active
E04828,李云*,女,1996,2025-10-29,,,,D04,L5,0,2026-01-27,active
E04829,沈怡*,女,2003,2025-10-20,,,,D02,L2,0,2026-01-18,active
E04830,钱秀荣,男,1994,2025-10-22,,,,D11,L2,0,2026-01-20,active
E04831,喻环*,女,1993,2025-10-03,,,,D04,L1,0,2026-01-01,active
E04832,尤慧*,男,2002,2025-10-19,2025-11-14,vol,R02,D01,L4,1,2026-04-17,left
E04833,严勇*,女,1995,2025-10-18,,,,D01,L2,0,2026-04-16,active
E04834,华荣*,女,1997,2025-10-06,,,,D11,L1,0,2026-01-04,active
E04835,尤涛*,女,1992,2025-10-15,,,,D01,L1,0,2026-04-13,active
E04836,秦磊雅,男,1990,2025-10-19,,,,D07,L3,0,2026-01-17,active
E04837,陈雪*,女,1988,2025-10-08,,,,D12,L1,0,2026-01-06,active
E04838,严勇*,男,1992,2025-10-13,,,,D07,L1,0,2026-04-11,active
E04839,李梅*,男,2003,2025-10-31,,,,D03,L1,0,2026-01-29,active
E04840,冯佳*,男,1996,2025-10-23,,,,D01,L1,0,2026-01-21,active
E04841,何芳静,女,1985,2025-10-15,,,,D02,L4,0,2026-04-13,active
E04842,蒋莺雅,男,2002,2025-10-11,2025-11-10,vol,R05,D12,L4,0,2026-04-09,left
E04843,魏欣*,男,1996,2025-10-19,,,,D06,L3,0,2026-01-17,active
E04844,吴翠杰,女,1994,2025-10-27,,,,D06,L5,0,2026-04-25,active
E04845,朱琳娜,男,1986,2025-10-07,,,,D02,L5,0,2026-04-05,active
E04846,蒋敏*,女,1990,2025-10-09,,,,D05,L3,0,2026-01-07,active
E04847,谢敏*,女,1992,2025-10-07,,,,D05,L7,1,2026-01-05,active
E04848,秦超*,男,1994,2025-10-20,,,,D05,L5,1,2026-01-18,active
E04849,曹勇芳,女,1984,2025-10-06,2025-11-22,invol,R06,D01,L5,1,2026-04-04,left
E04850,周超*,女,1990,2025-10-19,,,,D01,L1,0,2026-04-17,active
E04851,曹兰*,男,2003,2025-10-30,,,,D02,L4,1,2026-04-28,active
E04852,戚明*,男,1991,2025-10-11,,,,D12,L1,0,2026-04-09,active
E04853,沈素莲,男,1984,2025-10-07,,,,D01,L4,0,2026-04-05,active
E04854,卫芳*,男,2003,2025-10-22,,,,D05,L5,1,2026-01-20,active
E04855,曹莺静,男,1989,2025-10-15,,,,D06,L1,0,2026-01-13,active
E04856,蒋云静,男,2002,2025-10-13,,,,D12,L2,0,2026-04-11,active
E04857,吕霞华,男,1995,2025-10-29,,,,D06,L5,1,2026-01-27,active
E04858,秦磊翠,女,2001,2025-10-23,,,,D08,L4,1,2026-01-21,active
E04859,孙兰*,男,1994,2025-10-31,,,,D02,L3,0,2026-04-29,active
E04860,赵妹*,女,2003,2025-10-24,,,,D01,L1,0,2026-01-22,active
E04861,陈凤红,男,1996,2025-10-17,,,,D03,L4,0,2026-01-15,active
E04862,卫强*,未披露,1996,2025-10-09,,,,D01,L1,1,2026-04-07,active
E04863,朱强爱,男,2003,2025-10-12,,,,D03,L3,0,2026-01-10,active
E04864,尤娜媛,女,2003,2025-10-31,,,,D01,L2,0,2026-01-29,active
E04865,尤芝红,女,1998,2025-10-18,,,,D08,L2,0,2026-01-16,active
E04866,邹莺珠,男,1989,2025-10-10,,,,D11,L2,0,2026-01-08,active
E04867,施芝*,男,1991,2025-10-07,,,,D03,L1,0,2026-01-05,active
E04868,施瑞*,男,2003,2025-10-09,,,,D11,L4,1,2026-04-07,active
E04869,韩妹秀,男,1999,2025-10-15,,,,D04,L1,0,2026-01-13,active
E04870,姜娥*,男,1993,2025-10-23,,,,D05,L1,0,2026-01-21,active
E04871,王爱慧,女,1981,2025-10-08,,,,D01,L3,0,2026-01-06,active
E04872,孔芳*,女,1989,2025-10-18,,,,D01,L4,0,2026-01-16,active
E04873,秦芳*,男,1999,2025-10-27,,,,D01,L1,1,2026-01-25,active
E04874,戚艳*,男,1996,2025-10-30,,,,D01,L1,0,2026-04-28,active
E04875,李瑞瑞,男,1996,2025-10-22,,,,D02,L4,0,2026-01-20,active
E04876,秦红*,男,1992,2025-10-08,,,,D02,L3,0,2026-04-06,active
E04877,王美*,男,1993,2025-10-24,,,,D02,L1,0,2026-01-22,active
E04878,吴敏*,男,1998,2025-10-11,,,,D11,L2,0,2026-04-09,active
E04879,吕翠静,女,2000,2025-10-01,,,,D01,L1,0,2026-03-30,active
E04880,尤强*,男,2001,2025-10-02,,,,D08,L4,0,2025-12-31,active
E04881,孙华*,女,1999,2025-10-31,,,,D02,L3,0,2026-04-29,active
E04882,曹华怡,女,1991,2025-10-14,,,,D02,L2,0,2026-01-12,active
E04883,吴佳*,女,1992,2025-10-07,,,,D06,L5,0,2026-01-05,active
E04884,华瑞*,男,1994,2025-10-27,,,,D04,L7,1,2026-04-25,active
E04885,张娥芬,男,1984,2025-10-24,,,,D08,L1,0,2026-04-22,active
E04886,孔涛*,男,1997,2025-10-29,,,,D01,L2,0,2026-01-27,active
E04887,吴涛*,女,1998,2025-10-04,,,,D03,L4,1,2026-01-02,active
E04888,赵素娟,男,1981,2025-10-30,,,,D01,L1,1,2026-04-28,active
E04889,张娜*,女,1999,2025-10-27,,,,D08,L2,0,2026-01-25,active
E04890,金磊艳,男,2002,2025-10-29,,,,D01,L5,0,2026-01-27,active
E04891,孙华*,男,1985,2025-10-04,,,,D01,L1,0,2026-01-02,active
E04892,喻英静,男,2000,2025-10-11,,,,D11,L1,0,2026-04-09,active
E04893,郑玉*,男,1987,2025-10-19,,,,D07,L4,0,2026-01-17,active
E04894,卫佳*,男,1998,2025-10-07,,,,D02,L1,0,2026-01-05,active
E04895,邹勇*,男,1999,2025-10-31,,,,D02,L1,0,2026-01-29,active
E04896,周琳*,男,2002,2025-10-27,,,,D02,L7,1,2026-01-25,active
E04897,秦涛*,男,2003,2025-10-29,,,,D05,L3,0,2026-01-27,active
E04898,陶雪洁,女,2000,2025-10-09,,,,D12,L2,0,2026-04-07,active
E04899,王霞兰,女,1997,2025-10-29,,,,D11,L1,0,2026-01-27,active
E04900,何红*,男,1983,2025-10-28,,,,D02,L1,1,2026-01-26,active
E04901,秦爱秀,男,2001,2025-10-21,2025-12-01,invol,R06,D03,L1,0,2026-01-19,left
E04902,韩磊洁,女,1996,2025-10-21,,,,D04,L4,1,2026-01-19,active
E04903,赵凡强,男,2000,2025-10-07,,,,D01,L4,0,2026-01-05,active
E04904,韩艳真,男,2001,2025-10-12,,,,D11,L1,0,2026-01-10,active
E04905,冯杰芝,女,2003,2025-10-03,2025-12-15,vol,R04,D12,L3,0,2026-01-01,left
E04906,杨莺*,女,1999,2025-10-05,,,,D06,L3,0,2026-01-03,active
E04907,蒋珠*,女,1995,2025-10-11,,,,D02,L2,0,2026-01-09,active
E04908,陶月杰,男,1994,2025-10-08,,,,D01,L3,0,2026-01-06,active
E04909,金萍明,男,2001,2025-10-13,,,,D12,L1,0,2026-01-11,active
E04910,孙妹佳,男,1993,2025-10-11,,,,D02,L1,0,2026-01-09,active
E04911,周霞*,女,2002,2025-10-12,,,,D06,L1,0,2026-01-10,active
E04912,沈嘉*,男,1991,2025-10-09,,,,D03,L3,0,2026-01-07,active
E04913,孙佳*,女,1995,2025-10-27,,,,D01,L1,1,2026-01-25,active
E04914,吕佳*,女,1999,2025-10-01,,,,D05,L1,0,2025-12-30,active
E04915,孔超云,男,1998,2025-10-24,,,,D03,L4,0,2026-01-22,active
E04916,张梅*,男,1994,2025-10-20,,,,D07,L3,0,2026-01-18,active
E04917,秦彩莲,男,1997,2025-10-29,,,,D01,L3,0,2026-01-27,active
E04918,冯芳*,女,2002,2025-10-09,,,,D04,L1,0,2026-01-07,active
E04919,许云磊,男,2002,2025-10-13,,,,D07,L3,0,2026-04-11,active
E04920,周敏*,男,1998,2025-10-05,2025-12-24,vol,R02,D01,L6,0,2026-01-03,left
E04921,陈爱琳,女,1998,2025-10-15,,,,D01,L5,0,2026-01-13,active
E04922,赵真*,女,1982,2025-10-30,,,,D08,L5,0,2026-01-28,active
E04923,吴磊*,女,1995,2025-10-25,,,,D01,L4,0,2026-01-23,active
E04924,朱淑*,女,1996,2025-10-09,,,,D01,L6,0,2026-01-07,active
E04925,曹媛惠,女,1991,2025-10-18,,,,D05,L2,0,2026-01-16,active
E04926,喻娟*,男,1989,2025-10-03,2025-11-26,invol,R06,D01,L3,0,2026-01-01,left
E04927,谢彩*,男,1991,2025-10-03,,,,D01,L4,0,2026-01-01,active
E04928,戚娥*,女,1985,2025-10-19,,,,D05,L1,0,2026-01-17,active
E04929,杨勇静,女,1994,2025-11-17,,,,D01,L2,0,2026-02-15,active
E04930,姜芳媛,女,1987,2025-11-11,,,,D06,L1,0,2026-02-09,active
E04931,吴月*,男,1988,2025-11-13,,,,D03,L6,0,2026-02-11,active
E04932,姜环慧,女,1993,2025-11-22,,,,D06,L3,0,2026-05-21,active
E04933,何惠静,男,1998,2025-11-03,,,,D01,L1,0,2026-02-01,active
E04934,华凤翠,未披露,1991,2025-11-25,,,,D02,L1,0,2026-02-23,active
E04935,褚珠*,男,1994,2025-11-24,,,,D01,L2,0,2026-02-22,active
E04936,谢月*,男,1992,2025-11-13,,,,D01,L5,1,2026-05-12,active
E04937,姜红*,男,1999,2025-11-23,,,,D04,L5,1,2026-05-22,active
E04938,喻磊*,女,1999,2025-11-02,,,,D03,L1,0,2026-01-31,active
E04939,何红秀,男,1998,2025-11-07,,,,D04,L5,0,2026-02-05,active
E04940,魏妹*,男,1998,2025-11-11,,,,D03,L2,0,2026-02-09,active
E04941,曹素*,男,2001,2025-11-12,,,,D01,L2,0,2026-05-11,active
E04942,曹雅*,男,1993,2025-11-13,,,,D09,L5,1,2026-05-12,active
E04943,魏杰*,女,1995,2025-11-02,,,,D01,L1,0,2026-01-31,active
E04944,谢芳涛,男,2003,2025-11-29,,,,D01,L1,0,2026-05-28,active
E04945,朱杰*,女,1984,2025-11-19,,,,D01,L4,1,2026-05-18,active
E04946,姜敏英,男,1989,2025-11-16,,,,D01,L2,0,2026-02-14,active
E04947,钱敏*,男,2000,2025-11-04,,,,D03,L4,0,2026-02-02,active
E04948,尤巧娜,男,1991,2025-11-13,,,,D01,L1,0,2026-02-11,active
E04949,陈珠怡,女,1983,2025-11-14,,,,D11,L3,0,2026-02-12,active
E04950,魏春*,男,1996,2025-11-02,,,,D04,L1,1,2026-01-31,active
E04951,杨莲*,女,2003,2025-11-19,,,,D12,L1,0,2026-02-17,active
E04952,张芬*,男,1993,2025-11-14,,,,D02,L6,0,2026-02-12,active
E04953,何娜艳,女,1988,2025-11-30,,,,D03,L1,0,2026-02-28,active
E04954,李真*,男,1991,2025-11-16,,,,D02,L1,0,2026-02-14,active
E04955,张超*,男,2003,2025-11-26,,,,D03,L6,1,2026-02-24,active
E04956,卫艳*,女,1994,2025-11-02,,,,D08,L3,0,2026-01-31,active
E04957,孙彩*,女,1988,2025-11-09,,,,D06,L5,0,2026-02-07,active
E04958,钱敏明,男,1994,2025-11-17,,,,D05,L2,1,2026-02-15,active
E04959,华军*,女,1993,2025-11-11,,,,D01,L2,0,2026-02-09,active
E04960,邹娜敏,男,1983,2025-11-01,,,,D07,L3,0,2026-01-30,active
E04961,孔雪华,男,2001,2025-11-12,,,,D03,L4,0,2026-05-11,active
E04962,姜萍*,女,1996,2025-11-20,,,,D03,L1,0,2026-02-18,active
E04963,陶真华,女,1998,2025-11-10,,,,D01,L1,0,2026-02-08,active
E04964,卫芳玲,女,1991,2025-11-10,2025-12-26,invol,R06,D12,L6,0,2026-02-08,left
E04965,华素月,女,2000,2025-11-15,,,,D07,L7,0,2026-02-13,active
E04966,蒋燕琳,男,1992,2025-11-29,,,,D03,L2,0,2026-02-27,active
E04967,孔惠军,男,1995,2025-11-06,,,,D04,L3,0,2026-02-04,active
E04968,冯秀*,女,1996,2025-11-24,,,,D01,L4,0,2026-05-23,active
E04969,许敏勇,女,1996,2025-11-21,,,,D01,L1,1,2026-02-19,active
E04970,严怡静,女,1992,2025-11-05,,,,D05,L1,0,2026-02-03,active
E04971,褚爱艳,女,1994,2025-11-26,,,,D04,L1,0,2026-02-24,active
E04972,严嘉*,男,1994,2025-11-20,,,,D04,L6,0,2026-02-18,active
E04973,蒋敏*,女,1995,2025-11-18,,,,D06,L2,0,2026-02-16,active
E04974,褚春*,男,2003,2025-11-20,,,,D10,L1,0,2026-02-18,active
E04975,魏梅雪,男,1997,2025-11-29,,,,D04,L6,1,2026-02-27,active
E04976,华雅洁,男,1983,2025-11-05,,,,D12,L2,0,2026-02-03,active
E04977,赵佳娜,女,1991,2025-11-11,,,,D07,L4,0,2026-02-09,active
E04978,郑莺华,女,1991,2025-11-28,,,,D03,L3,0,2026-02-26,active
E04979,周芳杰,男,1990,2025-11-13,,,,D10,L1,0,2026-02-11,active
E04980,赵艳玲,女,1991,2025-11-11,,,,D01,L6,0,2026-05-10,active
E04981,邹芝*,男,1991,2025-11-12,,,,D03,L3,0,2026-02-10,active
E04982,陈娜*,女,1989,2025-11-01,,,,D04,L2,0,2026-04-30,active
E04983,魏艳*,女,1994,2025-11-26,,,,D06,L2,0,2026-05-25,active
E04984,魏彩*,男,1993,2025-11-15,,,,D04,L1,0,2026-02-13,active
E04985,陶彩*,男,1995,2025-11-29,,,,D05,L2,0,2026-05-28,active
E04986,张美*,女,1996,2025-11-02,,,,D01,L1,0,2026-01-31,active
E04987,何嘉*,男,1992,2025-11-29,,,,D03,L7,1,2026-02-27,active
E04988,王超*,男,1985,2025-11-24,,,,D01,L7,0,2026-05-23,active
E04989,杨勇涛,男,1990,2025-11-10,,,,D06,L3,0,2026-02-08,active
E04990,杨雅*,男,2001,2025-11-24,,,,D12,L1,1,2026-02-22,active
E04991,褚伟爱,男,2003,2025-11-09,,,,D03,L5,0,2026-05-08,active
E04992,陈杰娟,女,1996,2025-11-27,,,,D10,L1,0,2026-02-25,active
E04993,韩艳*,男,1976,2025-11-28,,,,D12,L1,0,2026-02-26,active
E04994,孔霞*,男,1990,2025-11-13,,,,D01,L3,0,2026-02-11,active
E04995,秦菊雪,女,1989,2025-11-27,,,,D08,L5,1,2026-05-26,active
E04996,何嘉*,女,1998,2025-11-08,,,,D01,L3,0,2026-05-07,active
E04997,杨娜欣,女,2003,2025-11-04,,,,D01,L6,1,2026-02-02,active
E04998,陈玲娥,女,2000,2025-11-19,,,,D02,L4,1,2026-02-17,active
E04999,李琳莲,男,2002,2025-11-11,,,,D01,L3,0,2026-02-09,active
E05000,蒋军艳,女,1996,2025-11-15,,,,D11,L1,0,2026-02-13,active
E05001,冯伟强,女,1991,2025-11-02,,,,D04,L3,1,2026-05-01,active
E05002,喻凤妹,女,2003,2025-11-19,,,,D05,L2,0,2026-05-18,active
E05003,褚凡*,女,1992,2025-11-26,,,,D01,L1,0,2026-02-24,active
E05004,魏洁*,女,1991,2025-11-21,,,,D03,L4,0,2026-02-19,active
E05005,吕佳*,男,1995,2025-11-19,,,,D01,L6,0,2026-05-18,active
E05006,施月*,女,1995,2025-11-17,,,,D02,L1,0,2026-02-15,active
E05007,朱云华,男,1997,2025-11-19,,,,D10,L4,1,2026-05-18,active
E05008,华淑*,女,1986,2025-11-28,,,,D02,L5,0,2026-02-26,active
E05009,张梅杰,男,1986,2025-11-16,,,,D01,L1,0,2026-02-14,active
E05010,钱伟*,女,1998,2025-11-20,,,,D04,L5,0,2026-02-18,active
E05011,金瑞霞,女,2003,2025-11-05,,,,D01,L4,1,2026-02-03,active
E05012,秦琳雪,男,1998,2025-11-23,,,,D01,L3,1,2026-02-21,active
E05013,卫春*,男,2002,2025-11-24,,,,D06,L1,0,2026-02-22,active
E05014,吕莲香,男,1987,2025-11-14,,,,D10,L1,1,2026-02-12,active
E05015,冯英娟,女,1994,2025-11-23,,,,D04,L3,0,2026-02-21,active
E05016,何美*,男,1994,2025-11-04,,,,D11,L4,1,2026-02-02,active
E05017,吕雅*,男,1999,2025-11-16,,,,D05,L5,0,2026-05-15,active
E05018,吴瑞*,男,1992,2025-11-28,,,,D05,L1,0,2026-02-26,active
E05019,孔芳菊,男,2003,2025-11-28,,,,D09,L5,0,2026-02-26,active
E05020,冯欣娜,女,1997,2025-11-18,,,,D10,L3,0,2026-02-16,active
E05021,喻秀*,男,1996,2025-11-24,,,,D02,L4,0,2026-02-22,active
E05022,卫芳*,男,1996,2025-11-12,,,,D01,L1,0,2026-02-10,active
E05023,许佳玉,男,1992,2025-11-27,,,,D08,L4,0,2026-02-25,active
E05024,卫菊娟,男,1996,2025-11-01,,,,D09,L4,1,2026-01-30,active
E05025,杨琳丽,男,1999,2025-11-11,,,,D05,L1,0,2026-02-09,active
E05026,孔雪*,未披露,2003,2025-11-06,,,,D02,L2,0,2026-02-04,active
E05027,戚玉*,男,1993,2025-11-10,,,,D04,L4,0,2026-02-08,active
E05028,严秀*,男,1983,2025-11-12,,,,D02,L1,0,2026-02-10,active
E05029,韩荣伟,女,1995,2025-11-14,,,,D06,L3,0,2026-02-12,active
E05030,沈香杰,女,1992,2025-11-04,,,,D12,L4,0,2026-02-02,active
E05031,吴娥淑,男,1996,2025-11-17,,,,D06,L2,0,2026-05-16,active
E05032,吕云超,男,2000,2025-11-15,,,,D02,L2,0,2026-05-14,active
E05033,韩娜萍,女,1990,2025-11-28,,,,D05,L1,0,2026-05-27,active
E05034,冯嘉伟,女,1991,2025-11-03,,,,D05,L6,0,2026-05-02,active
E05035,孙玉伟,女,1991,2025-11-04,,,,D05,L3,0,2026-02-02,active
E05036,施娥*,男,1992,2025-11-13,,,,D03,L1,0,2026-02-11,active
E05037,许艳*,男,1993,2025-11-06,,,,D12,L1,0,2026-02-04,active
E05038,杨燕珠,女,1993,2025-11-14,,,,D01,L1,0,2026-02-12,active
E05039,郑琳*,女,2001,2025-11-09,,,,D03,L2,0,2026-02-07,active
E05040,韩雪欣,女,1996,2025-11-14,,,,D03,L4,1,2026-05-13,active
E05041,沈洋*,男,1988,2025-11-06,,,,D12,L1,1,2026-02-04,active
E05042,周美*,男,1984,2025-11-28,,,,D05,L1,0,2026-02-26,active
E05043,尤萍琳,女,1981,2025-11-22,,,,D07,L2,0,2026-05-21,active
E05044,李军彩,男,1994,2025-11-15,,,,D06,L7,0,2026-02-13,active
E05045,卫敏英,女,1997,2025-11-17,,,,D03,L4,0,2026-02-15,active
E05046,张香*,女,1995,2025-11-25,,,,D11,L1,0,2026-02-23,active
E05047,谢春*,男,2003,2025-12-04,,,,D11,L5,1,2026-03-04,active
E05048,王欣惠,男,1988,2025-12-28,,,,D04,L3,0,2026-03-28,active
E05049,吕芳娜,女,1994,2025-12-12,,,,D08,L4,0,2026-06-10,active
E05050,喻欣琳,女,1996,2025-12-05,,,,D10,L5,0,2026-03-05,active
E05051,周霞荣,女,1992,2025-12-05,,,,D06,L1,0,2026-03-05,active
E05052,韩嘉*,女,2000,2025-12-05,,,,D03,L1,1,2026-03-05,active
E05053,陶兰芬,女,1996,2025-12-25,,,,D03,L3,0,2026-03-25,active
E05054,尤霞*,女,1993,2025-12-09,,,,D01,L3,0,2026-03-09,active
E05055,尤红芝,女,1990,2025-12-31,,,,D01,L5,1,2026-03-31,active
E05056,蒋霞*,女,2002,2025-12-08,,,,D01,L2,0,2026-03-08,active
E05057,尤彩玲,女,2001,2025-12-19,,,,D06,L1,0,2026-06-17,active
E05058,周娟*,男,1988,2025-12-27,,,,D08,L5,1,2026-03-27,active
E05059,姜洁莲,女,2001,2025-12-10,,,,D02,L7,0,2026-03-10,active
E05060,魏月*,男,1986,2025-12-16,,,,D09,L1,0,2026-06-14,active
E05061,孔琳*,女,1991,2025-12-01,,,,D08,L5,1,2026-03-01,active
E05062,秦美珠,女,1991,2025-12-10,,,,D01,L4,1,2026-03-10,active
E05063,许荣娜,女,1996,2025-12-04,,,,D03,L3,0,2026-03-04,active
E05064,吴真环,男,2001,2025-12-17,,,,D04,L2,0,2026-03-17,active
E05065,韩强芳,男,1991,2025-12-15,,,,D02,L3,0,2026-03-15,active
E05066,钱素*,男,1995,2025-12-17,,,,D02,L2,0,2026-06-15,active
E05067,尤静*,男,1993,2025-12-02,,,,D05,L6,1,2026-03-02,active
E05068,冯磊素,未披露,1996,2025-12-15,,,,D06,L3,0,2026-03-15,active
E05069,尤媛*,女,2001,2025-12-26,,,,D01,L6,0,2026-03-26,active
E05070,尤淑磊,女,1989,2025-12-01,,,,D04,L3,0,2026-05-30,active
E05071,喻雅淑,女,2002,2025-12-16,,,,D01,L5,0,2026-03-16,active
E05072,沈雪*,女,2002,2025-12-03,,,,D05,L2,0,2026-06-01,active
E05073,华洁杰,女,1996,2025-12-24,,,,D04,L2,0,2026-03-24,active
E05074,李瑞菊,男,1999,2025-12-19,,,,D03,L1,0,2026-06-17,active
E05075,金雅*,男,1996,2025-12-04,,,,D03,L1,1,2026-03-04,active
E05076,吕萍*,女,1984,2025-12-22,,,,D08,L1,0,2026-03-22,active
E05077,喻佳素,女,1998,2025-12-18,,,,D01,L2,0,2026-03-18,active
E05078,陶静*,女,1986,2025-12-07,,,,D01,L2,0,2026-06-05,active
E05079,陶美*,男,1988,2025-12-17,,,,D10,L5,1,2026-03-17,active
E05080,钱春*,男,1992,2025-12-29,,,,D04,L5,0,2026-03-29,active
E05081,邹彩艳,男,1988,2025-12-02,,,,D07,L2,0,2026-03-02,active
E05082,金敏明,男,2002,2025-12-24,,,,D04,L1,0,2026-03-24,active
E05083,吕丽*,女,1993,2025-12-01,,,,D02,L4,1,2026-03-01,active
E05084,吕军*,女,1985,2025-12-04,,,,D10,L7,0,2026-03-04,active
E05085,姜玲*,女,1991,2025-12-27,,,,D02,L3,0,2026-03-27,active
E05086,周玲*,男,1996,2025-12-09,,,,D09,L3,0,2026-06-07,active
E05087,蒋艳涛,男,1993,2025-12-14,,,,D03,L1,0,2026-03-14,active
E05088,戚敏欣,男,1999,2025-12-15,,,,D01,L3,0,2026-03-15,active
E05089,钱玉凡,女,1994,2025-12-24,,,,D11,L4,0,2026-03-24,active
E05090,韩娥*,女,2003,2025-12-20,,,,D01,L2,0,2026-03-20,active
E05091,魏芝*,女,1991,2025-12-19,,,,D01,L2,0,2026-06-17,active
E05092,张勇芳,男,1993,2025-12-05,,,,D02,L2,1,2026-03-05,active
E05093,施巧丽,女,1997,2025-12-27,,,,D01,L1,0,2026-03-27,active
E05094,尤春静,女,1997,2025-12-12,,,,D05,L4,1,2026-03-12,active
E05095,蒋巧*,女,1985,2025-12-27,,,,D04,L3,0,2026-03-27,active
E05096,李静*,男,1999,2025-12-04,,,,D02,L1,0,2026-03-04,active
E05097,姜素*,女,2002,2025-12-03,,,,D09,L2,0,2026-03-03,active
E05098,陶芝欣,男,2000,2025-12-22,,,,D10,L1,0,2026-03-22,active
E05099,王伟翠,男,1991,2025-12-11,,,,D05,L4,1,2026-03-11,active
E05100,冯丽*,男,2003,2025-12-08,,,,D05,L2,0,2026-03-08,active
E05101,华华凡,女,1987,2025-12-07,,,,D11,L2,0,2026-03-07,active
E05102,沈瑞莺,女,2000,2025-12-11,,,,D10,L4,1,2026-03-11,active
E05103,吴英*,男,1993,2025-12-15,,,,D08,L1,0,2026-03-15,active
E05104,金英莺,女,1988,2025-12-06,,,,D01,L2,0,2026-06-04,active
E05105,冯洁*,男,2001,2025-12-12,,,,D03,L2,0,2026-03-12,active
E05106,王艳*,男,1983,2025-12-07,,,,D02,L5,1,2026-03-07,active
E05107,尤强*,男,1985,2025-12-08,,,,D01,L1,0,2026-06-06,active
E05108,邹娥素,男,1986,2025-12-27,,,,D01,L2,0,2026-06-25,active
E05109,戚娟*,男,1998,2025-12-03,,,,D08,L1,0,2026-03-03,active
E05110,李燕磊,女,1995,2025-12-10,,,,D12,L1,0,2026-03-10,active
E05111,卫媛*,女,1997,2025-12-07,,,,D03,L4,0,2026-03-07,active
E05112,戚伟彩,男,1992,2025-12-31,,,,D08,L2,0,2026-03-31,active
E05113,魏慧*,女,1998,2025-12-27,,,,D10,L2,0,2026-03-27,active
E05114,李菊*,男,1999,2025-12-01,,,,D12,L6,1,2026-05-30,active
E05115,吴凡秀,女,1982,2025-12-21,,,,D03,L1,0,2026-03-21,active
E05116,何秀*,女,1976,2025-12-15,,,,D08,L3,0,2026-06-13,active
E05117,魏芳巧,女,1996,2025-12-15,,,,D04,L2,0,2026-03-15,active
E05118,卫菊霞,男,2000,2025-12-24,,,,D02,L3,0,2026-03-24,active
E05119,谢洁静,男,1991,2025-12-20,,,,D06,L4,1,2026-03-20,active
E05120,郑琳芳,男,2002,2025-12-12,,,,D08,L1,0,2026-03-12,active
E05121,李杰*,女,1992,2025-12-08,,,,D01,L2,0,2026-03-08,active
E05122,冯环*,男,1989,2025-12-29,,,,D09,L2,0,2026-03-29,active
E05123,吴环*,男,1997,2025-12-29,,,,D11,L5,1,2026-03-29,active
E05124,李翠*,女,1993,2025-12-31,,,,D06,L3,1,2026-03-31,active
E05125,韩彩*,男,1994,2025-12-22,,,,D11,L5,1,2026-06-20,active
E05126,曹强伟,男,1992,2025-12-21,,,,D03,L2,0,2026-06-19,active
E05127,蒋洋爱,女,1991,2025-12-10,,,,D08,L3,0,2026-03-10,active
E05128,周菊芳,女,2003,2025-12-10,,,,D11,L5,0,2026-03-10,active
E05129,周菊*,男,1980,2025-12-18,,,,D10,L4,0,2026-03-18,active
E05130,卫强*,男,1991,2025-12-20,,,,D07,L1,0,2026-03-20,active
E05131,周静*,男,2003,2025-12-31,,,,D01,L6,0,2026-03-31,active
E05132,姜惠*,男,1997,2025-12-16,,,,D01,L1,0,2026-03-16,active
E05133,许芳霞,男,1998,2025-12-06,,,,D01,L1,0,2026-03-06,active
E05134,郑素强,女,1995,2025-12-16,,,,D05,L1,0,2026-06-14,active
E05135,秦瑞梅,男,2003,2025-12-21,,,,D01,L2,0,2026-03-21,active
E05136,赵淑*,女,1989,2025-12-19,,,,D03,L1,0,2026-03-19,active
E05137,吕巧*,男,1990,2025-12-23,,,,D01,L2,0,2026-03-23,active
E05138,杨明*,女,1990,2025-12-14,,,,D03,L1,0,2026-03-14,active
E05139,严妹*,男,1994,2025-12-03,,,,D01,L1,0,2026-03-03,active
E05140,许英凤,男,1991,2025-12-31,,,,D01,L5,1,2026-03-31,active
E05141,褚菊欣,女,1991,2025-12-07,,,,D03,L5,0,2026-03-07,active
E05142,周霞*,男,1992,2025-12-28,,,,D02,L2,0,2026-06-26,active
E05143,王莺*,男,1995,2025-12-12,,,,D06,L4,0,2026-06-10,active
E05144,邹霞军,男,1991,2025-12-23,,,,D01,L2,0,2026-03-23,active
E05145,韩玉雅,男,1987,2025-12-10,,,,D01,L2,0,2026-06-08,active
E05146,许杰*,男,1990,2025-12-18,,,,D01,L3,1,2026-03-18,active
E05147,赵琳月,男,1999,2025-12-08,,,,D05,L1,0,2026-03-08,active
E05148,韩娜*,女,1999,2025-12-14,,,,D01,L6,0,2026-06-12,active
E05149,蒋艳*,女,1992,2025-12-19,,,,D01,L6,0,2026-06-17,active
E05150,冯萍*,男,1991,2025-12-15,,,,D02,L1,0,2026-03-15,active
E05151,张怡*,女,1996,2025-12-27,,,,D02,L4,1,2026-03-27,active
E05152,周涛*,男,2003,2025-12-05,,,,D01,L1,0,2026-03-05,active
E05153,姜云*,男,1994,2025-12-20,,,,D03,L4,0,2026-03-20,active
E05154,曹芬*,女,1992,2025-12-22,,,,D01,L3,0,2026-03-22,active
E05155,何超磊,男,1998,2025-12-19,,,,D02,L2,0,2026-06-17,active
E05156,曹美*,未披露,2000,2025-12-05,,,,D06,L4,1,2026-03-05,active
E05157,孔春爱,女,1998,2025-12-09,,,,D07,L3,0,2026-03-09,active
E05158,王雅*,男,1989,2025-12-30,,,,D03,L2,0,2026-06-28,active
E05159,严芬巧,男,2003,2025-12-12,,,,D05,L2,0,2026-06-10,active
E05160,吴欣*,男,1998,2025-12-13,,,,D04,L6,0,2026-03-13,active
E05161,魏莺*,男,1996,2025-12-09,,,,D02,L3,0,2026-03-09,active
E05162,陶洁*,男,1995,2025-12-25,,,,D01,L3,1,2026-03-25,active
E05163,王彩梅,男,1987,2025-12-17,,,,D04,L6,1,2026-06-15,active
E05164,施欣翠,男,1977,2025-12-01,,,,D05,L4,0,2026-03-01,active
E05165,谢霞*,女,1997,2025-12-08,,,,D03,L1,0,2026-03-08,active
E05166,陈荣*,男,2003,2025-12-05,,,,D01,L3,0,2026-06-03,active
E05167,卫娜玉,女,1999,2025-12-20,,,,D01,L1,0,2026-03-20,active
E05168,朱玲丽,女,1993,2025-12-27,,,,D01,L2,0,2026-03-27,active
E05169,何欣*,女,1999,2025-12-05,,,,D11,L3,0,2026-03-05,active
E05170,王巧*,男,1992,2025-12-11,,,,D02,L2,0,2026-03-11,active
E05171,冯香*,男,1985,2025-12-06,,,,D05,L1,0,2026-03-06,active
E05172,韩英*,女,1993,2025-12-15,,,,D12,L4,0,2026-06-13,active
E05173,钱云*,女,1994,2025-12-24,,,,D01,L1,1,2026-03-24,active
E05174,喻秀*,女,1997,2025-12-08,,,,D01,L7,1,2026-03-08,active
E05175,许莲*,男,1992,2025-12-15,,,,D01,L2,0,2026-03-15,active
E05176,吕华*,女,2002,2025-12-26,,,,D01,L1,0,2026-06-24,active
E05177,吕静*,男,1997,2025-12-19,,,,D11,L6,1,2026-03-19,active
E05178,卫涛*,男,1991,2025-12-31,,,,D11,L1,0,2026-06-29,active
E05179,尤静*,男,1992,2025-12-02,,,,D01,L1,0,2026-03-02,active
E05180,戚嘉*,男,1982,2025-12-05,,,,D01,L2,0,2026-03-05,active
E05181,周月*,男,1992,2025-12-14,,,,D12,L5,0,2026-06-12,active
E05182,华怡珠,女,1993,2025-12-21,,,,D01,L6,0,2026-03-21,active
E05183,邹佳惠,男,1990,2025-12-06,,,,D02,L3,0,2026-03-06,active
E05184,韩丽*,男,1993,2025-12-16,,,,D02,L6,0,2026-03-16,active
E05185,何燕芝,男,1995,2025-12-15,,,,D02,L1,0,2026-06-13,active
E05186,郑芝艳,女,2003,2025-12-27,,,,D07,L2,0,2026-03-27,active
E05187,陶玉*,女,1993,2025-12-07,,,,D10,L2,0,2026-03-07,active
E05188,蒋华红,男,1996,2025-12-17,,,,D06,L1,0,2026-03-17,active
E05189,李怡*,女,2003,2025-12-10,,,,D01,L4,0,2026-03-10,active
E05190,施雅洁,男,1991,2025-12-04,,,,D01,L5,1,2026-06-02,active
E05191,郑梅凤,女,1995,2025-12-21,,,,D11,L4,0,2026-03-21,active
E05192,魏芬*,女,1997,2025-12-24,,,,D10,L2,0,2026-03-24,active
