event_id,employee_id,event_type,event_date,event_month,from_dept,to_dept,from_level,to_level,reason_code,note
EV000001,E00001,hire,2020-09-23,2020-09,,D01,,L1,,
EV000002,E00002,hire,2024-12-08,2024-12,,D06,,L4,,
EV000003,E00003,hire,2024-05-21,2024-05,,D01,,L2,,
EV000004,E00004,hire,2020-10-19,2020-10,,D03,,L4,,
EV000005,E00005,hire,2024-05-06,2024-05,,D01,,L3,,
EV000006,E00006,hire,2020-03-31,2020-03,,D01,,L5,,
EV000007,E00007,hire,2019-12-17,2019-12,,D11,,L2,,
EV000008,E00008,hire,2024-01-14,2024-01,,D03,,L1,,
EV000009,E00009,hire,2021-09-05,2021-09,,D01,,L4,,
EV000010,E00010,hire,2019-11-30,2019-11,,D02,,L4,,
EV000011,E00011,hire,2017-06-25,2017-06,,D11,,L1,,
EV000012,E00012,hire,2024-09-15,2024-09,,D11,,L6,,
EV000013,E00013,hire,2021-08-14,2021-08,,D01,,L2,,
EV000014,E00014,hire,2021-03-14,2021-03,,D01,,L3,,
EV000015,E00015,hire,2021-08-03,2021-08,,D11,,L2,,
EV000016,E00016,hire,2020-07-17,2020-07,,D03,,L2,,
EV000017,E00017,hire,2023-08-26,2023-08,,D01,,L5,,
EV000018,E00018,hire,2022-10-11,2022-10,,D12,,L1,,
EV000019,E00019,hire,2021-06-13,2021-06,,D11,,L3,,
EV000020,E00020,hire,2024-10-25,2024-10,,D11,,L1,,
EV000021,E00021,hire,2021-02-03,2021-02,,D01,,L2,,
EV000022,E00022,hire,2022-04-29,2022-04,,D01,,L3,,
EV000023,E00023,hire,2024-10-18,2024-10,,D11,,L4,,
EV000024,E00024,hire,2018-04-26,2018-04,,D05,,L1,,
EV000025,E00025,hire,2022-01-25,2022-01,,D04,,L1,,
EV000026,E00026,hire,2017-08-10,2017-08,,D11,,L5,,
EV000027,E00027,hire,2018-02-06,2018-02,,D11,,L3,,
EV000028,E00028,hire,2019-10-07,2019-10,,D06,,L2,,
EV000029,E00029,hire,2024-11-17,2024-11,,D01,,L2,,
EV000030,E00030,hire,2019-05-25,2019-05,,D01,,L2,,
EV000031,E00031,hire,2023-09-30,2023-09,,D03,,L2,,
EV000032,E00032,hire,2019-01-27,2019-01,,D03,,L1,,
EV000033,E00033,hire,2023-04-25,2023-04,,D01,,L2,,
EV000034,E00034,hire,2022-07-03,2022-07,,D05,,L2,,
EV000035,E00035,hire,2020-06-12,2020-06,,D03,,L3,,
EV000036,E00036,hire,2024-10-06,2024-10,,D06,,L3,,
EV000037,E00037,hire,2018-07-09,2018-07,,D03,,L4,,
EV000038,E00038,hire,2023-05-13,2023-05,,D03,,L4,,
EV000039,E00039,hire,2023-08-20,2023-08,,D01,,L4,,
EV000040,E00040,hire,2024-10-18,2024-10,,D03,,L2,,
EV000041,E00041,hire,2023-07-02,2023-07,,D03,,L4,,
EV000042,E00042,hire,2023-03-27,2023-03,,D01,,L5,,
EV000043,E00043,hire,2024-03-31,2024-03,,D01,,L4,,
EV000044,E00044,hire,2023-02-10,2023-02,,D01,,L6,,
EV000045,E00045,hire,2017-07-20,2017-07,,D01,,L3,,
EV000046,E00046,hire,2020-05-03,2020-05,,D10,,L4,,
EV000047,E00047,hire,2017-03-09,2017-03,,D02,,L3,,
EV000048,E00048,hire,2022-04-20,2022-04,,D09,,L4,,
EV000049,E00049,hire,2023-11-18,2023-11,,D01,,L3,,
EV000050,E00050,hire,2023-03-09,2023-03,,D04,,L1,,
EV000051,E00051,hire,2022-02-18,2022-02,,D03,,L2,,
EV000052,E00052,hire,2023-04-08,2023-04,,D07,,L1,,
EV000053,E00053,hire,2021-02-22,2021-02,,D12,,L2,,
EV000054,E00054,hire,2020-03-01,2020-03,,D02,,L4,,
EV000055,E00055,hire,2018-07-04,2018-07,,D04,,L3,,
EV000056,E00056,hire,2021-01-28,2021-01,,D05,,L3,,
EV000057,E00057,hire,2017-07-28,2017-07,,D02,,L1,,
EV000058,E00058,hire,2020-01-18,2020-01,,D01,,L1,,
EV000059,E00059,hire,2023-09-29,2023-09,,D12,,L4,,
EV000060,E00060,hire,2024-10-07,2024-10,,D04,,L4,,
EV000061,E00061,hire,2021-10-10,2021-10,,D06,,L3,,
EV000062,E00062,hire,2023-04-10,2023-04,,D02,,L6,,
EV000063,E00063,hire,2021-11-07,2021-11,,D04,,L1,,
EV000064,E00064,hire,2022-06-12,2022-06,,D01,,L6,,
EV000065,E00065,hire,2022-04-16,2022-04,,D04,,L2,,
EV000066,E00066,hire,2017-10-29,2017-10,,D01,,L1,,
EV000067,E00067,hire,2019-11-06,2019-11,,D02,,L2,,
EV000068,E00068,hire,2020-02-16,2020-02,,D06,,L5,,
EV000069,E00069,hire,2022-01-04,2022-01,,D11,,L1,,
EV000070,E00070,hire,2024-10-08,2024-10,,D11,,L4,,
EV000071,E00071,hire,2024-10-05,2024-10,,D02,,L1,,
EV000072,E00072,hire,2023-05-08,2023-05,,D05,,L2,,
EV000073,E00073,hire,2020-04-10,2020-04,,D01,,L1,,
EV000074,E00074,hire,2017-02-14,2017-02,,D01,,L2,,
EV000075,E00075,hire,2021-04-19,2021-04,,D08,,L1,,
EV000076,E00076,hire,2019-02-12,2019-02,,D02,,L3,,
EV000077,E00077,hire,2021-04-08,2021-04,,D01,,L1,,
EV000078,E00078,hire,2017-11-30,2017-11,,D12,,L2,,
EV000079,E00079,hire,2019-11-19,2019-11,,D05,,L4,,
EV000080,E00080,hire,2024-08-17,2024-08,,D11,,L3,,
EV000081,E00081,hire,2022-09-17,2022-09,,D12,,L1,,
EV000082,E00082,hire,2021-07-31,2021-07,,D01,,L1,,
EV000083,E00083,hire,2022-06-04,2022-06,,D01,,L3,,
EV000084,E00084,hire,2022-05-03,2022-05,,D01,,L3,,
EV000085,E00085,hire,2024-02-08,2024-02,,D08,,L4,,
EV000086,E00086,hire,2018-06-14,2018-06,,D07,,L4,,
EV000087,E00087,hire,2022-02-22,2022-02,,D12,,L6,,
EV000088,E00088,hire,2022-02-13,2022-02,,D01,,L1,,
EV000089,E00089,hire,2021-03-14,2021-03,,D11,,L3,,
EV000090,E00090,hire,2018-11-03,2018-11,,D01,,L1,,
EV000091,E00091,hire,2024-09-15,2024-09,,D06,,L1,,
EV000092,E00092,hire,2018-06-11,2018-06,,D10,,L3,,
EV000093,E00093,hire,2021-06-24,2021-06,,D01,,L5,,
EV000094,E00094,hire,2019-07-05,2019-07,,D01,,L1,,
EV000095,E00095,hire,2022-12-07,2022-12,,D05,,L4,,
EV000096,E00096,hire,2020-06-23,2020-06,,D06,,L2,,
EV000097,E00097,hire,2021-09-20,2021-09,,D01,,L1,,
EV000098,E00098,hire,2022-07-15,2022-07,,D07,,L4,,
EV000099,E00099,hire,2024-10-02,2024-10,,D09,,L2,,
EV000100,E00100,hire,2024-09-23,2024-09,,D08,,L3,,
EV000101,E00101,hire,2020-09-28,2020-09,,D01,,L4,,
EV000102,E00102,hire,2020-07-25,2020-07,,D01,,L3,,
EV000103,E00103,hire,2022-06-06,2022-06,,D11,,L1,,
EV000104,E00104,hire,2020-11-29,2020-11,,D02,,L3,,
EV000105,E00105,hire,2024-06-08,2024-06,,D04,,L7,,
EV000106,E00106,hire,2017-11-17,2017-11,,D04,,L2,,
EV000107,E00107,hire,2023-10-17,2023-10,,D02,,L1,,
EV000108,E00108,hire,2019-03-25,2019-03,,D03,,L5,,
EV000109,E00109,hire,2023-06-12,2023-06,,D01,,L7,,
EV000110,E00110,hire,2019-06-27,2019-06,,D02,,L1,,
EV000111,E00111,hire,2017-04-18,2017-04,,D12,,L3,,
EV000112,E00112,hire,2022-04-09,2022-04,,D05,,L3,,
EV000113,E00113,hire,2021-06-29,2021-06,,D12,,L1,,
EV000114,E00114,hire,2022-05-08,2022-05,,D01,,L2,,
EV000115,E00115,hire,2018-09-11,2018-09,,D01,,L5,,
EV000116,E00116,hire,2024-05-23,2024-05,,D08,,L1,,
EV000117,E00117,hire,2024-08-05,2024-08,,D06,,L1,,
EV000118,E00118,hire,2017-04-15,2017-04,,D05,,L3,,
EV000119,E00119,hire,2023-11-01,2023-11,,D04,,L3,,
EV000120,E00120,hire,2024-04-08,2024-04,,D01,,L2,,
EV000121,E00121,hire,2024-11-19,2024-11,,D01,,L1,,
EV000122,E00122,hire,2022-06-18,2022-06,,D08,,L5,,
EV000123,E00123,hire,2024-09-22,2024-09,,D06,,L3,,
EV000124,E00124,hire,2022-05-27,2022-05,,D05,,L5,,
EV000125,E00125,hire,2020-05-08,2020-05,,D04,,L1,,
EV000126,E00126,hire,2020-04-28,2020-04,,D12,,L4,,
EV000127,E00127,hire,2024-03-14,2024-03,,D01,,L1,,
EV000128,E00128,hire,2024-04-13,2024-04,,D02,,L4,,
EV000129,E00129,hire,2024-05-07,2024-05,,D04,,L7,,
EV000130,E00130,hire,2024-07-16,2024-07,,D01,,L2,,
EV000131,E00131,hire,2024-10-03,2024-10,,D11,,L4,,
EV000132,E00132,hire,2023-06-25,2023-06,,D05,,L4,,
EV000133,E00133,hire,2023-06-16,2023-06,,D01,,L3,,
EV000134,E00134,hire,2019-06-06,2019-06,,D03,,L4,,
EV000135,E00135,hire,2023-07-15,2023-07,,D07,,L2,,
EV000136,E00136,hire,2024-08-21,2024-08,,D01,,L1,,
EV000137,E00137,hire,2024-05-13,2024-05,,D12,,L1,,
EV000138,E00138,hire,2017-05-13,2017-05,,D10,,L1,,
EV000139,E00139,hire,2018-04-06,2018-04,,D07,,L3,,
EV000140,E00140,hire,2017-01-29,2017-01,,D05,,L6,,
EV000141,E00141,hire,2024-11-21,2024-11,,D05,,L5,,
EV000142,E00142,hire,2021-11-13,2021-11,,D05,,L4,,
EV000143,E00143,hire,2020-04-08,2020-04,,D05,,L6,,
EV000144,E00144,hire,2024-06-08,2024-06,,D06,,L6,,
EV000145,E00145,hire,2017-11-18,2017-11,,D04,,L7,,
EV000146,E00146,hire,2020-04-25,2020-04,,D06,,L1,,
EV000147,E00147,hire,2022-02-05,2022-02,,D02,,L1,,
EV000148,E00148,hire,2019-12-26,2019-12,,D01,,L3,,
EV000149,E00149,hire,2021-03-12,2021-03,,D01,,L1,,
EV000150,E00150,hire,2017-10-03,2017-10,,D01,,L5,,
EV000151,E00151,hire,2023-12-19,2023-12,,D07,,L1,,
EV000152,E00152,hire,2023-08-05,2023-08,,D03,,L3,,
EV000153,E00153,hire,2018-08-03,2018-08,,D01,,L4,,
EV000154,E00154,hire,2018-10-31,2018-10,,D01,,L2,,
EV000155,E00155,hire,2019-08-06,2019-08,,D03,,L3,,
EV000156,E00156,hire,2018-02-18,2018-02,,D01,,L3,,
EV000157,E00157,hire,2021-01-02,2021-01,,D06,,L4,,
EV000158,E00158,hire,2021-05-31,2021-05,,D01,,L5,,
EV000159,E00159,hire,2021-03-29,2021-03,,D06,,L1,,
EV000160,E00160,hire,2018-12-20,2018-12,,D01,,L1,,
EV000161,E00161,hire,2019-06-01,2019-06,,D12,,L7,,
EV000162,E00162,hire,2018-07-09,2018-07,,D03,,L3,,
EV000163,E00163,hire,2022-07-26,2022-07,,D05,,L1,,
EV000164,E00164,hire,2018-03-16,2018-03,,D03,,L1,,
EV000165,E00165,hire,2019-08-13,2019-08,,D01,,L5,,
EV000166,E00166,hire,2023-07-08,2023-07,,D02,,L3,,
EV000167,E00167,hire,2022-11-21,2022-11,,D08,,L2,,
EV000168,E00168,hire,2021-05-25,2021-05,,D04,,L1,,
EV000169,E00169,hire,2024-11-05,2024-11,,D11,,L1,,
EV000170,E00170,hire,2017-06-27,2017-06,,D03,,L1,,
EV000171,E00171,hire,2023-05-07,2023-05,,D11,,L1,,
EV000172,E00172,hire,2022-08-18,2022-08,,D02,,L4,,
EV000173,E00173,hire,2021-12-04,2021-12,,D01,,L2,,
EV000174,E00174,hire,2022-01-10,2022-01,,D01,,L6,,
EV000175,E00175,hire,2024-06-02,2024-06,,D04,,L3,,
EV000176,E00176,hire,2021-09-13,2021-09,,D01,,L2,,
EV000177,E00177,hire,2024-03-02,2024-03,,D09,,L1,,
EV000178,E00178,hire,2017-01-17,2017-01,,D03,,L1,,
EV000179,E00179,hire,2019-04-07,2019-04,,D01,,L5,,
EV000180,E00180,hire,2021-06-02,2021-06,,D01,,L5,,
EV000181,E00181,hire,2018-10-06,2018-10,,D01,,L4,,
EV000182,E00182,hire,2023-03-08,2023-03,,D02,,L2,,
EV000183,E00183,hire,2022-06-27,2022-06,,D07,,L4,,
EV000184,E00184,hire,2024-08-27,2024-08,,D04,,L2,,
EV000185,E00185,hire,2024-08-31,2024-08,,D04,,L2,,
EV000186,E00186,hire,2022-12-04,2022-12,,D08,,L1,,
EV000187,E00187,hire,2017-07-28,2017-07,,D03,,L1,,
EV000188,E00188,hire,2020-07-26,2020-07,,D02,,L2,,
EV000189,E00189,hire,2022-01-01,2022-01,,D12,,L4,,
EV000190,E00190,hire,2022-06-17,2022-06,,D01,,L1,,
EV000191,E00191,hire,2022-07-29,2022-07,,D06,,L2,,
EV000192,E00192,hire,2021-02-22,2021-02,,D12,,L1,,
EV000193,E00193,hire,2024-12-20,2024-12,,D12,,L4,,
EV000194,E00194,hire,2017-11-17,2017-11,,D02,,L6,,
EV000195,E00195,hire,2019-11-25,2019-11,,D04,,L1,,
EV000196,E00196,hire,2022-07-17,2022-07,,D05,,L2,,
EV000197,E00197,hire,2021-02-17,2021-02,,D01,,L4,,
EV000198,E00198,hire,2020-05-23,2020-05,,D03,,L3,,
EV000199,E00199,hire,2020-05-19,2020-05,,D03,,L2,,
EV000200,E00200,hire,2022-11-25,2022-11,,D01,,L3,,
EV000201,E00201,hire,2022-05-19,2022-05,,D06,,L1,,
EV000202,E00202,hire,2024-04-20,2024-04,,D03,,L4,,
EV000203,E00203,hire,2021-07-15,2021-07,,D07,,L7,,
EV000204,E00204,hire,2018-05-16,2018-05,,D07,,L2,,
EV000205,E00205,hire,2018-06-20,2018-06,,D02,,L1,,
EV000206,E00206,hire,2023-07-29,2023-07,,D11,,L3,,
EV000207,E00207,hire,2018-06-13,2018-06,,D01,,L5,,
EV000208,E00208,hire,2022-09-29,2022-09,,D05,,L5,,
EV000209,E00209,hire,2019-03-02,2019-03,,D01,,L1,,
EV000210,E00210,hire,2018-10-10,2018-10,,D11,,L5,,
EV000211,E00211,hire,2018-05-11,2018-05,,D01,,L3,,
EV000212,E00212,hire,2024-01-30,2024-01,,D06,,L1,,
EV000213,E00213,hire,2023-12-26,2023-12,,D04,,L5,,
EV000214,E00214,hire,2023-02-21,2023-02,,D07,,L1,,
EV000215,E00215,hire,2022-11-16,2022-11,,D01,,L1,,
EV000216,E00216,hire,2024-03-13,2024-03,,D03,,L1,,
EV000217,E00217,hire,2021-09-24,2021-09,,D01,,L5,,
EV000218,E00218,hire,2023-10-10,2023-10,,D03,,L6,,
EV000219,E00219,hire,2024-06-03,2024-06,,D01,,L4,,
EV000220,E00220,hire,2022-06-24,2022-06,,D01,,L1,,
EV000221,E00221,hire,2021-12-22,2021-12,,D02,,L1,,
EV000222,E00222,hire,2021-09-30,2021-09,,D04,,L3,,
EV000223,E00223,hire,2023-10-25,2023-10,,D02,,L4,,
EV000224,E00224,hire,2017-06-12,2017-06,,D06,,L5,,
EV000225,E00225,hire,2024-10-01,2024-10,,D08,,L1,,
EV000226,E00226,hire,2024-09-15,2024-09,,D12,,L1,,
EV000227,E00227,hire,2019-05-10,2019-05,,D05,,L2,,
EV000228,E00228,hire,2019-11-17,2019-11,,D11,,L7,,
EV000229,E00229,hire,2020-02-11,2020-02,,D01,,L3,,
EV000230,E00230,hire,2023-05-21,2023-05,,D08,,L4,,
EV000231,E00231,hire,2024-08-15,2024-08,,D08,,L6,,
EV000232,E00232,hire,2020-01-21,2020-01,,D01,,L5,,
EV000233,E00233,hire,2018-12-07,2018-12,,D09,,L4,,
EV000234,E00234,hire,2018-11-18,2018-11,,D11,,L6,,
EV000235,E00235,hire,2018-01-09,2018-01,,D03,,L6,,
EV000236,E00236,hire,2023-08-27,2023-08,,D04,,L1,,
EV000237,E00237,hire,2023-08-26,2023-08,,D03,,L1,,
EV000238,E00238,hire,2023-02-28,2023-02,,D01,,L2,,
EV000239,E00239,hire,2021-09-03,2021-09,,D02,,L3,,
EV000240,E00240,hire,2018-09-03,2018-09,,D04,,L2,,
EV000241,E00241,hire,2017-02-06,2017-02,,D05,,L1,,
EV000242,E00242,hire,2023-03-22,2023-03,,D12,,L5,,
EV000243,E00243,hire,2022-10-24,2022-10,,D12,,L4,,
EV000244,E00244,hire,2019-04-08,2019-04,,D01,,L4,,
EV000245,E00245,hire,2018-07-31,2018-07,,D01,,L6,,
EV000246,E00246,hire,2023-05-01,2023-05,,D01,,L1,,
EV000247,E00247,hire,2023-02-26,2023-02,,D01,,L2,,
EV000248,E00248,hire,2018-06-08,2018-06,,D01,,L1,,
EV000249,E00249,hire,2023-03-12,2023-03,,D05,,L6,,
EV000250,E00250,hire,2024-11-04,2024-11,,D01,,L1,,
EV000251,E00251,hire,2021-04-22,2021-04,,D01,,L2,,
EV000252,E00252,hire,2024-10-03,2024-10,,D11,,L2,,
EV000253,E00253,hire,2022-05-27,2022-05,,D12,,L3,,
EV000254,E00254,hire,2021-06-23,2021-06,,D01,,L2,,
EV000255,E00255,hire,2019-12-20,2019-12,,D12,,L7,,
EV000256,E00256,hire,2022-07-27,2022-07,,D04,,L5,,
EV000257,E00257,hire,2021-10-22,2021-10,,D08,,L2,,
EV000258,E00258,hire,2018-04-13,2018-04,,D05,,L3,,
EV000259,E00259,hire,2022-09-28,2022-09,,D02,,L4,,
EV000260,E00260,hire,2020-04-12,2020-04,,D01,,L6,,
EV000261,E00261,hire,2018-11-13,2018-11,,D10,,L3,,
EV000262,E00262,hire,2024-12-06,2024-12,,D02,,L1,,
EV000263,E00263,hire,2022-10-21,2022-10,,D09,,L2,,
EV000264,E00264,hire,2018-10-31,2018-10,,D01,,L2,,
EV000265,E00265,hire,2024-12-20,2024-12,,D02,,L4,,
EV000266,E00266,hire,2023-10-22,2023-10,,D04,,L3,,
EV000267,E00267,hire,2023-08-20,2023-08,,D07,,L2,,
EV000268,E00268,hire,2019-01-18,2019-01,,D03,,L2,,
EV000269,E00269,hire,2024-11-17,2024-11,,D01,,L4,,
EV000270,E00270,hire,2023-07-11,2023-07,,D02,,L1,,
EV000271,E00271,hire,2023-06-12,2023-06,,D01,,L1,,
EV000272,E00272,hire,2021-09-06,2021-09,,D11,,L5,,
EV000273,E00273,hire,2024-09-27,2024-09,,D07,,L1,,
EV000274,E00274,hire,2020-11-27,2020-11,,D11,,L2,,
EV000275,E00275,hire,2021-09-16,2021-09,,D01,,L4,,
EV000276,E00276,hire,2017-07-17,2017-07,,D02,,L3,,
EV000277,E00277,hire,2017-07-21,2017-07,,D02,,L1,,
EV000278,E00278,hire,2019-05-25,2019-05,,D03,,L7,,
EV000279,E00279,hire,2023-10-30,2023-10,,D03,,L2,,
EV000280,E00280,hire,2023-08-19,2023-08,,D01,,L3,,
EV000281,E00281,hire,2017-12-14,2017-12,,D06,,L5,,
EV000282,E00282,hire,2023-10-19,2023-10,,D08,,L6,,
EV000283,E00283,hire,2019-10-07,2019-10,,D02,,L1,,
EV000284,E00284,hire,2024-08-03,2024-08,,D06,,L1,,
EV000285,E00285,hire,2017-08-19,2017-08,,D03,,L3,,
EV000286,E00286,hire,2018-03-14,2018-03,,D03,,L1,,
EV000287,E00287,hire,2020-11-21,2020-11,,D11,,L3,,
EV000288,E00288,hire,2022-03-11,2022-03,,D04,,L1,,
EV000289,E00289,hire,2018-12-22,2018-12,,D03,,L5,,
EV000290,E00290,hire,2024-09-03,2024-09,,D01,,L3,,
EV000291,E00291,hire,2022-04-22,2022-04,,D09,,L2,,
EV000292,E00292,hire,2023-07-14,2023-07,,D01,,L1,,
EV000293,E00293,hire,2018-08-06,2018-08,,D05,,L1,,
EV000294,E00294,hire,2017-05-30,2017-05,,D06,,L1,,
EV000295,E00295,hire,2018-12-28,2018-12,,D02,,L3,,
EV000296,E00296,hire,2019-02-04,2019-02,,D01,,L4,,
EV000297,E00297,hire,2023-03-11,2023-03,,D06,,L3,,
EV000298,E00298,hire,2021-08-25,2021-08,,D08,,L3,,
EV000299,E00299,hire,2020-04-20,2020-04,,D01,,L4,,
EV000300,E00300,hire,2023-08-09,2023-08,,D01,,L2,,
EV000301,E00301,hire,2019-04-24,2019-04,,D01,,L3,,
EV000302,E00302,hire,2024-03-23,2024-03,,D10,,L1,,
EV000303,E00303,hire,2022-03-31,2022-03,,D01,,L4,,
EV000304,E00304,hire,2017-06-11,2017-06,,D01,,L3,,
EV000305,E00305,hire,2023-01-26,2023-01,,D11,,L3,,
EV000306,E00306,hire,2020-11-23,2020-11,,D02,,L2,,
EV000307,E00307,hire,2018-11-24,2018-11,,D12,,L2,,
EV000308,E00308,hire,2024-12-28,2024-12,,D06,,L3,,
EV000309,E00309,hire,2019-05-09,2019-05,,D01,,L1,,
EV000310,E00310,hire,2018-11-29,2018-11,,D05,,L2,,
EV000311,E00311,hire,2019-07-21,2019-07,,D03,,L3,,
EV000312,E00312,hire,2024-12-05,2024-12,,D02,,L1,,
EV000313,E00313,hire,2017-05-04,2017-05,,D07,,L3,,
EV000314,E00314,hire,2023-03-05,2023-03,,D06,,L5,,
EV000315,E00315,hire,2019-08-09,2019-08,,D06,,L1,,
EV000316,E00316,hire,2023-08-14,2023-08,,D08,,L2,,
EV000317,E00317,hire,2024-04-25,2024-04,,D02,,L2,,
EV000318,E00318,hire,2021-07-07,2021-07,,D11,,L1,,
EV000319,E00319,hire,2024-10-15,2024-10,,D12,,L3,,
EV000320,E00320,hire,2019-05-18,2019-05,,D01,,L5,,
EV000321,E00321,hire,2023-11-16,2023-11,,D01,,L1,,
EV000322,E00322,hire,2024-10-22,2024-10,,D01,,L3,,
EV000323,E00323,hire,2024-08-17,2024-08,,D03,,L3,,
EV000324,E00324,hire,2017-12-26,2017-12,,D01,,L4,,
EV000325,E00325,hire,2020-09-03,2020-09,,D03,,L4,,
EV000326,E00326,hire,2024-05-07,2024-05,,D01,,L1,,
EV000327,E00327,hire,2024-03-31,2024-03,,D12,,L4,,
EV000328,E00328,hire,2018-10-16,2018-10,,D06,,L3,,
EV000329,E00329,hire,2021-02-13,2021-02,,D03,,L1,,
EV000330,E00330,hire,2024-11-14,2024-11,,D04,,L1,,
EV000331,E00331,hire,2024-11-10,2024-11,,D03,,L4,,
EV000332,E00332,hire,2018-07-08,2018-07,,D01,,L3,,
EV000333,E00333,hire,2020-03-29,2020-03,,D07,,L3,,
EV000334,E00334,hire,2019-04-12,2019-04,,D07,,L3,,
EV000335,E00335,hire,2020-02-23,2020-02,,D05,,L4,,
EV000336,E00336,hire,2022-02-28,2022-02,,D05,,L1,,
EV000337,E00337,hire,2019-12-27,2019-12,,D08,,L2,,
EV000338,E00338,hire,2020-02-12,2020-02,,D02,,L1,,
EV000339,E00339,hire,2021-03-05,2021-03,,D01,,L3,,
EV000340,E00340,hire,2022-04-27,2022-04,,D12,,L1,,
EV000341,E00341,hire,2017-06-11,2017-06,,D03,,L6,,
EV000342,E00342,hire,2022-11-26,2022-11,,D01,,L1,,
EV000343,E00343,hire,2020-05-18,2020-05,,D07,,L2,,
EV000344,E00344,hire,2024-02-09,2024-02,,D05,,L5,,
EV000345,E00345,hire,2024-11-13,2024-11,,D01,,L5,,
EV000346,E00346,hire,2019-02-14,2019-02,,D03,,L1,,
EV000347,E00347,hire,2024-12-21,2024-12,,D02,,L5,,
EV000348,E00348,hire,2020-02-12,2020-02,,D04,,L2,,
EV000349,E00349,hire,2024-03-05,2024-03,,D01,,L1,,
EV000350,E00350,hire,2024-11-18,2024-11,,D02,,L1,,
EV000351,E00351,hire,2017-09-27,2017-09,,D02,,L3,,
EV000352,E00352,hire,2022-01-16,2022-01,,D03,,L2,,
EV000353,E00353,hire,2022-09-29,2022-09,,D07,,L3,,
EV000354,E00354,hire,2022-05-17,2022-05,,D01,,L1,,
EV000355,E00355,hire,2018-04-15,2018-04,,D01,,L7,,
EV000356,E00356,hire,2020-11-02,2020-11,,D11,,L1,,
EV000357,E00357,hire,2021-07-18,2021-07,,D11,,L3,,
EV000358,E00358,hire,2023-12-30,2023-12,,D02,,L2,,
EV000359,E00359,hire,2024-12-14,2024-12,,D11,,L2,,
EV000360,E00360,hire,2023-10-20,2023-10,,D02,,L2,,
EV000361,E00361,hire,2019-01-11,2019-01,,D01,,L1,,
EV000362,E00362,hire,2024-12-15,2024-12,,D01,,L1,,
EV000363,E00363,hire,2019-04-05,2019-04,,D04,,L2,,
EV000364,E00364,hire,2018-02-17,2018-02,,D01,,L5,,
EV000365,E00365,hire,2019-10-19,2019-10,,D03,,L4,,
EV000366,E00366,hire,2023-02-01,2023-02,,D01,,L1,,
EV000367,E00367,hire,2019-04-07,2019-04,,D06,,L4,,
EV000368,E00368,hire,2017-04-17,2017-04,,D02,,L2,,
EV000369,E00369,hire,2020-08-25,2020-08,,D04,,L4,,
EV000370,E00370,hire,2021-07-28,2021-07,,D01,,L1,,
EV000371,E00371,hire,2023-09-28,2023-09,,D01,,L4,,
EV000372,E00372,hire,2024-03-07,2024-03,,D05,,L1,,
EV000373,E00373,hire,2017-09-07,2017-09,,D01,,L1,,
EV000374,E00374,hire,2019-12-24,2019-12,,D02,,L1,,
EV000375,E00375,hire,2018-03-06,2018-03,,D01,,L3,,
EV000376,E00376,hire,2022-11-19,2022-11,,D06,,L1,,
EV000377,E00377,hire,2022-07-26,2022-07,,D10,,L2,,
EV000378,E00378,hire,2020-10-04,2020-10,,D12,,L3,,
EV000379,E00379,hire,2024-11-27,2024-11,,D11,,L2,,
EV000380,E00380,hire,2021-04-23,2021-04,,D09,,L1,,
EV000381,E00381,hire,2022-10-09,2022-10,,D08,,L1,,
EV000382,E00382,hire,2019-05-01,2019-05,,D01,,L4,,
EV000383,E00383,hire,2021-05-20,2021-05,,D02,,L4,,
EV000384,E00384,hire,2024-09-17,2024-09,,D04,,L3,,
EV000385,E00385,hire,2020-08-04,2020-08,,D02,,L1,,
EV000386,E00386,hire,2023-02-25,2023-02,,D11,,L2,,
EV000387,E00387,hire,2020-04-13,2020-04,,D08,,L1,,
EV000388,E00388,hire,2022-03-10,2022-03,,D06,,L3,,
EV000389,E00389,hire,2022-12-03,2022-12,,D01,,L4,,
EV000390,E00390,hire,2018-06-27,2018-06,,D11,,L5,,
EV000391,E00391,hire,2021-12-06,2021-12,,D02,,L6,,
EV000392,E00392,hire,2017-03-17,2017-03,,D02,,L1,,
EV000393,E00393,hire,2024-06-22,2024-06,,D03,,L4,,
EV000394,E00394,hire,2020-07-22,2020-07,,D11,,L4,,
EV000395,E00395,hire,2021-05-25,2021-05,,D12,,L1,,
EV000396,E00396,hire,2019-08-26,2019-08,,D05,,L1,,
EV000397,E00397,hire,2021-02-08,2021-02,,D03,,L2,,
EV000398,E00398,hire,2023-12-21,2023-12,,D11,,L1,,
EV000399,E00399,hire,2018-06-01,2018-06,,D11,,L2,,
EV000400,E00400,hire,2021-08-10,2021-08,,D03,,L4,,
EV000401,E00401,hire,2021-10-13,2021-10,,D11,,L5,,
EV000402,E00402,hire,2022-03-23,2022-03,,D02,,L4,,
EV000403,E00403,hire,2022-05-06,2022-05,,D03,,L3,,
EV000404,E00404,hire,2021-09-27,2021-09,,D01,,L6,,
EV000405,E00405,hire,2018-05-27,2018-05,,D11,,L1,,
EV000406,E00406,hire,2024-12-23,2024-12,,D05,,L2,,
EV000407,E00407,hire,2022-05-28,2022-05,,D05,,L3,,
EV000408,E00408,hire,2018-07-19,2018-07,,D02,,L2,,
EV000409,E00409,hire,2020-02-08,2020-02,,D02,,L3,,
EV000410,E00410,hire,2022-07-11,2022-07,,D01,,L2,,
EV000411,E00411,hire,2024-10-21,2024-10,,D01,,L2,,
EV000412,E00412,hire,2020-11-13,2020-11,,D01,,L2,,
EV000413,E00413,hire,2020-11-07,2020-11,,D01,,L2,,
EV000414,E00414,hire,2023-06-23,2023-06,,D09,,L1,,
EV000415,E00415,hire,2022-02-09,2022-02,,D11,,L3,,
EV000416,E00416,hire,2021-09-29,2021-09,,D01,,L2,,
EV000417,E00417,hire,2023-03-19,2023-03,,D03,,L2,,
EV000418,E00418,hire,2023-11-24,2023-11,,D03,,L2,,
EV000419,E00419,hire,2022-01-28,2022-01,,D01,,L5,,
EV000420,E00420,hire,2022-11-03,2022-11,,D01,,L2,,
EV000421,E00421,hire,2020-07-09,2020-07,,D01,,L1,,
EV000422,E00422,hire,2024-07-26,2024-07,,D04,,L1,,
EV000423,E00423,hire,2023-06-01,2023-06,,D06,,L5,,
EV000424,E00424,hire,2020-03-17,2020-03,,D04,,L2,,
EV000425,E00425,hire,2019-02-03,2019-02,,D01,,L4,,
EV000426,E00426,hire,2018-06-30,2018-06,,D02,,L1,,
EV000427,E00427,hire,2021-11-15,2021-11,,D01,,L3,,
EV000428,E00428,hire,2022-02-12,2022-02,,D01,,L4,,
EV000429,E00429,hire,2017-09-21,2017-09,,D01,,L2,,
EV000430,E00430,hire,2019-05-31,2019-05,,D03,,L3,,
EV000431,E00431,hire,2020-11-29,2020-11,,D05,,L3,,
EV000432,E00432,hire,2018-08-21,2018-08,,D02,,L5,,
EV000433,E00433,hire,2022-06-28,2022-06,,D03,,L2,,
EV000434,E00434,hire,2018-09-24,2018-09,,D05,,L5,,
EV000435,E00435,hire,2024-06-21,2024-06,,D01,,L6,,
EV000436,E00436,hire,2021-12-21,2021-12,,D01,,L1,,
EV000437,E00437,hire,2020-03-26,2020-03,,D05,,L4,,
EV000438,E00438,hire,2020-04-04,2020-04,,D11,,L2,,
EV000439,E00439,hire,2023-04-09,2023-04,,D04,,L1,,
EV000440,E00440,hire,2023-07-12,2023-07,,D02,,L2,,
EV000441,E00441,hire,2024-12-22,2024-12,,D04,,L3,,
EV000442,E00442,hire,2017-03-05,2017-03,,D03,,L5,,
EV000443,E00443,hire,2019-10-14,2019-10,,D06,,L1,,
EV000444,E00444,hire,2024-06-07,2024-06,,D04,,L6,,
EV000445,E00445,hire,2020-12-10,2020-12,,D06,,L1,,
EV000446,E00446,hire,2023-06-06,2023-06,,D06,,L5,,
EV000447,E00447,hire,2024-11-18,2024-11,,D02,,L5,,
EV000448,E00448,hire,2019-02-09,2019-02,,D07,,L4,,
EV000449,E00449,hire,2019-06-09,2019-06,,D03,,L2,,
EV000450,E00450,hire,2020-12-26,2020-12,,D01,,L1,,
EV000451,E00451,hire,2019-11-05,2019-11,,D03,,L1,,
EV000452,E00452,hire,2022-01-07,2022-01,,D06,,L4,,
EV000453,E00453,hire,2021-08-22,2021-08,,D05,,L7,,
EV000454,E00454,hire,2024-11-19,2024-11,,D05,,L2,,
EV000455,E00455,hire,2024-06-23,2024-06,,D01,,L2,,
EV000456,E00456,hire,2019-04-12,2019-04,,D11,,L1,,
EV000457,E00457,hire,2024-06-06,2024-06,,D03,,L1,,
EV000458,E00458,hire,2021-03-02,2021-03,,D09,,L3,,
EV000459,E00459,hire,2022-10-06,2022-10,,D01,,L5,,
EV000460,E00460,hire,2023-01-02,2023-01,,D03,,L6,,
EV000461,E00461,hire,2024-04-11,2024-04,,D01,,L4,,
EV000462,E00462,hire,2024-04-22,2024-04,,D04,,L4,,
EV000463,E00463,hire,2017-02-24,2017-02,,D01,,L3,,
EV000464,E00464,hire,2018-08-30,2018-08,,D01,,L1,,
EV000465,E00465,hire,2018-03-05,2018-03,,D05,,L1,,
EV000466,E00466,hire,2024-02-22,2024-02,,D01,,L1,,
EV000467,E00467,hire,2022-01-26,2022-01,,D01,,L2,,
EV000468,E00468,hire,2024-11-02,2024-11,,D04,,L2,,
EV000469,E00469,hire,2023-12-13,2023-12,,D03,,L3,,
EV000470,E00470,hire,2017-10-19,2017-10,,D04,,L5,,
EV000471,E00471,hire,2018-11-24,2018-11,,D12,,L4,,
EV000472,E00472,hire,2020-06-08,2020-06,,D01,,L5,,
EV000473,E00473,hire,2020-02-11,2020-02,,D05,,L2,,
EV000474,E00474,hire,2017-09-18,2017-09,,D02,,L3,,
EV000475,E00475,hire,2020-01-22,2020-01,,D11,,L1,,
EV000476,E00476,hire,2022-08-09,2022-08,,D03,,L2,,
EV000477,E00477,hire,2020-05-27,2020-05,,D01,,L2,,
EV000478,E00478,hire,2024-06-03,2024-06,,D03,,L3,,
EV000479,E00479,hire,2024-12-13,2024-12,,D06,,L6,,
EV000480,E00480,hire,2022-04-11,2022-04,,D01,,L4,,
EV000481,E00481,hire,2017-06-11,2017-06,,D01,,L6,,
EV000482,E00482,hire,2024-07-16,2024-07,,D04,,L1,,
EV000483,E00483,hire,2023-07-06,2023-07,,D06,,L2,,
EV000484,E00484,hire,2023-07-18,2023-07,,D01,,L4,,
EV000485,E00485,hire,2022-10-03,2022-10,,D04,,L3,,
EV000486,E00486,hire,2020-06-02,2020-06,,D03,,L2,,
EV000487,E00487,hire,2022-07-16,2022-07,,D01,,L6,,
EV000488,E00488,hire,2019-11-02,2019-11,,D11,,L3,,
EV000489,E00489,hire,2022-12-22,2022-12,,D03,,L3,,
EV000490,E00490,hire,2024-11-19,2024-11,,D02,,L2,,
EV000491,E00491,hire,2020-09-30,2020-09,,D12,,L2,,
EV000492,E00492,hire,2023-01-14,2023-01,,D04,,L5,,
EV000493,E00493,hire,2024-10-29,2024-10,,D04,,L1,,
EV000494,E00494,hire,2021-10-20,2021-10,,D06,,L1,,
EV000495,E00495,hire,2021-08-25,2021-08,,D03,,L2,,
EV000496,E00496,hire,2019-02-27,2019-02,,D11,,L5,,
EV000497,E00497,hire,2024-07-15,2024-07,,D07,,L4,,
EV000498,E00498,hire,2024-07-16,2024-07,,D08,,L2,,
EV000499,E00499,hire,2024-11-24,2024-11,,D11,,L2,,
EV000500,E00500,hire,2018-01-29,2018-01,,D10,,L1,,
EV000501,E00501,hire,2020-12-06,2020-12,,D12,,L1,,
EV000502,E00502,hire,2024-01-14,2024-01,,D03,,L2,,
EV000503,E00503,hire,2022-09-13,2022-09,,D01,,L4,,
EV000504,E00504,hire,2021-01-24,2021-01,,D11,,L5,,
EV000505,E00505,hire,2020-05-23,2020-05,,D12,,L1,,
EV000506,E00506,hire,2021-02-08,2021-02,,D06,,L5,,
EV000507,E00507,hire,2021-11-13,2021-11,,D06,,L2,,
EV000508,E00508,hire,2022-11-23,2022-11,,D02,,L3,,
EV000509,E00509,hire,2021-11-20,2021-11,,D10,,L6,,
EV000510,E00510,hire,2024-04-09,2024-04,,D06,,L1,,
EV000511,E00511,hire,2021-04-21,2021-04,,D01,,L1,,
EV000512,E00512,hire,2018-09-29,2018-09,,D12,,L3,,
EV000513,E00513,hire,2024-11-03,2024-11,,D02,,L5,,
EV000514,E00514,hire,2021-05-07,2021-05,,D01,,L4,,
EV000515,E00515,hire,2024-02-02,2024-02,,D02,,L3,,
EV000516,E00516,hire,2017-01-07,2017-01,,D04,,L3,,
EV000517,E00517,hire,2022-07-18,2022-07,,D05,,L4,,
EV000518,E00518,hire,2024-04-11,2024-04,,D11,,L3,,
EV000519,E00519,hire,2024-10-31,2024-10,,D01,,L4,,
EV000520,E00520,hire,2024-05-02,2024-05,,D12,,L1,,
EV000521,E00521,hire,2018-01-11,2018-01,,D10,,L4,,
EV000522,E00522,hire,2021-01-27,2021-01,,D01,,L2,,
EV000523,E00523,hire,2021-12-18,2021-12,,D02,,L6,,
EV000524,E00524,hire,2019-08-28,2019-08,,D11,,L1,,
EV000525,E00525,hire,2021-09-05,2021-09,,D01,,L6,,
EV000526,E00526,hire,2018-09-21,2018-09,,D04,,L4,,
EV000527,E00527,hire,2022-06-14,2022-06,,D11,,L1,,
EV000528,E00528,hire,2020-10-01,2020-10,,D06,,L1,,
EV000529,E00529,hire,2018-12-07,2018-12,,D05,,L3,,
EV000530,E00530,hire,2024-06-25,2024-06,,D10,,L2,,
EV000531,E00531,hire,2019-03-15,2019-03,,D02,,L1,,
EV000532,E00532,hire,2022-11-29,2022-11,,D01,,L6,,
EV000533,E00533,hire,2020-11-16,2020-11,,D01,,L6,,
EV000534,E00534,hire,2018-06-28,2018-06,,D03,,L2,,
EV000535,E00535,hire,2024-06-09,2024-06,,D11,,L1,,
EV000536,E00536,hire,2022-10-16,2022-10,,D11,,L4,,
EV000537,E00537,hire,2020-12-25,2020-12,,D05,,L3,,
EV000538,E00538,hire,2021-11-30,2021-11,,D01,,L1,,
EV000539,E00539,hire,2018-05-21,2018-05,,D11,,L5,,
EV000540,E00540,hire,2017-01-22,2017-01,,D01,,L6,,
EV000541,E00541,hire,2022-03-29,2022-03,,D01,,L2,,
EV000542,E00542,hire,2018-06-07,2018-06,,D04,,L4,,
EV000543,E00543,hire,2019-06-21,2019-06,,D01,,L4,,
EV000544,E00544,hire,2022-05-03,2022-05,,D01,,L1,,
EV000545,E00545,hire,2020-08-30,2020-08,,D10,,L3,,
EV000546,E00546,hire,2019-05-04,2019-05,,D02,,L6,,
EV000547,E00547,hire,2023-01-08,2023-01,,D03,,L3,,
EV000548,E00548,hire,2023-03-10,2023-03,,D03,,L3,,
EV000549,E00549,hire,2019-02-11,2019-02,,D01,,L5,,
EV000550,E00550,hire,2020-06-23,2020-06,,D01,,L2,,
EV000551,E00551,hire,2022-11-02,2022-11,,D01,,L4,,
EV000552,E00552,hire,2017-03-09,2017-03,,D03,,L1,,
EV000553,E00553,hire,2018-05-21,2018-05,,D01,,L3,,
EV000554,E00554,hire,2018-12-22,2018-12,,D07,,L1,,
EV000555,E00555,hire,2022-08-10,2022-08,,D09,,L6,,
EV000556,E00556,hire,2024-08-21,2024-08,,D03,,L5,,
EV000557,E00557,hire,2017-09-07,2017-09,,D05,,L3,,
EV000558,E00558,hire,2022-05-15,2022-05,,D11,,L2,,
EV000559,E00559,hire,2021-01-13,2021-01,,D05,,L6,,
EV000560,E00560,hire,2019-08-17,2019-08,,D01,,L1,,
EV000561,E00561,hire,2024-12-14,2024-12,,D04,,L5,,
EV000562,E00562,hire,2019-04-22,2019-04,,D08,,L3,,
EV000563,E00563,hire,2019-08-06,2019-08,,D01,,L1,,
EV000564,E00564,hire,2022-06-01,2022-06,,D12,,L5,,
EV000565,E00565,hire,2018-10-03,2018-10,,D03,,L2,,
EV000566,E00566,hire,2019-02-06,2019-02,,D08,,L5,,
EV000567,E00567,hire,2024-10-14,2024-10,,D12,,L1,,
EV000568,E00568,hire,2018-03-18,2018-03,,D06,,L4,,
EV000569,E00569,hire,2021-07-16,2021-07,,D02,,L4,,
EV000570,E00570,hire,2024-07-08,2024-07,,D08,,L1,,
EV000571,E00571,hire,2023-11-20,2023-11,,D05,,L1,,
EV000572,E00572,hire,2023-07-15,2023-07,,D02,,L7,,
EV000573,E00573,hire,2020-05-20,2020-05,,D01,,L3,,
EV000574,E00574,hire,2018-03-10,2018-03,,D05,,L1,,
EV000575,E00575,hire,2017-01-03,2017-01,,D01,,L3,,
EV000576,E00576,hire,2019-08-25,2019-08,,D04,,L6,,
EV000577,E00577,hire,2023-06-17,2023-06,,D09,,L1,,
EV000578,E00578,hire,2024-07-20,2024-07,,D09,,L1,,
EV000579,E00579,hire,2024-07-09,2024-07,,D03,,L2,,
EV000580,E00580,hire,2017-06-08,2017-06,,D01,,L3,,
EV000581,E00581,hire,2021-04-20,2021-04,,D08,,L3,,
EV000582,E00582,hire,2020-01-18,2020-01,,D02,,L4,,
EV000583,E00583,hire,2024-12-01,2024-12,,D12,,L1,,
EV000584,E00584,hire,2024-10-28,2024-10,,D02,,L4,,
EV000585,E00585,hire,2024-02-05,2024-02,,D01,,L2,,
EV000586,E00586,hire,2017-12-16,2017-12,,D03,,L6,,
EV000587,E00587,hire,2020-09-30,2020-09,,D09,,L1,,
EV000588,E00588,hire,2020-11-06,2020-11,,D05,,L1,,
EV000589,E00589,hire,2024-11-07,2024-11,,D03,,L1,,
EV000590,E00590,hire,2018-04-02,2018-04,,D12,,L6,,
EV000591,E00591,hire,2017-12-11,2017-12,,D08,,L5,,
EV000592,E00592,hire,2024-11-26,2024-11,,D07,,L2,,
EV000593,E00593,hire,2024-12-15,2024-12,,D05,,L4,,
EV000594,E00594,hire,2019-12-17,2019-12,,D09,,L6,,
EV000595,E00595,hire,2021-05-01,2021-05,,D11,,L3,,
EV000596,E00596,hire,2018-04-15,2018-04,,D01,,L3,,
EV000597,E00597,hire,2020-05-10,2020-05,,D07,,L7,,
EV000598,E00598,hire,2023-08-21,2023-08,,D12,,L2,,
EV000599,E00599,hire,2024-02-26,2024-02,,D03,,L2,,
EV000600,E00600,hire,2018-10-16,2018-10,,D01,,L1,,
EV000601,E00601,hire,2024-11-28,2024-11,,D01,,L1,,
EV000602,E00602,hire,2018-08-09,2018-08,,D08,,L4,,
EV000603,E00603,hire,2023-03-30,2023-03,,D02,,L1,,
EV000604,E00604,hire,2020-11-20,2020-11,,D02,,L4,,
EV000605,E00605,hire,2024-06-06,2024-06,,D03,,L3,,
EV000606,E00606,hire,2024-02-23,2024-02,,D05,,L2,,
EV000607,E00607,hire,2024-05-04,2024-05,,D07,,L5,,
EV000608,E00608,hire,2019-09-29,2019-09,,D02,,L5,,
EV000609,E00609,hire,2021-03-12,2021-03,,D01,,L1,,
EV000610,E00610,hire,2017-12-28,2017-12,,D01,,L1,,
EV000611,E00611,hire,2020-06-25,2020-06,,D02,,L5,,
EV000612,E00612,hire,2017-03-31,2017-03,,D01,,L4,,
EV000613,E00613,hire,2018-07-28,2018-07,,D02,,L2,,
EV000614,E00614,hire,2024-04-03,2024-04,,D11,,L2,,
EV000615,E00615,hire,2023-12-09,2023-12,,D03,,L6,,
EV000616,E00616,hire,2024-11-13,2024-11,,D01,,L2,,
EV000617,E00617,hire,2023-10-01,2023-10,,D02,,L3,,
EV000618,E00618,hire,2023-04-04,2023-04,,D01,,L4,,
EV000619,E00619,hire,2018-11-22,2018-11,,D06,,L1,,
EV000620,E00620,hire,2023-11-29,2023-11,,D08,,L4,,
EV000621,E00621,hire,2022-05-06,2022-05,,D03,,L2,,
EV000622,E00622,hire,2019-06-27,2019-06,,D04,,L3,,
EV000623,E00623,hire,2017-11-28,2017-11,,D05,,L2,,
EV000624,E00624,hire,2024-04-12,2024-04,,D02,,L5,,
EV000625,E00625,hire,2020-07-14,2020-07,,D03,,L2,,
EV000626,E00626,hire,2017-06-28,2017-06,,D05,,L1,,
EV000627,E00627,hire,2020-04-11,2020-04,,D04,,L5,,
EV000628,E00628,hire,2018-04-09,2018-04,,D11,,L5,,
EV000629,E00629,hire,2017-12-22,2017-12,,D06,,L1,,
EV000630,E00630,hire,2024-01-08,2024-01,,D03,,L4,,
EV000631,E00631,hire,2024-02-13,2024-02,,D01,,L4,,
EV000632,E00632,hire,2020-05-26,2020-05,,D01,,L1,,
EV000633,E00633,hire,2018-09-15,2018-09,,D01,,L2,,
EV000634,E00634,hire,2018-02-20,2018-02,,D01,,L4,,
EV000635,E00635,hire,2019-06-02,2019-06,,D01,,L1,,
EV000636,E00636,hire,2019-03-04,2019-03,,D11,,L1,,
EV000637,E00637,hire,2024-01-20,2024-01,,D11,,L1,,
EV000638,E00638,hire,2019-06-11,2019-06,,D12,,L1,,
EV000639,E00639,hire,2020-05-09,2020-05,,D03,,L2,,
EV000640,E00640,hire,2023-12-02,2023-12,,D03,,L1,,
EV000641,E00641,hire,2024-10-05,2024-10,,D02,,L1,,
EV000642,E00642,hire,2024-11-18,2024-11,,D04,,L2,,
EV000643,E00643,hire,2020-06-20,2020-06,,D12,,L5,,
EV000644,E00644,hire,2017-01-30,2017-01,,D03,,L1,,
EV000645,E00645,hire,2024-05-08,2024-05,,D12,,L2,,
EV000646,E00646,hire,2024-04-23,2024-04,,D10,,L3,,
EV000647,E00647,hire,2017-10-27,2017-10,,D01,,L2,,
EV000648,E00648,hire,2024-05-26,2024-05,,D03,,L5,,
EV000649,E00649,hire,2017-02-21,2017-02,,D03,,L2,,
EV000650,E00650,hire,2020-04-05,2020-04,,D06,,L6,,
EV000651,E00651,hire,2022-05-02,2022-05,,D03,,L5,,
EV000652,E00652,hire,2022-07-28,2022-07,,D01,,L2,,
EV000653,E00653,hire,2019-03-03,2019-03,,D08,,L4,,
EV000654,E00654,hire,2023-07-27,2023-07,,D04,,L2,,
EV000655,E00655,hire,2024-02-23,2024-02,,D01,,L5,,
EV000656,E00656,hire,2024-10-31,2024-10,,D06,,L2,,
EV000657,E00657,hire,2024-11-22,2024-11,,D02,,L7,,
EV000658,E00658,hire,2018-12-14,2018-12,,D11,,L2,,
EV000659,E00659,hire,2018-10-11,2018-10,,D06,,L6,,
EV000660,E00660,hire,2020-09-18,2020-09,,D03,,L2,,
EV000661,E00661,hire,2019-03-10,2019-03,,D11,,L7,,
EV000662,E00662,hire,2019-12-27,2019-12,,D03,,L4,,
EV000663,E00663,hire,2020-06-28,2020-06,,D11,,L4,,
EV000664,E00664,hire,2023-10-07,2023-10,,D11,,L3,,
EV000665,E00665,hire,2019-06-12,2019-06,,D01,,L4,,
EV000666,E00666,hire,2024-08-09,2024-08,,D04,,L6,,
EV000667,E00667,hire,2024-10-17,2024-10,,D01,,L4,,
EV000668,E00668,hire,2018-08-02,2018-08,,D07,,L6,,
EV000669,E00669,hire,2024-11-26,2024-11,,D12,,L7,,
EV000670,E00670,hire,2019-01-15,2019-01,,D02,,L1,,
EV000671,E00671,hire,2017-12-16,2017-12,,D02,,L3,,
EV000672,E00672,hire,2024-02-23,2024-02,,D01,,L1,,
EV000673,E00673,hire,2020-03-02,2020-03,,D12,,L1,,
EV000674,E00674,hire,2024-05-05,2024-05,,D05,,L6,,
EV000675,E00675,hire,2023-11-16,2023-11,,D01,,L4,,
EV000676,E00676,hire,2024-08-02,2024-08,,D08,,L3,,
EV000677,E00677,hire,2022-01-20,2022-01,,D06,,L2,,
EV000678,E00678,hire,2018-12-06,2018-12,,D01,,L3,,
EV000679,E00679,hire,2024-03-26,2024-03,,D01,,L3,,
EV000680,E00680,hire,2017-05-15,2017-05,,D01,,L6,,
EV000681,E00681,hire,2017-12-17,2017-12,,D12,,L3,,
EV000682,E00682,hire,2024-01-15,2024-01,,D03,,L4,,
EV000683,E00683,hire,2023-10-17,2023-10,,D05,,L3,,
EV000684,E00684,hire,2024-05-22,2024-05,,D01,,L6,,
EV000685,E00685,hire,2023-04-07,2023-04,,D06,,L1,,
EV000686,E00686,hire,2018-11-23,2018-11,,D02,,L2,,
EV000687,E00687,hire,2024-03-24,2024-03,,D04,,L3,,
EV000688,E00688,hire,2017-11-07,2017-11,,D02,,L4,,
EV000689,E00689,hire,2017-06-28,2017-06,,D01,,L2,,
EV000690,E00690,hire,2024-08-30,2024-08,,D03,,L4,,
EV000691,E00691,hire,2018-03-24,2018-03,,D06,,L4,,
EV000692,E00692,hire,2022-05-22,2022-05,,D02,,L5,,
EV000693,E00693,hire,2021-12-31,2021-12,,D02,,L1,,
EV000694,E00694,hire,2019-09-24,2019-09,,D01,,L6,,
EV000695,E00695,hire,2022-04-13,2022-04,,D03,,L1,,
EV000696,E00696,hire,2024-07-14,2024-07,,D11,,L4,,
EV000697,E00697,hire,2017-02-02,2017-02,,D03,,L2,,
EV000698,E00698,hire,2018-01-30,2018-01,,D03,,L6,,
EV000699,E00699,hire,2019-08-14,2019-08,,D03,,L2,,
EV000700,E00700,hire,2023-12-01,2023-12,,D03,,L3,,
EV000701,E00701,hire,2019-11-08,2019-11,,D06,,L7,,
EV000702,E00702,hire,2017-01-16,2017-01,,D01,,L1,,
EV000703,E00703,hire,2018-06-15,2018-06,,D01,,L1,,
EV000704,E00704,hire,2017-08-09,2017-08,,D02,,L5,,
EV000705,E00705,hire,2023-10-20,2023-10,,D07,,L1,,
EV000706,E00706,hire,2021-01-12,2021-01,,D12,,L1,,
EV000707,E00707,hire,2018-12-17,2018-12,,D01,,L3,,
EV000708,E00708,hire,2023-10-17,2023-10,,D04,,L5,,
EV000709,E00709,hire,2024-04-30,2024-04,,D12,,L3,,
EV000710,E00710,hire,2019-08-15,2019-08,,D11,,L2,,
EV000711,E00711,hire,2022-04-21,2022-04,,D05,,L1,,
EV000712,E00712,hire,2023-08-31,2023-08,,D02,,L4,,
EV000713,E00713,hire,2024-09-17,2024-09,,D12,,L2,,
EV000714,E00714,hire,2017-04-12,2017-04,,D09,,L5,,
EV000715,E00715,hire,2023-09-07,2023-09,,D01,,L2,,
EV000716,E00716,hire,2018-06-28,2018-06,,D06,,L6,,
EV000717,E00717,hire,2024-06-10,2024-06,,D01,,L1,,
EV000718,E00718,hire,2019-06-21,2019-06,,D04,,L1,,
EV000719,E00719,hire,2018-08-08,2018-08,,D06,,L2,,
EV000720,E00720,hire,2024-07-29,2024-07,,D01,,L2,,
EV000721,E00721,hire,2023-02-12,2023-02,,D12,,L5,,
EV000722,E00722,hire,2024-10-04,2024-10,,D02,,L6,,
EV000723,E00723,hire,2022-07-25,2022-07,,D08,,L1,,
EV000724,E00724,hire,2024-06-01,2024-06,,D02,,L4,,
EV000725,E00725,hire,2019-06-15,2019-06,,D03,,L2,,
EV000726,E00726,hire,2021-09-04,2021-09,,D01,,L3,,
EV000727,E00727,hire,2024-12-06,2024-12,,D09,,L5,,
EV000728,E00728,hire,2022-08-10,2022-08,,D02,,L1,,
EV000729,E00729,hire,2020-07-03,2020-07,,D01,,L1,,
EV000730,E00730,hire,2019-08-27,2019-08,,D01,,L4,,
EV000731,E00731,hire,2024-04-20,2024-04,,D11,,L5,,
EV000732,E00732,hire,2024-09-08,2024-09,,D07,,L1,,
EV000733,E00733,hire,2018-09-07,2018-09,,D01,,L2,,
EV000734,E00734,hire,2019-05-06,2019-05,,D01,,L2,,
EV000735,E00735,hire,2023-11-30,2023-11,,D12,,L4,,
EV000736,E00736,hire,2022-10-30,2022-10,,D08,,L4,,
EV000737,E00737,hire,2019-02-26,2019-02,,D07,,L1,,
EV000738,E00738,hire,2017-05-15,2017-05,,D02,,L3,,
EV000739,E00739,hire,2022-07-06,2022-07,,D11,,L6,,
EV000740,E00740,hire,2019-05-04,2019-05,,D01,,L2,,
EV000741,E00741,hire,2019-06-02,2019-06,,D02,,L2,,
EV000742,E00742,hire,2020-11-25,2020-11,,D01,,L3,,
EV000743,E00743,hire,2020-04-08,2020-04,,D04,,L4,,
EV000744,E00744,hire,2018-05-18,2018-05,,D01,,L2,,
EV000745,E00745,hire,2022-10-11,2022-10,,D01,,L7,,
EV000746,E00746,hire,2022-03-04,2022-03,,D01,,L3,,
EV000747,E00747,hire,2024-12-05,2024-12,,D06,,L1,,
EV000748,E00748,hire,2018-11-01,2018-11,,D03,,L2,,
EV000749,E00749,hire,2024-05-08,2024-05,,D12,,L1,,
EV000750,E00750,hire,2019-09-15,2019-09,,D01,,L5,,
EV000751,E00751,hire,2017-08-17,2017-08,,D02,,L1,,
EV000752,E00752,hire,2017-04-10,2017-04,,D06,,L2,,
EV000753,E00753,hire,2022-04-22,2022-04,,D04,,L6,,
EV000754,E00754,hire,2022-06-24,2022-06,,D01,,L4,,
EV000755,E00755,hire,2017-09-30,2017-09,,D01,,L1,,
EV000756,E00756,hire,2022-12-01,2022-12,,D01,,L6,,
EV000757,E00757,hire,2023-08-12,2023-08,,D08,,L3,,
EV000758,E00758,hire,2021-10-05,2021-10,,D05,,L1,,
EV000759,E00759,hire,2019-02-03,2019-02,,D06,,L4,,
EV000760,E00760,hire,2024-07-20,2024-07,,D01,,L5,,
EV000761,E00761,hire,2024-12-09,2024-12,,D01,,L6,,
EV000762,E00762,hire,2024-03-07,2024-03,,D01,,L4,,
EV000763,E00763,hire,2017-03-03,2017-03,,D03,,L1,,
EV000764,E00764,hire,2024-12-17,2024-12,,D02,,L3,,
EV000765,E00765,hire,2020-06-26,2020-06,,D07,,L7,,
EV000766,E00766,hire,2024-12-11,2024-12,,D01,,L4,,
EV000767,E00767,hire,2023-09-13,2023-09,,D01,,L3,,
EV000768,E00768,hire,2018-08-28,2018-08,,D03,,L1,,
EV000769,E00769,hire,2021-02-07,2021-02,,D01,,L2,,
EV000770,E00770,hire,2021-03-10,2021-03,,D08,,L5,,
EV000771,E00771,hire,2023-11-14,2023-11,,D08,,L1,,
EV000772,E00772,hire,2021-05-28,2021-05,,D02,,L1,,
EV000773,E00773,hire,2024-02-21,2024-02,,D01,,L1,,
EV000774,E00774,hire,2021-04-24,2021-04,,D05,,L2,,
EV000775,E00775,hire,2024-09-02,2024-09,,D12,,L2,,
EV000776,E00776,hire,2020-09-14,2020-09,,D02,,L6,,
EV000777,E00777,hire,2024-04-26,2024-04,,D01,,L3,,
EV000778,E00778,hire,2024-10-06,2024-10,,D02,,L4,,
EV000779,E00779,hire,2021-03-15,2021-03,,D01,,L1,,
EV000780,E00780,hire,2023-07-18,2023-07,,D03,,L5,,
EV000781,E00781,hire,2020-05-25,2020-05,,D10,,L1,,
EV000782,E00782,hire,2024-07-07,2024-07,,D03,,L2,,
EV000783,E00783,hire,2017-07-01,2017-07,,D06,,L4,,
EV000784,E00784,hire,2017-10-23,2017-10,,D02,,L1,,
EV000785,E00785,hire,2022-11-20,2022-11,,D01,,L1,,
EV000786,E00786,hire,2024-11-27,2024-11,,D01,,L3,,
EV000787,E00787,hire,2020-03-11,2020-03,,D06,,L2,,
EV000788,E00788,hire,2023-06-20,2023-06,,D03,,L4,,
EV000789,E00789,hire,2017-04-16,2017-04,,D09,,L2,,
EV000790,E00790,hire,2017-02-05,2017-02,,D07,,L1,,
EV000791,E00791,hire,2023-10-08,2023-10,,D03,,L2,,
EV000792,E00792,hire,2024-06-01,2024-06,,D07,,L3,,
EV000793,E00793,hire,2017-06-16,2017-06,,D06,,L3,,
EV000794,E00794,hire,2022-10-27,2022-10,,D03,,L1,,
EV000795,E00795,hire,2019-03-18,2019-03,,D02,,L1,,
EV000796,E00796,hire,2024-12-23,2024-12,,D09,,L5,,
EV000797,E00797,hire,2024-06-25,2024-06,,D11,,L3,,
EV000798,E00798,hire,2024-11-28,2024-11,,D01,,L3,,
EV000799,E00799,hire,2018-04-25,2018-04,,D02,,L2,,
EV000800,E00800,hire,2022-06-26,2022-06,,D03,,L4,,
EV000801,E00801,hire,2017-12-21,2017-12,,D04,,L3,,
EV000802,E00802,hire,2023-07-15,2023-07,,D01,,L3,,
EV000803,E00803,hire,2020-08-08,2020-08,,D01,,L4,,
EV000804,E00804,hire,2023-12-20,2023-12,,D01,,L2,,
EV000805,E00805,hire,2021-01-19,2021-01,,D12,,L1,,
EV000806,E00806,hire,2018-09-04,2018-09,,D01,,L3,,
EV000807,E00807,hire,2019-09-11,2019-09,,D03,,L2,,
EV000808,E00808,hire,2022-03-29,2022-03,,D01,,L2,,
EV000809,E00809,hire,2017-05-20,2017-05,,D03,,L1,,
EV000810,E00810,hire,2020-07-18,2020-07,,D11,,L3,,
EV000811,E00811,hire,2018-09-16,2018-09,,D02,,L3,,
EV000812,E00812,hire,2023-02-16,2023-02,,D11,,L1,,
EV000813,E00813,hire,2019-07-17,2019-07,,D10,,L2,,
EV000814,E00814,hire,2019-06-23,2019-06,,D05,,L1,,
EV000815,E00815,hire,2024-02-24,2024-02,,D01,,L1,,
EV000816,E00816,hire,2018-02-23,2018-02,,D01,,L3,,
EV000817,E00817,hire,2021-12-08,2021-12,,D03,,L1,,
EV000818,E00818,hire,2021-12-25,2021-12,,D11,,L2,,
EV000819,E00819,hire,2023-07-23,2023-07,,D05,,L3,,
EV000820,E00820,hire,2022-08-09,2022-08,,D01,,L4,,
EV000821,E00821,hire,2020-02-13,2020-02,,D01,,L4,,
EV000822,E00822,hire,2021-11-08,2021-11,,D08,,L2,,
EV000823,E00823,hire,2021-08-25,2021-08,,D01,,L1,,
EV000824,E00824,hire,2020-12-02,2020-12,,D07,,L2,,
EV000825,E00825,hire,2019-03-05,2019-03,,D02,,L1,,
EV000826,E00826,hire,2018-03-08,2018-03,,D03,,L2,,
EV000827,E00827,hire,2023-02-04,2023-02,,D01,,L3,,
EV000828,E00828,hire,2022-08-26,2022-08,,D04,,L1,,
EV000829,E00829,hire,2019-11-24,2019-11,,D03,,L4,,
EV000830,E00830,hire,2023-08-12,2023-08,,D05,,L1,,
EV000831,E00831,hire,2020-07-12,2020-07,,D06,,L3,,
EV000832,E00832,hire,2018-06-20,2018-06,,D06,,L3,,
EV000833,E00833,hire,2023-10-04,2023-10,,D02,,L5,,
EV000834,E00834,hire,2023-01-21,2023-01,,D03,,L4,,
EV000835,E00835,hire,2017-05-07,2017-05,,D01,,L3,,
EV000836,E00836,hire,2023-08-24,2023-08,,D01,,L3,,
EV000837,E00837,hire,2018-06-23,2018-06,,D01,,L6,,
EV000838,E00838,hire,2024-08-07,2024-08,,D03,,L3,,
EV000839,E00839,hire,2024-11-27,2024-11,,D02,,L3,,
EV000840,E00840,hire,2021-03-01,2021-03,,D09,,L4,,
EV000841,E00841,hire,2019-11-12,2019-11,,D01,,L6,,
EV000842,E00842,hire,2020-12-26,2020-12,,D07,,L2,,
EV000843,E00843,hire,2022-05-02,2022-05,,D03,,L2,,
EV000844,E00844,hire,2021-05-11,2021-05,,D02,,L1,,
EV000845,E00845,hire,2022-08-12,2022-08,,D04,,L5,,
EV000846,E00846,hire,2024-07-23,2024-07,,D02,,L1,,
EV000847,E00847,hire,2021-06-16,2021-06,,D12,,L3,,
EV000848,E00848,hire,2020-10-09,2020-10,,D01,,L2,,
EV000849,E00849,hire,2020-05-13,2020-05,,D04,,L3,,
EV000850,E00850,hire,2021-03-29,2021-03,,D01,,L2,,
EV000851,E00851,hire,2023-05-24,2023-05,,D01,,L2,,
EV000852,E00852,hire,2018-09-28,2018-09,,D09,,L5,,
EV000853,E00853,hire,2017-07-20,2017-07,,D01,,L2,,
EV000854,E00854,hire,2017-01-29,2017-01,,D02,,L4,,
EV000855,E00855,hire,2020-05-31,2020-05,,D12,,L2,,
EV000856,E00856,hire,2023-11-01,2023-11,,D02,,L6,,
EV000857,E00857,hire,2018-04-27,2018-04,,D01,,L1,,
EV000858,E00858,hire,2021-03-09,2021-03,,D08,,L3,,
EV000859,E00859,hire,2023-01-27,2023-01,,D03,,L5,,
EV000860,E00860,hire,2017-06-27,2017-06,,D02,,L2,,
EV000861,E00861,hire,2018-03-07,2018-03,,D03,,L2,,
EV000862,E00862,hire,2020-10-03,2020-10,,D01,,L2,,
EV000863,E00863,hire,2017-07-24,2017-07,,D04,,L5,,
EV000864,E00864,hire,2022-10-21,2022-10,,D10,,L1,,
EV000865,E00865,hire,2021-09-14,2021-09,,D01,,L2,,
EV000866,E00866,hire,2020-07-27,2020-07,,D07,,L5,,
EV000867,E00867,hire,2024-08-27,2024-08,,D01,,L2,,
EV000868,E00868,hire,2020-07-13,2020-07,,D06,,L2,,
EV000869,E00869,hire,2022-11-18,2022-11,,D02,,L4,,
EV000870,E00870,hire,2023-03-29,2023-03,,D03,,L1,,
EV000871,E00871,hire,2021-09-22,2021-09,,D11,,L2,,
EV000872,E00872,hire,2024-01-24,2024-01,,D04,,L3,,
EV000873,E00873,hire,2019-10-27,2019-10,,D01,,L1,,
EV000874,E00874,hire,2024-04-15,2024-04,,D02,,L4,,
EV000875,E00875,hire,2021-09-24,2021-09,,D03,,L2,,
EV000876,E00876,hire,2017-10-20,2017-10,,D12,,L4,,
EV000877,E00877,hire,2020-02-14,2020-02,,D01,,L1,,
EV000878,E00878,hire,2023-08-06,2023-08,,D01,,L2,,
EV000879,E00879,hire,2023-08-21,2023-08,,D01,,L3,,
EV000880,E00880,hire,2024-01-06,2024-01,,D03,,L1,,
EV000881,E00881,hire,2023-04-16,2023-04,,D11,,L4,,
EV000882,E00882,hire,2017-08-04,2017-08,,D05,,L5,,
EV000883,E00883,hire,2018-06-06,2018-06,,D11,,L3,,
EV000884,E00884,hire,2024-02-28,2024-02,,D01,,L1,,
EV000885,E00885,hire,2020-08-07,2020-08,,D03,,L1,,
EV000886,E00886,hire,2018-04-30,2018-04,,D01,,L1,,
EV000887,E00887,hire,2024-07-22,2024-07,,D11,,L3,,
EV000888,E00888,hire,2017-02-17,2017-02,,D07,,L6,,
EV000889,E00889,hire,2023-09-26,2023-09,,D02,,L3,,
EV000890,E00890,hire,2021-05-17,2021-05,,D05,,L2,,
EV000891,E00891,hire,2024-05-03,2024-05,,D02,,L4,,
EV000892,E00892,hire,2023-08-14,2023-08,,D03,,L1,,
EV000893,E00893,hire,2023-02-05,2023-02,,D01,,L3,,
EV000894,E00894,hire,2023-03-01,2023-03,,D01,,L4,,
EV000895,E00895,hire,2023-10-12,2023-10,,D11,,L2,,
EV000896,E00896,hire,2022-08-05,2022-08,,D07,,L5,,
EV000897,E00897,hire,2021-02-12,2021-02,,D11,,L4,,
EV000898,E00898,hire,2017-09-08,2017-09,,D11,,L2,,
EV000899,E00899,hire,2017-05-09,2017-05,,D08,,L1,,
EV000900,E00900,hire,2024-05-11,2024-05,,D01,,L1,,
EV000901,E00901,hire,2020-04-08,2020-04,,D07,,L3,,
EV000902,E00902,hire,2024-07-16,2024-07,,D02,,L2,,
EV000903,E00903,hire,2017-05-04,2017-05,,D03,,L2,,
EV000904,E00904,hire,2023-07-03,2023-07,,D12,,L3,,
EV000905,E00905,hire,2024-04-29,2024-04,,D04,,L4,,
EV000906,E00906,hire,2022-01-22,2022-01,,D08,,L1,,
EV000907,E00907,hire,2018-09-01,2018-09,,D01,,L4,,
EV000908,E00908,hire,2022-05-07,2022-05,,D02,,L1,,
EV000909,E00909,hire,2018-11-29,2018-11,,D01,,L2,,
EV000910,E00910,hire,2024-09-12,2024-09,,D01,,L2,,
EV000911,E00911,hire,2024-05-28,2024-05,,D01,,L4,,
EV000912,E00912,hire,2019-09-23,2019-09,,D06,,L2,,
EV000913,E00913,hire,2021-04-26,2021-04,,D01,,L4,,
EV000914,E00914,hire,2019-04-30,2019-04,,D06,,L2,,
EV000915,E00915,hire,2020-12-08,2020-12,,D02,,L2,,
EV000916,E00916,hire,2022-04-02,2022-04,,D01,,L4,,
EV000917,E00917,hire,2023-06-20,2023-06,,D04,,L3,,
EV000918,E00918,hire,2023-11-28,2023-11,,D01,,L3,,
EV000919,E00919,hire,2019-05-09,2019-05,,D04,,L5,,
EV000920,E00920,hire,2022-09-20,2022-09,,D09,,L6,,
EV000921,E00921,hire,2020-04-21,2020-04,,D12,,L2,,
EV000922,E00922,hire,2023-10-22,2023-10,,D03,,L4,,
EV000923,E00923,hire,2022-03-11,2022-03,,D03,,L1,,
EV000924,E00924,hire,2021-01-11,2021-01,,D11,,L5,,
EV000925,E00925,hire,2024-10-09,2024-10,,D06,,L4,,
EV000926,E00926,hire,2022-10-18,2022-10,,D10,,L4,,
EV000927,E00927,hire,2019-03-24,2019-03,,D06,,L1,,
EV000928,E00928,hire,2019-07-25,2019-07,,D04,,L2,,
EV000929,E00929,hire,2018-04-08,2018-04,,D08,,L1,,
EV000930,E00930,hire,2020-12-28,2020-12,,D06,,L1,,
EV000931,E00931,hire,2017-01-07,2017-01,,D11,,L3,,
EV000932,E00932,hire,2018-05-18,2018-05,,D01,,L5,,
EV000933,E00933,hire,2019-05-16,2019-05,,D06,,L5,,
EV000934,E00934,hire,2023-04-23,2023-04,,D04,,L6,,
EV000935,E00935,hire,2019-03-03,2019-03,,D01,,L4,,
EV000936,E00936,hire,2018-01-11,2018-01,,D11,,L1,,
EV000937,E00937,hire,2019-04-02,2019-04,,D11,,L1,,
EV000938,E00938,hire,2018-03-13,2018-03,,D03,,L4,,
EV000939,E00939,hire,2021-11-13,2021-11,,D12,,L3,,
EV000940,E00940,hire,2022-01-19,2022-01,,D11,,L3,,
EV000941,E00941,hire,2020-04-06,2020-04,,D04,,L2,,
EV000942,E00942,hire,2024-05-17,2024-05,,D08,,L5,,
EV000943,E00943,hire,2017-09-16,2017-09,,D04,,L2,,
EV000944,E00944,hire,2024-12-18,2024-12,,D06,,L2,,
EV000945,E00945,hire,2019-12-19,2019-12,,D01,,L2,,
EV000946,E00946,hire,2024-05-06,2024-05,,D12,,L3,,
EV000947,E00947,hire,2024-11-06,2024-11,,D09,,L6,,
EV000948,E00948,hire,2021-04-13,2021-04,,D01,,L1,,
EV000949,E00949,hire,2018-05-23,2018-05,,D01,,L4,,
EV000950,E00950,hire,2021-01-22,2021-01,,D12,,L3,,
EV000951,E00951,hire,2021-05-26,2021-05,,D04,,L3,,
EV000952,E00952,hire,2018-09-02,2018-09,,D03,,L2,,
EV000953,E00953,hire,2019-09-19,2019-09,,D02,,L2,,
EV000954,E00954,hire,2022-11-12,2022-11,,D07,,L2,,
EV000955,E00955,hire,2023-01-30,2023-01,,D12,,L1,,
EV000956,E00956,hire,2023-05-25,2023-05,,D01,,L1,,
EV000957,E00957,hire,2022-06-10,2022-06,,D01,,L1,,
EV000958,E00958,hire,2017-12-02,2017-12,,D01,,L4,,
EV000959,E00959,hire,2021-11-16,2021-11,,D02,,L1,,
EV000960,E00960,hire,2017-07-21,2017-07,,D12,,L7,,
EV000961,E00961,hire,2024-11-17,2024-11,,D03,,L1,,
EV000962,E00962,hire,2024-04-11,2024-04,,D01,,L4,,
EV000963,E00963,hire,2018-09-03,2018-09,,D07,,L5,,
EV000964,E00964,hire,2024-08-27,2024-08,,D01,,L1,,
EV000965,E00965,hire,2020-09-23,2020-09,,D09,,L2,,
EV000966,E00966,hire,2024-07-09,2024-07,,D05,,L6,,
EV000967,E00967,hire,2023-10-30,2023-10,,D06,,L3,,
EV000968,E00968,hire,2017-09-23,2017-09,,D01,,L4,,
EV000969,E00969,hire,2023-04-26,2023-04,,D01,,L5,,
EV000970,E00970,hire,2019-06-13,2019-06,,D07,,L5,,
EV000971,E00971,hire,2019-04-21,2019-04,,D02,,L1,,
EV000972,E00972,hire,2021-07-04,2021-07,,D06,,L6,,
EV000973,E00973,hire,2019-09-02,2019-09,,D01,,L3,,
EV000974,E00974,hire,2020-09-20,2020-09,,D12,,L6,,
EV000975,E00975,hire,2018-01-22,2018-01,,D07,,L6,,
EV000976,E00976,hire,2019-08-07,2019-08,,D03,,L5,,
EV000977,E00977,hire,2018-10-18,2018-10,,D06,,L2,,
EV000978,E00978,hire,2024-12-24,2024-12,,D01,,L3,,
EV000979,E00979,hire,2022-05-08,2022-05,,D05,,L5,,
EV000980,E00980,hire,2019-03-10,2019-03,,D09,,L1,,
EV000981,E00981,hire,2022-07-25,2022-07,,D12,,L4,,
EV000982,E00982,hire,2024-08-21,2024-08,,D05,,L2,,
EV000983,E00983,hire,2020-06-17,2020-06,,D09,,L6,,
EV000984,E00984,hire,2020-08-14,2020-08,,D01,,L3,,
EV000985,E00985,hire,2023-04-18,2023-04,,D01,,L5,,
EV000986,E00986,hire,2020-02-08,2020-02,,D08,,L4,,
EV000987,E00987,hire,2021-12-21,2021-12,,D05,,L5,,
EV000988,E00988,hire,2024-02-10,2024-02,,D01,,L4,,
EV000989,E00989,hire,2021-11-13,2021-11,,D06,,L2,,
EV000990,E00990,hire,2022-10-12,2022-10,,D01,,L6,,
EV000991,E00991,hire,2024-05-24,2024-05,,D01,,L1,,
EV000992,E00992,hire,2020-12-10,2020-12,,D07,,L3,,
EV000993,E00993,hire,2017-03-10,2017-03,,D08,,L1,,
EV000994,E00994,hire,2024-08-28,2024-08,,D03,,L3,,
EV000995,E00995,hire,2024-10-26,2024-10,,D06,,L7,,
EV000996,E00996,hire,2023-02-10,2023-02,,D12,,L6,,
EV000997,E00997,hire,2022-04-29,2022-04,,D06,,L4,,
EV000998,E00998,hire,2017-03-18,2017-03,,D11,,L2,,
EV000999,E00999,hire,2023-04-16,2023-04,,D02,,L2,,
EV001000,E01000,hire,2022-07-12,2022-07,,D01,,L1,,
EV001001,E01001,hire,2018-04-29,2018-04,,D01,,L1,,
EV001002,E01002,hire,2021-06-02,2021-06,,D06,,L1,,
EV001003,E01003,hire,2022-12-21,2022-12,,D08,,L1,,
EV001004,E01004,hire,2023-07-21,2023-07,,D11,,L3,,
EV001005,E01005,hire,2021-07-12,2021-07,,D02,,L1,,
EV001006,E01006,hire,2017-10-30,2017-10,,D04,,L3,,
EV001007,E01007,hire,2023-05-05,2023-05,,D03,,L2,,
EV001008,E01008,hire,2021-12-20,2021-12,,D05,,L4,,
EV001009,E01009,hire,2024-11-13,2024-11,,D02,,L5,,
EV001010,E01010,hire,2024-09-04,2024-09,,D03,,L4,,
EV001011,E01011,hire,2023-07-27,2023-07,,D05,,L1,,
EV001012,E01012,hire,2023-10-08,2023-10,,D09,,L4,,
EV001013,E01013,hire,2024-03-08,2024-03,,D01,,L1,,
EV001014,E01014,hire,2024-10-11,2024-10,,D02,,L6,,
EV001015,E01015,hire,2024-07-30,2024-07,,D09,,L1,,
EV001016,E01016,hire,2019-07-13,2019-07,,D07,,L3,,
EV001017,E01017,hire,2024-11-26,2024-11,,D12,,L6,,
EV001018,E01018,hire,2020-10-25,2020-10,,D01,,L2,,
EV001019,E01019,hire,2023-05-23,2023-05,,D01,,L3,,
EV001020,E01020,hire,2022-11-19,2022-11,,D09,,L2,,
EV001021,E01021,hire,2021-04-26,2021-04,,D11,,L4,,
EV001022,E01022,hire,2023-12-30,2023-12,,D08,,L1,,
EV001023,E01023,hire,2022-04-06,2022-04,,D12,,L3,,
EV001024,E01024,hire,2023-03-22,2023-03,,D02,,L3,,
EV001025,E01025,hire,2022-10-20,2022-10,,D04,,L5,,
EV001026,E01026,hire,2022-11-12,2022-11,,D05,,L6,,
EV001027,E01027,hire,2024-05-30,2024-05,,D01,,L6,,
EV001028,E01028,hire,2018-07-04,2018-07,,D01,,L1,,
EV001029,E01029,hire,2023-05-18,2023-05,,D04,,L1,,
EV001030,E01030,hire,2024-05-08,2024-05,,D11,,L4,,
EV001031,E01031,hire,2024-11-19,2024-11,,D01,,L3,,
EV001032,E01032,hire,2020-05-24,2020-05,,D01,,L7,,
EV001033,E01033,hire,2024-02-16,2024-02,,D10,,L1,,
EV001034,E01034,hire,2023-08-13,2023-08,,D12,,L1,,
EV001035,E01035,hire,2023-09-02,2023-09,,D11,,L5,,
EV001036,E01036,hire,2020-05-22,2020-05,,D02,,L4,,
EV001037,E01037,hire,2024-03-07,2024-03,,D01,,L1,,
EV001038,E01038,hire,2023-11-21,2023-11,,D11,,L1,,
EV001039,E01039,hire,2024-05-09,2024-05,,D07,,L2,,
EV001040,E01040,hire,2024-09-19,2024-09,,D04,,L4,,
EV001041,E01041,hire,2017-02-03,2017-02,,D12,,L3,,
EV001042,E01042,hire,2018-04-16,2018-04,,D01,,L4,,
EV001043,E01043,hire,2021-01-13,2021-01,,D01,,L2,,
EV001044,E01044,hire,2018-01-27,2018-01,,D02,,L4,,
EV001045,E01045,hire,2020-02-13,2020-02,,D07,,L5,,
EV001046,E01046,hire,2017-01-01,2017-01,,D03,,L1,,
EV001047,E01047,hire,2022-05-12,2022-05,,D03,,L5,,
EV001048,E01048,hire,2024-06-03,2024-06,,D01,,L1,,
EV001049,E01049,hire,2018-07-29,2018-07,,D12,,L2,,
EV001050,E01050,hire,2021-01-04,2021-01,,D05,,L6,,
EV001051,E01051,hire,2024-07-28,2024-07,,D02,,L4,,
EV001052,E01052,hire,2017-08-09,2017-08,,D06,,L5,,
EV001053,E01053,hire,2019-04-17,2019-04,,D11,,L1,,
EV001054,E01054,hire,2024-06-04,2024-06,,D08,,L2,,
EV001055,E01055,hire,2023-09-03,2023-09,,D03,,L1,,
EV001056,E01056,hire,2018-04-08,2018-04,,D04,,L3,,
EV001057,E01057,hire,2023-11-01,2023-11,,D08,,L1,,
EV001058,E01058,hire,2022-05-21,2022-05,,D06,,L3,,
EV001059,E01059,hire,2024-05-12,2024-05,,D03,,L2,,
EV001060,E01060,hire,2018-10-12,2018-10,,D03,,L2,,
EV001061,E01061,hire,2024-06-26,2024-06,,D03,,L4,,
EV001062,E01062,hire,2022-08-17,2022-08,,D01,,L3,,
EV001063,E01063,hire,2020-04-23,2020-04,,D02,,L1,,
EV001064,E01064,hire,2020-06-09,2020-06,,D05,,L2,,
EV001065,E01065,hire,2021-04-01,2021-04,,D01,,L3,,
EV001066,E01066,hire,2022-11-11,2022-11,,D01,,L1,,
EV001067,E01067,hire,2020-07-28,2020-07,,D09,,L2,,
EV001068,E01068,hire,2018-03-23,2018-03,,D02,,L1,,
EV001069,E01069,hire,2024-03-31,2024-03,,D05,,L2,,
EV001070,E01070,hire,2020-06-13,2020-06,,D02,,L1,,
EV001071,E01071,hire,2021-05-14,2021-05,,D08,,L6,,
EV001072,E01072,hire,2023-10-04,2023-10,,D01,,L3,,
EV001073,E01073,hire,2018-05-19,2018-05,,D02,,L3,,
EV001074,E01074,hire,2022-06-29,2022-06,,D01,,L6,,
EV001075,E01075,hire,2020-05-30,2020-05,,D02,,L3,,
EV001076,E01076,hire,2022-12-30,2022-12,,D05,,L2,,
EV001077,E01077,hire,2021-03-30,2021-03,,D03,,L4,,
EV001078,E01078,hire,2023-04-06,2023-04,,D10,,L2,,
EV001079,E01079,hire,2021-01-21,2021-01,,D12,,L3,,
EV001080,E01080,hire,2021-10-04,2021-10,,D02,,L6,,
EV001081,E01081,hire,2017-08-30,2017-08,,D06,,L4,,
EV001082,E01082,hire,2018-02-19,2018-02,,D09,,L2,,
EV001083,E01083,hire,2024-09-07,2024-09,,D12,,L1,,
EV001084,E01084,hire,2024-12-08,2024-12,,D03,,L2,,
EV001085,E01085,hire,2023-10-12,2023-10,,D01,,L1,,
EV001086,E01086,hire,2018-01-01,2018-01,,D02,,L1,,
EV001087,E01087,hire,2022-03-16,2022-03,,D01,,L1,,
EV001088,E01088,hire,2023-08-24,2023-08,,D11,,L6,,
EV001089,E01089,hire,2024-05-08,2024-05,,D07,,L6,,
EV001090,E01090,hire,2022-12-10,2022-12,,D01,,L2,,
EV001091,E01091,hire,2019-09-15,2019-09,,D01,,L4,,
EV001092,E01092,hire,2024-10-25,2024-10,,D01,,L6,,
EV001093,E01093,hire,2022-05-17,2022-05,,D01,,L4,,
EV001094,E01094,hire,2020-02-20,2020-02,,D11,,L3,,
EV001095,E01095,hire,2017-11-03,2017-11,,D01,,L2,,
EV001096,E01096,hire,2018-07-07,2018-07,,D03,,L7,,
EV001097,E01097,hire,2023-05-07,2023-05,,D11,,L2,,
EV001098,E01098,hire,2019-08-05,2019-08,,D01,,L3,,
EV001099,E01099,hire,2024-05-30,2024-05,,D03,,L3,,
EV001100,E01100,hire,2018-05-13,2018-05,,D06,,L6,,
EV001101,E01101,hire,2020-12-08,2020-12,,D12,,L2,,
EV001102,E01102,hire,2023-03-29,2023-03,,D06,,L3,,
EV001103,E01103,hire,2021-07-02,2021-07,,D05,,L4,,
EV001104,E01104,hire,2022-01-31,2022-01,,D02,,L2,,
EV001105,E01105,hire,2022-11-01,2022-11,,D01,,L2,,
EV001106,E01106,hire,2020-10-17,2020-10,,D08,,L2,,
EV001107,E01107,hire,2018-08-24,2018-08,,D02,,L1,,
EV001108,E01108,hire,2023-08-23,2023-08,,D01,,L1,,
EV001109,E01109,hire,2019-07-10,2019-07,,D01,,L3,,
EV001110,E01110,hire,2023-11-09,2023-11,,D11,,L1,,
EV001111,E01111,hire,2022-05-27,2022-05,,D01,,L2,,
EV001112,E01112,hire,2022-01-01,2022-01,,D06,,L1,,
EV001113,E01113,hire,2020-02-17,2020-02,,D12,,L2,,
EV001114,E01114,hire,2021-05-15,2021-05,,D03,,L2,,
EV001115,E01115,hire,2018-01-01,2018-01,,D10,,L5,,
EV001116,E01116,hire,2019-07-19,2019-07,,D01,,L1,,
EV001117,E01117,hire,2024-06-13,2024-06,,D02,,L2,,
EV001118,E01118,hire,2022-08-04,2022-08,,D08,,L4,,
EV001119,E01119,hire,2021-06-25,2021-06,,D03,,L1,,
EV001120,E01120,hire,2024-07-08,2024-07,,D03,,L5,,
EV001121,E01121,hire,2024-04-29,2024-04,,D12,,L1,,
EV001122,E01122,hire,2023-01-31,2023-01,,D03,,L5,,
EV001123,E01123,hire,2021-01-24,2021-01,,D03,,L2,,
EV001124,E01124,hire,2024-05-29,2024-05,,D01,,L4,,
EV001125,E01125,hire,2022-03-21,2022-03,,D02,,L6,,
EV001126,E01126,hire,2018-05-26,2018-05,,D01,,L2,,
EV001127,E01127,hire,2024-05-07,2024-05,,D08,,L1,,
EV001128,E01128,hire,2020-11-13,2020-11,,D06,,L4,,
EV001129,E01129,hire,2021-11-30,2021-11,,D03,,L2,,
EV001130,E01130,hire,2024-11-19,2024-11,,D01,,L1,,
EV001131,E01131,hire,2024-12-30,2024-12,,D06,,L4,,
EV001132,E01132,hire,2019-11-07,2019-11,,D06,,L6,,
EV001133,E01133,hire,2020-04-08,2020-04,,D01,,L2,,
EV001134,E01134,hire,2019-02-12,2019-02,,D06,,L1,,
EV001135,E01135,hire,2022-08-28,2022-08,,D03,,L1,,
EV001136,E01136,hire,2024-05-19,2024-05,,D05,,L2,,
EV001137,E01137,hire,2018-08-14,2018-08,,D07,,L3,,
EV001138,E01138,hire,2022-07-23,2022-07,,D01,,L4,,
EV001139,E01139,hire,2018-09-03,2018-09,,D08,,L2,,
EV001140,E01140,hire,2018-11-12,2018-11,,D05,,L3,,
EV001141,E01141,hire,2020-08-24,2020-08,,D03,,L1,,
EV001142,E01142,hire,2020-01-24,2020-01,,D01,,L6,,
EV001143,E01143,hire,2024-09-21,2024-09,,D03,,L1,,
EV001144,E01144,hire,2020-08-20,2020-08,,D01,,L2,,
EV001145,E01145,hire,2024-12-02,2024-12,,D05,,L6,,
EV001146,E01146,hire,2018-06-07,2018-06,,D11,,L4,,
EV001147,E01147,hire,2021-01-13,2021-01,,D03,,L4,,
EV001148,E01148,hire,2024-01-27,2024-01,,D03,,L5,,
EV001149,E01149,hire,2022-04-20,2022-04,,D11,,L1,,
EV001150,E01150,hire,2020-12-29,2020-12,,D03,,L5,,
EV001151,E01151,hire,2023-12-20,2023-12,,D11,,L2,,
EV001152,E01152,hire,2019-06-20,2019-06,,D11,,L3,,
EV001153,E01153,hire,2019-11-20,2019-11,,D07,,L1,,
EV001154,E01154,hire,2020-07-15,2020-07,,D04,,L5,,
EV001155,E01155,hire,2017-03-12,2017-03,,D01,,L4,,
EV001156,E01156,hire,2022-04-04,2022-04,,D08,,L3,,
EV001157,E01157,hire,2023-11-09,2023-11,,D06,,L4,,
EV001158,E01158,hire,2017-01-20,2017-01,,D01,,L2,,
EV001159,E01159,hire,2020-09-12,2020-09,,D05,,L1,,
EV001160,E01160,hire,2024-11-14,2024-11,,D09,,L3,,
EV001161,E01161,hire,2018-07-04,2018-07,,D09,,L4,,
EV001162,E01162,hire,2023-11-01,2023-11,,D12,,L2,,
EV001163,E01163,hire,2018-08-20,2018-08,,D01,,L4,,
EV001164,E01164,hire,2021-09-16,2021-09,,D04,,L2,,
EV001165,E01165,hire,2024-10-09,2024-10,,D01,,L3,,
EV001166,E01166,hire,2017-09-30,2017-09,,D12,,L2,,
EV001167,E01167,hire,2024-08-12,2024-08,,D01,,L1,,
EV001168,E01168,hire,2020-02-20,2020-02,,D03,,L1,,
EV001169,E01169,hire,2018-04-28,2018-04,,D02,,L3,,
EV001170,E01170,hire,2021-02-16,2021-02,,D01,,L1,,
EV001171,E01171,hire,2021-02-26,2021-02,,D07,,L3,,
EV001172,E01172,hire,2024-07-06,2024-07,,D02,,L1,,
EV001173,E01173,hire,2024-05-27,2024-05,,D01,,L2,,
EV001174,E01174,hire,2018-05-29,2018-05,,D08,,L6,,
EV001175,E01175,hire,2021-10-01,2021-10,,D02,,L1,,
EV001176,E01176,hire,2024-02-20,2024-02,,D01,,L6,,
EV001177,E01177,hire,2017-07-15,2017-07,,D01,,L2,,
EV001178,E01178,hire,2024-08-18,2024-08,,D01,,L1,,
EV001179,E01179,hire,2023-04-14,2023-04,,D05,,L1,,
EV001180,E01180,hire,2020-05-22,2020-05,,D02,,L2,,
EV001181,E01181,hire,2023-11-20,2023-11,,D03,,L4,,
EV001182,E01182,hire,2024-08-17,2024-08,,D11,,L1,,
EV001183,E01183,hire,2017-01-19,2017-01,,D06,,L2,,
EV001184,E01184,hire,2020-07-24,2020-07,,D05,,L2,,
EV001185,E01185,hire,2023-08-22,2023-08,,D09,,L3,,
EV001186,E01186,hire,2024-11-19,2024-11,,D01,,L1,,
EV001187,E01187,hire,2024-02-01,2024-02,,D01,,L2,,
EV001188,E01188,hire,2024-04-09,2024-04,,D09,,L4,,
EV001189,E01189,hire,2021-10-03,2021-10,,D12,,L3,,
EV001190,E01190,hire,2021-05-08,2021-05,,D01,,L3,,
EV001191,E01191,hire,2019-05-25,2019-05,,D11,,L4,,
EV001192,E01192,hire,2024-06-22,2024-06,,D01,,L5,,
EV001193,E01193,hire,2021-08-18,2021-08,,D03,,L1,,
EV001194,E01194,hire,2024-10-01,2024-10,,D07,,L4,,
EV001195,E01195,hire,2020-03-28,2020-03,,D11,,L3,,
EV001196,E01196,hire,2024-10-20,2024-10,,D05,,L3,,
EV001197,E01197,hire,2023-10-13,2023-10,,D07,,L3,,
EV001198,E01198,hire,2019-04-01,2019-04,,D02,,L1,,
EV001199,E01199,hire,2024-09-09,2024-09,,D06,,L1,,
EV001200,E01200,hire,2018-11-19,2018-11,,D03,,L1,,
EV001201,E01201,hire,2021-06-01,2021-06,,D01,,L4,,
EV001202,E01202,hire,2018-06-15,2018-06,,D12,,L1,,
EV001203,E01203,hire,2021-07-10,2021-07,,D01,,L2,,
EV001204,E01204,hire,2020-02-18,2020-02,,D01,,L4,,
EV001205,E01205,hire,2024-07-01,2024-07,,D01,,L1,,
EV001206,E01206,hire,2022-12-19,2022-12,,D01,,L1,,
EV001207,E01207,hire,2018-06-22,2018-06,,D08,,L4,,
EV001208,E01208,hire,2021-06-11,2021-06,,D06,,L5,,
EV001209,E01209,hire,2023-07-16,2023-07,,D05,,L5,,
EV001210,E01210,hire,2019-11-12,2019-11,,D05,,L1,,
EV001211,E01211,hire,2021-02-06,2021-02,,D11,,L3,,
EV001212,E01212,hire,2021-11-27,2021-11,,D11,,L1,,
EV001213,E01213,hire,2024-12-14,2024-12,,D03,,L3,,
EV001214,E01214,hire,2023-09-28,2023-09,,D05,,L3,,
EV001215,E01215,hire,2018-04-02,2018-04,,D03,,L3,,
EV001216,E01216,hire,2018-09-17,2018-09,,D01,,L7,,
EV001217,E01217,hire,2023-08-31,2023-08,,D09,,L4,,
EV001218,E01218,hire,2023-03-20,2023-03,,D01,,L2,,
EV001219,E01219,hire,2024-12-21,2024-12,,D06,,L5,,
EV001220,E01220,hire,2017-08-27,2017-08,,D04,,L1,,
EV001221,E01221,hire,2024-08-04,2024-08,,D01,,L5,,
EV001222,E01222,hire,2021-06-16,2021-06,,D01,,L4,,
EV001223,E01223,hire,2022-12-23,2022-12,,D04,,L4,,
EV001224,E01224,hire,2022-05-06,2022-05,,D09,,L1,,
EV001225,E01225,hire,2019-07-12,2019-07,,D01,,L4,,
EV001226,E01226,hire,2021-12-12,2021-12,,D08,,L4,,
EV001227,E01227,hire,2024-06-14,2024-06,,D01,,L2,,
EV001228,E01228,hire,2017-04-26,2017-04,,D06,,L1,,
EV001229,E01229,hire,2023-01-22,2023-01,,D11,,L3,,
EV001230,E01230,hire,2024-06-07,2024-06,,D04,,L2,,
EV001231,E01231,hire,2020-07-09,2020-07,,D06,,L2,,
EV001232,E01232,hire,2024-06-13,2024-06,,D03,,L2,,
EV001233,E01233,hire,2021-03-07,2021-03,,D10,,L5,,
EV001234,E01234,hire,2018-04-05,2018-04,,D01,,L1,,
EV001235,E01235,hire,2018-11-29,2018-11,,D03,,L3,,
EV001236,E01236,hire,2020-10-21,2020-10,,D01,,L6,,
EV001237,E01237,hire,2021-12-23,2021-12,,D01,,L6,,
EV001238,E01238,hire,2021-12-26,2021-12,,D11,,L6,,
EV001239,E01239,hire,2017-04-28,2017-04,,D12,,L6,,
EV001240,E01240,hire,2021-08-01,2021-08,,D02,,L1,,
EV001241,E01241,hire,2022-07-28,2022-07,,D11,,L3,,
EV001242,E01242,hire,2023-06-04,2023-06,,D01,,L6,,
EV001243,E01243,hire,2023-08-16,2023-08,,D06,,L1,,
EV001244,E01244,hire,2024-03-29,2024-03,,D01,,L3,,
EV001245,E01245,hire,2017-04-16,2017-04,,D11,,L4,,
EV001246,E01246,hire,2020-04-20,2020-04,,D03,,L2,,
EV001247,E01247,hire,2024-07-22,2024-07,,D01,,L1,,
EV001248,E01248,hire,2024-09-27,2024-09,,D02,,L3,,
EV001249,E01249,hire,2017-09-07,2017-09,,D07,,L3,,
EV001250,E01250,hire,2021-06-06,2021-06,,D11,,L1,,
EV001251,E01251,hire,2023-04-21,2023-04,,D02,,L5,,
EV001252,E01252,hire,2020-12-16,2020-12,,D09,,L3,,
EV001253,E01253,hire,2020-02-28,2020-02,,D05,,L3,,
EV001254,E01254,hire,2019-04-21,2019-04,,D01,,L3,,
EV001255,E01255,hire,2017-11-24,2017-11,,D03,,L1,,
EV001256,E01256,hire,2020-11-04,2020-11,,D05,,L4,,
EV001257,E01257,hire,2024-12-07,2024-12,,D05,,L4,,
EV001258,E01258,hire,2023-02-03,2023-02,,D11,,L3,,
EV001259,E01259,hire,2017-05-26,2017-05,,D01,,L1,,
EV001260,E01260,hire,2022-10-28,2022-10,,D01,,L6,,
EV001261,E01261,hire,2024-08-16,2024-08,,D02,,L3,,
EV001262,E01262,hire,2020-04-27,2020-04,,D11,,L1,,
EV001263,E01263,hire,2024-05-07,2024-05,,D02,,L1,,
EV001264,E01264,hire,2023-04-23,2023-04,,D10,,L1,,
EV001265,E01265,hire,2023-11-24,2023-11,,D01,,L3,,
EV001266,E01266,hire,2022-04-14,2022-04,,D07,,L7,,
EV001267,E01267,hire,2023-01-24,2023-01,,D12,,L2,,
EV001268,E01268,hire,2021-03-17,2021-03,,D02,,L2,,
EV001269,E01269,hire,2019-09-24,2019-09,,D02,,L6,,
EV001270,E01270,hire,2024-09-21,2024-09,,D02,,L1,,
EV001271,E01271,hire,2021-03-14,2021-03,,D01,,L5,,
EV001272,E01272,hire,2024-12-01,2024-12,,D03,,L2,,
EV001273,E01273,hire,2022-11-05,2022-11,,D05,,L5,,
EV001274,E01274,hire,2024-12-19,2024-12,,D04,,L7,,
EV001275,E01275,hire,2021-08-04,2021-08,,D02,,L1,,
EV001276,E01276,hire,2024-09-16,2024-09,,D07,,L2,,
EV001277,E01277,hire,2020-01-20,2020-01,,D02,,L2,,
EV001278,E01278,hire,2017-08-15,2017-08,,D06,,L1,,
EV001279,E01279,hire,2021-07-14,2021-07,,D12,,L1,,
EV001280,E01280,hire,2023-04-30,2023-04,,D08,,L6,,
EV001281,E01281,hire,2020-09-13,2020-09,,D11,,L2,,
EV001282,E01282,hire,2024-07-12,2024-07,,D01,,L4,,
EV001283,E01283,hire,2018-06-04,2018-06,,D01,,L4,,
EV001284,E01284,hire,2024-11-05,2024-11,,D11,,L3,,
EV001285,E01285,hire,2021-03-26,2021-03,,D08,,L1,,
EV001286,E01286,hire,2021-07-19,2021-07,,D11,,L1,,
EV001287,E01287,hire,2020-04-12,2020-04,,D12,,L3,,
EV001288,E01288,hire,2022-11-16,2022-11,,D12,,L5,,
EV001289,E01289,hire,2017-10-16,2017-10,,D01,,L4,,
EV001290,E01290,hire,2018-05-28,2018-05,,D06,,L3,,
EV001291,E01291,hire,2021-01-02,2021-01,,D06,,L1,,
EV001292,E01292,hire,2021-01-13,2021-01,,D03,,L2,,
EV001293,E01293,hire,2020-06-22,2020-06,,D01,,L3,,
EV001294,E01294,hire,2024-03-25,2024-03,,D02,,L4,,
EV001295,E01295,hire,2020-11-06,2020-11,,D09,,L2,,
EV001296,E01296,hire,2018-08-22,2018-08,,D01,,L5,,
EV001297,E01297,hire,2024-12-20,2024-12,,D07,,L1,,
EV001298,E01298,hire,2018-08-27,2018-08,,D02,,L5,,
EV001299,E01299,hire,2023-12-09,2023-12,,D01,,L2,,
EV001300,E01300,hire,2021-09-13,2021-09,,D01,,L1,,
EV001301,E01301,hire,2024-12-12,2024-12,,D05,,L5,,
EV001302,E01302,hire,2023-08-12,2023-08,,D01,,L1,,
EV001303,E01303,hire,2019-06-04,2019-06,,D12,,L4,,
EV001304,E01304,hire,2024-11-27,2024-11,,D12,,L4,,
EV001305,E01305,hire,2024-03-09,2024-03,,D03,,L4,,
EV001306,E01306,hire,2022-10-10,2022-10,,D03,,L1,,
EV001307,E01307,hire,2023-10-31,2023-10,,D11,,L7,,
EV001308,E01308,hire,2022-06-27,2022-06,,D12,,L3,,
EV001309,E01309,hire,2022-07-25,2022-07,,D01,,L1,,
EV001310,E01310,hire,2020-07-13,2020-07,,D06,,L4,,
EV001311,E01311,hire,2024-04-20,2024-04,,D05,,L2,,
EV001312,E01312,hire,2021-03-04,2021-03,,D01,,L2,,
EV001313,E01313,hire,2024-11-05,2024-11,,D12,,L4,,
EV001314,E01314,hire,2020-01-07,2020-01,,D03,,L2,,
EV001315,E01315,hire,2021-08-11,2021-08,,D01,,L3,,
EV001316,E01316,hire,2019-08-08,2019-08,,D03,,L3,,
EV001317,E01317,hire,2018-09-26,2018-09,,D04,,L3,,
EV001318,E01318,hire,2024-07-24,2024-07,,D01,,L4,,
EV001319,E01319,hire,2019-01-04,2019-01,,D05,,L3,,
EV001320,E01320,hire,2020-08-23,2020-08,,D04,,L3,,
EV001321,E01321,hire,2022-04-01,2022-04,,D11,,L2,,
EV001322,E01322,hire,2021-04-04,2021-04,,D11,,L1,,
EV001323,E01323,hire,2021-06-11,2021-06,,D01,,L2,,
EV001324,E01324,hire,2022-07-25,2022-07,,D03,,L3,,
EV001325,E01325,hire,2024-10-30,2024-10,,D04,,L1,,
EV001326,E01326,hire,2017-05-08,2017-05,,D01,,L2,,
EV001327,E01327,hire,2017-01-26,2017-01,,D02,,L3,,
EV001328,E01328,hire,2021-01-30,2021-01,,D02,,L5,,
EV001329,E01329,hire,2023-10-13,2023-10,,D01,,L4,,
EV001330,E01330,hire,2020-08-11,2020-08,,D11,,L1,,
EV001331,E01331,hire,2024-10-13,2024-10,,D04,,L4,,
EV001332,E01332,hire,2024-10-01,2024-10,,D12,,L5,,
EV001333,E01333,hire,2021-08-16,2021-08,,D05,,L3,,
EV001334,E01334,hire,2019-02-12,2019-02,,D06,,L3,,
EV001335,E01335,hire,2020-03-04,2020-03,,D02,,L4,,
EV001336,E01336,hire,2024-07-09,2024-07,,D05,,L2,,
EV001337,E01337,hire,2019-01-22,2019-01,,D03,,L2,,
EV001338,E01338,hire,2022-06-29,2022-06,,D04,,L4,,
EV001339,E01339,hire,2022-05-12,2022-05,,D03,,L3,,
EV001340,E01340,hire,2024-06-26,2024-06,,D01,,L2,,
EV001341,E01341,hire,2020-03-02,2020-03,,D02,,L2,,
EV001342,E01342,hire,2023-05-28,2023-05,,D12,,L1,,
EV001343,E01343,hire,2017-06-12,2017-06,,D03,,L1,,
EV001344,E01344,hire,2021-06-13,2021-06,,D03,,L1,,
EV001345,E01345,hire,2022-09-13,2022-09,,D07,,L1,,
EV001346,E01346,hire,2023-03-10,2023-03,,D02,,L3,,
EV001347,E01347,hire,2021-10-30,2021-10,,D12,,L1,,
EV001348,E01348,hire,2020-07-30,2020-07,,D01,,L2,,
EV001349,E01349,hire,2017-02-26,2017-02,,D08,,L6,,
EV001350,E01350,hire,2023-07-07,2023-07,,D11,,L1,,
EV001351,E01351,hire,2024-12-09,2024-12,,D05,,L2,,
EV001352,E01352,hire,2023-12-09,2023-12,,D10,,L1,,
EV001353,E01353,hire,2019-04-09,2019-04,,D01,,L2,,
EV001354,E01354,hire,2017-06-25,2017-06,,D05,,L1,,
EV001355,E01355,hire,2019-04-23,2019-04,,D12,,L4,,
EV001356,E01356,hire,2021-08-10,2021-08,,D02,,L3,,
EV001357,E01357,hire,2022-02-14,2022-02,,D01,,L4,,
EV001358,E01358,hire,2020-08-04,2020-08,,D01,,L3,,
EV001359,E01359,hire,2024-05-10,2024-05,,D01,,L6,,
EV001360,E01360,hire,2024-03-27,2024-03,,D11,,L1,,
EV001361,E01361,hire,2020-10-04,2020-10,,D01,,L1,,
EV001362,E01362,hire,2019-11-13,2019-11,,D03,,L2,,
EV001363,E01363,hire,2018-07-08,2018-07,,D07,,L7,,
EV001364,E01364,hire,2019-08-19,2019-08,,D01,,L4,,
EV001365,E01365,hire,2017-04-14,2017-04,,D12,,L3,,
EV001366,E01366,hire,2022-05-22,2022-05,,D01,,L3,,
EV001367,E01367,hire,2019-07-10,2019-07,,D03,,L2,,
EV001368,E01368,hire,2023-12-03,2023-12,,D02,,L3,,
EV001369,E01369,hire,2021-02-27,2021-02,,D03,,L5,,
EV001370,E01370,hire,2022-04-19,2022-04,,D07,,L3,,
EV001371,E01371,hire,2021-05-04,2021-05,,D01,,L3,,
EV001372,E01372,hire,2022-01-15,2022-01,,D05,,L4,,
EV001373,E01373,hire,2022-06-29,2022-06,,D01,,L3,,
EV001374,E01374,hire,2023-03-02,2023-03,,D04,,L5,,
EV001375,E01375,hire,2018-05-22,2018-05,,D01,,L4,,
EV001376,E01376,hire,2018-11-07,2018-11,,D01,,L2,,
EV001377,E01377,hire,2021-10-04,2021-10,,D01,,L1,,
EV001378,E01378,hire,2017-08-02,2017-08,,D12,,L6,,
EV001379,E01379,hire,2022-07-27,2022-07,,D01,,L4,,
EV001380,E01380,hire,2024-12-10,2024-12,,D06,,L4,,
EV001381,E01381,hire,2020-08-14,2020-08,,D03,,L1,,
EV001382,E01382,hire,2017-06-01,2017-06,,D08,,L6,,
EV001383,E01383,hire,2023-04-14,2023-04,,D03,,L1,,
EV001384,E01384,hire,2018-04-15,2018-04,,D03,,L5,,
EV001385,E01385,hire,2021-07-16,2021-07,,D03,,L3,,
EV001386,E01386,hire,2024-11-12,2024-11,,D02,,L4,,
EV001387,E01387,hire,2017-06-06,2017-06,,D05,,L3,,
EV001388,E01388,hire,2024-11-24,2024-11,,D05,,L1,,
EV001389,E01389,hire,2024-06-16,2024-06,,D09,,L4,,
EV001390,E01390,hire,2024-09-29,2024-09,,D01,,L5,,
EV001391,E01391,hire,2020-02-26,2020-02,,D01,,L4,,
EV001392,E01392,hire,2017-06-16,2017-06,,D05,,L2,,
EV001393,E01393,hire,2020-06-20,2020-06,,D01,,L3,,
EV001394,E01394,hire,2017-09-06,2017-09,,D05,,L3,,
EV001395,E01395,hire,2017-06-13,2017-06,,D01,,L6,,
EV001396,E01396,hire,2024-10-23,2024-10,,D03,,L3,,
EV001397,E01397,hire,2023-10-03,2023-10,,D06,,L1,,
EV001398,E01398,hire,2018-07-06,2018-07,,D01,,L2,,
EV001399,E01399,hire,2018-11-09,2018-11,,D01,,L1,,
EV001400,E01400,hire,2017-08-02,2017-08,,D09,,L1,,
EV001401,E01401,hire,2023-11-03,2023-11,,D03,,L3,,
EV001402,E01402,hire,2020-12-11,2020-12,,D02,,L3,,
EV001403,E01403,hire,2024-03-25,2024-03,,D08,,L1,,
EV001404,E01404,hire,2024-06-16,2024-06,,D03,,L1,,
EV001405,E01405,hire,2023-03-12,2023-03,,D11,,L1,,
EV001406,E01406,hire,2021-09-28,2021-09,,D04,,L4,,
EV001407,E01407,hire,2021-06-27,2021-06,,D01,,L6,,
EV001408,E01408,hire,2023-11-24,2023-11,,D05,,L4,,
EV001409,E01409,hire,2023-08-30,2023-08,,D01,,L1,,
EV001410,E01410,hire,2024-07-15,2024-07,,D07,,L6,,
EV001411,E01411,hire,2019-09-05,2019-09,,D05,,L3,,
EV001412,E01412,hire,2023-09-01,2023-09,,D06,,L1,,
EV001413,E01413,hire,2019-05-19,2019-05,,D11,,L2,,
EV001414,E01414,hire,2022-04-12,2022-04,,D03,,L1,,
EV001415,E01415,hire,2020-04-13,2020-04,,D08,,L5,,
EV001416,E01416,hire,2018-09-03,2018-09,,D03,,L1,,
EV001417,E01417,hire,2022-12-29,2022-12,,D03,,L6,,
EV001418,E01418,hire,2021-04-30,2021-04,,D12,,L1,,
EV001419,E01419,hire,2024-02-29,2024-02,,D01,,L2,,
EV001420,E01420,hire,2024-07-06,2024-07,,D01,,L6,,
EV001421,E01421,hire,2020-04-23,2020-04,,D01,,L2,,
EV001422,E01422,hire,2018-12-08,2018-12,,D06,,L3,,
EV001423,E01423,hire,2023-08-11,2023-08,,D08,,L1,,
EV001424,E01424,hire,2024-09-29,2024-09,,D11,,L3,,
EV001425,E01425,hire,2023-09-16,2023-09,,D01,,L4,,
EV001426,E01426,hire,2018-07-12,2018-07,,D02,,L4,,
EV001427,E01427,hire,2023-03-09,2023-03,,D02,,L2,,
EV001428,E01428,hire,2021-02-07,2021-02,,D11,,L2,,
EV001429,E01429,hire,2018-05-27,2018-05,,D05,,L7,,
EV001430,E01430,hire,2018-02-06,2018-02,,D05,,L2,,
EV001431,E01431,hire,2024-08-31,2024-08,,D02,,L2,,
EV001432,E01432,hire,2024-09-02,2024-09,,D11,,L1,,
EV001433,E01433,hire,2023-09-27,2023-09,,D02,,L1,,
EV001434,E01434,hire,2024-06-01,2024-06,,D01,,L1,,
EV001435,E01435,hire,2024-11-02,2024-11,,D03,,L1,,
EV001436,E01436,hire,2024-11-30,2024-11,,D10,,L4,,
EV001437,E01437,hire,2022-07-15,2022-07,,D01,,L1,,
EV001438,E01438,hire,2024-07-21,2024-07,,D04,,L2,,
EV001439,E01439,hire,2022-01-31,2022-01,,D01,,L2,,
EV001440,E01440,hire,2018-12-26,2018-12,,D03,,L1,,
EV001441,E01441,hire,2018-02-23,2018-02,,D01,,L2,,
EV001442,E01442,hire,2024-11-19,2024-11,,D01,,L2,,
EV001443,E01443,hire,2024-05-27,2024-05,,D06,,L3,,
EV001444,E01444,hire,2022-06-29,2022-06,,D01,,L1,,
EV001445,E01445,hire,2024-01-20,2024-01,,D12,,L1,,
EV001446,E01446,hire,2021-05-06,2021-05,,D01,,L1,,
EV001447,E01447,hire,2018-01-31,2018-01,,D06,,L5,,
EV001448,E01448,hire,2023-11-26,2023-11,,D11,,L1,,
EV001449,E01449,hire,2019-05-26,2019-05,,D02,,L3,,
EV001450,E01450,hire,2022-02-22,2022-02,,D12,,L3,,
EV001451,E01451,hire,2024-10-02,2024-10,,D03,,L3,,
EV001452,E01452,hire,2024-11-05,2024-11,,D01,,L1,,
EV001453,E01453,hire,2024-09-14,2024-09,,D04,,L4,,
EV001454,E01454,hire,2024-04-27,2024-04,,D03,,L1,,
EV001455,E01455,hire,2022-04-12,2022-04,,D05,,L2,,
EV001456,E01456,hire,2022-11-25,2022-11,,D01,,L6,,
EV001457,E01457,hire,2021-03-10,2021-03,,D06,,L2,,
EV001458,E01458,hire,2022-07-30,2022-07,,D03,,L2,,
EV001459,E01459,hire,2023-06-14,2023-06,,D01,,L2,,
EV001460,E01460,hire,2024-01-10,2024-01,,D01,,L4,,
EV001461,E01461,hire,2024-06-22,2024-06,,D01,,L3,,
EV001462,E01462,hire,2024-02-07,2024-02,,D11,,L1,,
EV001463,E01463,hire,2022-06-28,2022-06,,D05,,L6,,
EV001464,E01464,hire,2021-02-21,2021-02,,D11,,L4,,
EV001465,E01465,hire,2021-09-15,2021-09,,D01,,L3,,
EV001466,E01466,hire,2017-04-28,2017-04,,D11,,L1,,
EV001467,E01467,hire,2024-02-25,2024-02,,D02,,L4,,
EV001468,E01468,hire,2022-12-04,2022-12,,D08,,L3,,
EV001469,E01469,hire,2018-06-19,2018-06,,D12,,L3,,
EV001470,E01470,hire,2021-04-25,2021-04,,D01,,L1,,
EV001471,E01471,hire,2017-09-08,2017-09,,D02,,L1,,
EV001472,E01472,hire,2023-09-28,2023-09,,D08,,L1,,
EV001473,E01473,hire,2024-11-26,2024-11,,D01,,L4,,
EV001474,E01474,hire,2020-06-20,2020-06,,D02,,L2,,
EV001475,E01475,hire,2021-08-18,2021-08,,D01,,L3,,
EV001476,E01476,hire,2017-01-09,2017-01,,D01,,L1,,
EV001477,E01477,hire,2024-02-23,2024-02,,D08,,L3,,
EV001478,E01478,hire,2023-02-27,2023-02,,D11,,L4,,
EV001479,E01479,hire,2021-06-19,2021-06,,D03,,L1,,
EV001480,E01480,hire,2019-02-28,2019-02,,D02,,L4,,
EV001481,E01481,hire,2022-08-29,2022-08,,D01,,L6,,
EV001482,E01482,hire,2018-06-27,2018-06,,D05,,L2,,
EV001483,E01483,hire,2018-05-25,2018-05,,D06,,L6,,
EV001484,E01484,hire,2023-11-08,2023-11,,D01,,L2,,
EV001485,E01485,hire,2021-08-31,2021-08,,D01,,L3,,
EV001486,E01486,hire,2023-07-31,2023-07,,D02,,L6,,
EV001487,E01487,hire,2022-01-05,2022-01,,D10,,L4,,
EV001488,E01488,hire,2024-08-12,2024-08,,D06,,L2,,
EV001489,E01489,hire,2024-02-16,2024-02,,D03,,L1,,
EV001490,E01490,hire,2024-12-17,2024-12,,D03,,L2,,
EV001491,E01491,hire,2018-01-12,2018-01,,D03,,L5,,
EV001492,E01492,hire,2024-04-20,2024-04,,D05,,L1,,
EV001493,E01493,hire,2023-01-05,2023-01,,D02,,L6,,
EV001494,E01494,hire,2022-09-26,2022-09,,D01,,L3,,
EV001495,E01495,hire,2023-04-02,2023-04,,D04,,L2,,
EV001496,E01496,hire,2024-01-02,2024-01,,D02,,L3,,
EV001497,E01497,hire,2018-04-03,2018-04,,D04,,L3,,
EV001498,E01498,hire,2021-08-15,2021-08,,D04,,L2,,
EV001499,E01499,hire,2017-09-19,2017-09,,D07,,L3,,
EV001500,E01500,hire,2024-07-25,2024-07,,D01,,L1,,
EV001501,E01501,hire,2023-06-24,2023-06,,D01,,L1,,
EV001502,E01502,hire,2022-05-20,2022-05,,D06,,L3,,
EV001503,E01503,hire,2021-07-18,2021-07,,D01,,L4,,
EV001504,E01504,hire,2023-03-21,2023-03,,D11,,L5,,
EV001505,E01505,hire,2024-12-21,2024-12,,D04,,L4,,
EV001506,E01506,hire,2019-07-31,2019-07,,D01,,L1,,
EV001507,E01507,hire,2018-02-05,2018-02,,D01,,L6,,
EV001508,E01508,hire,2019-05-23,2019-05,,D01,,L1,,
EV001509,E01509,hire,2021-11-20,2021-11,,D03,,L4,,
EV001510,E01510,hire,2024-11-06,2024-11,,D05,,L5,,
EV001511,E01511,hire,2019-05-28,2019-05,,D04,,L1,,
EV001512,E01512,hire,2020-07-07,2020-07,,D12,,L1,,
EV001513,E01513,hire,2022-11-23,2022-11,,D01,,L1,,
EV001514,E01514,hire,2022-06-16,2022-06,,D03,,L2,,
EV001515,E01515,hire,2022-08-24,2022-08,,D06,,L3,,
EV001516,E01516,hire,2023-02-06,2023-02,,D03,,L2,,
EV001517,E01517,hire,2018-09-16,2018-09,,D01,,L3,,
EV001518,E01518,hire,2019-03-22,2019-03,,D01,,L3,,
EV001519,E01519,hire,2022-04-15,2022-04,,D08,,L1,,
EV001520,E01520,hire,2018-04-20,2018-04,,D01,,L5,,
EV001521,E01521,hire,2021-06-23,2021-06,,D06,,L6,,
EV001522,E01522,hire,2022-09-18,2022-09,,D04,,L4,,
EV001523,E01523,hire,2022-06-09,2022-06,,D01,,L2,,
EV001524,E01524,hire,2019-02-12,2019-02,,D11,,L4,,
EV001525,E01525,hire,2017-05-06,2017-05,,D11,,L1,,
EV001526,E01526,hire,2019-04-10,2019-04,,D03,,L5,,
EV001527,E01527,hire,2017-09-02,2017-09,,D03,,L6,,
EV001528,E01528,hire,2020-04-09,2020-04,,D03,,L1,,
EV001529,E01529,hire,2024-06-25,2024-06,,D01,,L5,,
EV001530,E01530,hire,2018-05-25,2018-05,,D01,,L4,,
EV001531,E01531,hire,2020-11-20,2020-11,,D01,,L1,,
EV001532,E01532,hire,2021-11-30,2021-11,,D02,,L1,,
EV001533,E01533,hire,2023-10-07,2023-10,,D01,,L3,,
EV001534,E01534,hire,2022-04-08,2022-04,,D01,,L4,,
EV001535,E01535,hire,2021-11-19,2021-11,,D03,,L1,,
EV001536,E01536,hire,2022-02-21,2022-02,,D01,,L4,,
EV001537,E01537,hire,2021-06-26,2021-06,,D09,,L2,,
EV001538,E01538,hire,2024-11-02,2024-11,,D01,,L1,,
EV001539,E01539,hire,2019-09-22,2019-09,,D01,,L7,,
EV001540,E01540,hire,2021-02-27,2021-02,,D04,,L4,,
EV001541,E01541,hire,2017-09-28,2017-09,,D07,,L2,,
EV001542,E01542,hire,2021-10-12,2021-10,,D11,,L5,,
EV001543,E01543,hire,2022-01-01,2022-01,,D03,,L6,,
EV001544,E01544,hire,2020-12-15,2020-12,,D11,,L5,,
EV001545,E01545,hire,2017-11-29,2017-11,,D01,,L4,,
EV001546,E01546,hire,2024-01-22,2024-01,,D09,,L3,,
EV001547,E01547,hire,2017-08-03,2017-08,,D04,,L4,,
EV001548,E01548,hire,2018-06-25,2018-06,,D01,,L1,,
EV001549,E01549,hire,2017-06-10,2017-06,,D01,,L3,,
EV001550,E01550,hire,2021-08-24,2021-08,,D04,,L2,,
EV001551,E01551,hire,2023-04-12,2023-04,,D03,,L1,,
EV001552,E01552,hire,2017-09-16,2017-09,,D06,,L2,,
EV001553,E01553,hire,2023-11-09,2023-11,,D12,,L3,,
EV001554,E01554,hire,2023-10-29,2023-10,,D11,,L2,,
EV001555,E01555,hire,2023-07-23,2023-07,,D01,,L5,,
EV001556,E01556,hire,2020-08-04,2020-08,,D09,,L5,,
EV001557,E01557,hire,2018-02-15,2018-02,,D12,,L3,,
EV001558,E01558,hire,2024-11-16,2024-11,,D03,,L1,,
EV001559,E01559,hire,2021-11-21,2021-11,,D04,,L1,,
EV001560,E01560,hire,2021-12-29,2021-12,,D04,,L5,,
EV001561,E01561,hire,2021-11-16,2021-11,,D03,,L5,,
EV001562,E01562,hire,2024-12-06,2024-12,,D01,,L6,,
EV001563,E01563,hire,2019-07-22,2019-07,,D07,,L3,,
EV001564,E01564,hire,2018-11-04,2018-11,,D05,,L1,,
EV001565,E01565,hire,2024-11-30,2024-11,,D06,,L1,,
EV001566,E01566,hire,2022-04-17,2022-04,,D01,,L1,,
EV001567,E01567,hire,2017-01-05,2017-01,,D01,,L2,,
EV001568,E01568,hire,2021-06-17,2021-06,,D01,,L7,,
EV001569,E01569,hire,2024-06-13,2024-06,,D02,,L3,,
EV001570,E01570,hire,2024-08-28,2024-08,,D08,,L2,,
EV001571,E01571,hire,2023-04-03,2023-04,,D03,,L1,,
EV001572,E01572,hire,2024-12-08,2024-12,,D05,,L1,,
EV001573,E01573,hire,2019-08-19,2019-08,,D03,,L1,,
EV001574,E01574,hire,2024-12-08,2024-12,,D01,,L6,,
EV001575,E01575,hire,2022-03-12,2022-03,,D01,,L7,,
EV001576,E01576,hire,2020-08-25,2020-08,,D05,,L1,,
EV001577,E01577,hire,2018-11-15,2018-11,,D01,,L3,,
EV001578,E01578,hire,2020-07-25,2020-07,,D05,,L4,,
EV001579,E01579,hire,2024-07-12,2024-07,,D07,,L3,,
EV001580,E01580,hire,2018-03-31,2018-03,,D02,,L2,,
EV001581,E01581,hire,2024-12-12,2024-12,,D02,,L4,,
EV001582,E01582,hire,2022-06-29,2022-06,,D09,,L3,,
EV001583,E01583,hire,2017-03-19,2017-03,,D01,,L6,,
EV001584,E01584,hire,2020-01-05,2020-01,,D02,,L7,,
EV001585,E01585,hire,2024-11-23,2024-11,,D04,,L4,,
EV001586,E01586,hire,2024-09-15,2024-09,,D09,,L4,,
EV001587,E01587,hire,2021-12-25,2021-12,,D08,,L4,,
EV001588,E01588,hire,2021-08-06,2021-08,,D01,,L5,,
EV001589,E01589,hire,2017-04-10,2017-04,,D11,,L5,,
EV001590,E01590,hire,2020-06-20,2020-06,,D05,,L4,,
EV001591,E01591,hire,2024-10-19,2024-10,,D11,,L1,,
EV001592,E01592,hire,2024-06-13,2024-06,,D06,,L3,,
EV001593,E01593,hire,2024-06-26,2024-06,,D03,,L6,,
EV001594,E01594,hire,2023-10-02,2023-10,,D12,,L2,,
EV001595,E01595,hire,2017-01-21,2017-01,,D06,,L7,,
EV001596,E01596,hire,2019-04-08,2019-04,,D05,,L1,,
EV001597,E01597,hire,2023-09-23,2023-09,,D04,,L3,,
EV001598,E01598,hire,2020-11-02,2020-11,,D07,,L1,,
EV001599,E01599,hire,2023-04-29,2023-04,,D03,,L2,,
EV001600,E01600,hire,2024-08-25,2024-08,,D01,,L1,,
EV001601,E01601,hire,2021-06-07,2021-06,,D03,,L1,,
EV001602,E01602,hire,2021-11-10,2021-11,,D12,,L2,,
EV001603,E01603,hire,2020-11-09,2020-11,,D01,,L3,,
EV001604,E01604,hire,2024-10-31,2024-10,,D03,,L1,,
EV001605,E01605,hire,2024-06-12,2024-06,,D01,,L1,,
EV001606,E01606,hire,2022-07-04,2022-07,,D08,,L4,,
EV001607,E01607,hire,2024-07-10,2024-07,,D02,,L3,,
EV001608,E01608,hire,2023-07-26,2023-07,,D01,,L4,,
EV001609,E01609,hire,2024-09-07,2024-09,,D01,,L5,,
EV001610,E01610,hire,2020-01-26,2020-01,,D06,,L4,,
EV001611,E01611,hire,2024-11-14,2024-11,,D01,,L1,,
EV001612,E01612,hire,2024-01-24,2024-01,,D01,,L1,,
EV001613,E01613,hire,2018-03-28,2018-03,,D05,,L2,,
EV001614,E01614,hire,2017-03-19,2017-03,,D03,,L2,,
EV001615,E01615,hire,2021-09-16,2021-09,,D03,,L3,,
EV001616,E01616,hire,2019-12-20,2019-12,,D12,,L2,,
EV001617,E01617,hire,2018-02-13,2018-02,,D01,,L1,,
EV001618,E01618,hire,2022-08-18,2022-08,,D11,,L1,,
EV001619,E01619,hire,2024-12-05,2024-12,,D03,,L4,,
EV001620,E01620,hire,2017-01-12,2017-01,,D08,,L2,,
EV001621,E01621,hire,2023-01-30,2023-01,,D07,,L7,,
EV001622,E01622,hire,2018-11-18,2018-11,,D02,,L2,,
EV001623,E01623,hire,2019-09-03,2019-09,,D11,,L2,,
EV001624,E01624,hire,2021-01-30,2021-01,,D06,,L2,,
EV001625,E01625,hire,2019-12-24,2019-12,,D01,,L1,,
EV001626,E01626,hire,2024-12-20,2024-12,,D08,,L1,,
EV001627,E01627,hire,2018-07-28,2018-07,,D02,,L4,,
EV001628,E01628,hire,2023-12-05,2023-12,,D07,,L2,,
EV001629,E01629,hire,2022-04-10,2022-04,,D03,,L2,,
EV001630,E01630,hire,2023-01-25,2023-01,,D01,,L2,,
EV001631,E01631,hire,2021-08-25,2021-08,,D01,,L1,,
EV001632,E01632,hire,2018-11-29,2018-11,,D01,,L2,,
EV001633,E01633,hire,2020-04-05,2020-04,,D01,,L3,,
EV001634,E01634,hire,2022-12-12,2022-12,,D03,,L6,,
EV001635,E01635,hire,2024-07-10,2024-07,,D12,,L1,,
EV001636,E01636,hire,2023-12-16,2023-12,,D03,,L4,,
EV001637,E01637,hire,2017-06-17,2017-06,,D07,,L4,,
EV001638,E01638,hire,2021-12-13,2021-12,,D01,,L1,,
EV001639,E01639,hire,2022-02-19,2022-02,,D07,,L1,,
EV001640,E01640,hire,2018-10-15,2018-10,,D02,,L2,,
EV001641,E01641,hire,2021-08-05,2021-08,,D01,,L3,,
EV001642,E01642,hire,2024-04-13,2024-04,,D12,,L4,,
EV001643,E01643,hire,2020-05-03,2020-05,,D03,,L1,,
EV001644,E01644,hire,2018-03-29,2018-03,,D09,,L4,,
EV001645,E01645,hire,2017-11-22,2017-11,,D04,,L2,,
EV001646,E01646,hire,2024-11-26,2024-11,,D05,,L2,,
EV001647,E01647,hire,2023-12-23,2023-12,,D05,,L3,,
EV001648,E01648,hire,2019-05-26,2019-05,,D01,,L5,,
EV001649,E01649,hire,2024-02-03,2024-02,,D01,,L1,,
EV001650,E01650,hire,2017-01-16,2017-01,,D01,,L1,,
EV001651,E01651,hire,2022-12-25,2022-12,,D12,,L1,,
EV001652,E01652,hire,2024-04-20,2024-04,,D01,,L1,,
EV001653,E01653,hire,2023-12-24,2023-12,,D05,,L1,,
EV001654,E01654,hire,2023-11-15,2023-11,,D02,,L1,,
EV001655,E01655,hire,2021-08-03,2021-08,,D02,,L1,,
EV001656,E01656,hire,2021-01-26,2021-01,,D02,,L1,,
EV001657,E01657,hire,2024-05-22,2024-05,,D03,,L3,,
EV001658,E01658,hire,2023-12-13,2023-12,,D06,,L4,,
EV001659,E01659,hire,2023-11-02,2023-11,,D05,,L3,,
EV001660,E01660,hire,2018-04-21,2018-04,,D01,,L1,,
EV001661,E01661,hire,2024-12-25,2024-12,,D11,,L3,,
EV001662,E01662,hire,2024-06-16,2024-06,,D04,,L1,,
EV001663,E01663,hire,2023-10-20,2023-10,,D03,,L1,,
EV001664,E01664,hire,2018-11-01,2018-11,,D02,,L5,,
EV001665,E01665,hire,2023-03-11,2023-03,,D09,,L5,,
EV001666,E01666,hire,2023-05-05,2023-05,,D01,,L2,,
EV001667,E01667,hire,2024-04-27,2024-04,,D01,,L2,,
EV001668,E01668,hire,2019-07-25,2019-07,,D04,,L4,,
EV001669,E01669,hire,2019-07-17,2019-07,,D05,,L4,,
EV001670,E01670,hire,2018-10-16,2018-10,,D03,,L2,,
EV001671,E01671,hire,2022-02-21,2022-02,,D01,,L1,,
EV001672,E01672,hire,2024-07-01,2024-07,,D01,,L1,,
EV001673,E01673,hire,2022-04-18,2022-04,,D02,,L4,,
EV001674,E01674,hire,2023-02-19,2023-02,,D10,,L1,,
EV001675,E01675,hire,2024-02-12,2024-02,,D01,,L4,,
EV001676,E01676,hire,2023-02-24,2023-02,,D12,,L4,,
EV001677,E01677,hire,2022-08-07,2022-08,,D02,,L6,,
EV001678,E01678,hire,2016-12-28,2016-12,,D01,,L3,,
EV001679,E01679,hire,2019-06-10,2019-06,,D07,,L2,,
EV001680,E01680,hire,2023-01-28,2023-01,,D02,,L2,,
EV001681,E01681,hire,2024-02-21,2024-02,,D03,,L6,,
EV001682,E01682,hire,2022-11-02,2022-11,,D01,,L4,,
EV001683,E01683,hire,2022-01-06,2022-01,,D03,,L2,,
EV001684,E01684,hire,2021-07-28,2021-07,,D11,,L6,,
EV001685,E01685,hire,2017-11-01,2017-11,,D03,,L3,,
EV001686,E01686,hire,2021-04-18,2021-04,,D12,,L3,,
EV001687,E01687,hire,2019-08-06,2019-08,,D03,,L1,,
EV001688,E01688,hire,2020-06-24,2020-06,,D01,,L2,,
EV001689,E01689,hire,2018-07-04,2018-07,,D07,,L4,,
EV001690,E01690,hire,2024-11-07,2024-11,,D07,,L3,,
EV001691,E01691,hire,2024-12-07,2024-12,,D01,,L5,,
EV001692,E01692,hire,2020-02-23,2020-02,,D01,,L2,,
EV001693,E01693,hire,2019-06-25,2019-06,,D06,,L2,,
EV001694,E01694,hire,2021-08-24,2021-08,,D03,,L3,,
EV001695,E01695,hire,2024-12-17,2024-12,,D06,,L2,,
EV001696,E01696,hire,2023-04-12,2023-04,,D03,,L1,,
EV001697,E01697,hire,2020-11-22,2020-11,,D05,,L3,,
EV001698,E01698,hire,2024-11-09,2024-11,,D03,,L4,,
EV001699,E01699,hire,2022-11-29,2022-11,,D10,,L5,,
EV001700,E01700,hire,2019-12-02,2019-12,,D01,,L3,,
EV001701,E01701,hire,2024-05-10,2024-05,,D01,,L1,,
EV001702,E01702,hire,2017-07-24,2017-07,,D06,,L5,,
EV001703,E01703,hire,2024-05-31,2024-05,,D01,,L1,,
EV001704,E01704,hire,2020-03-29,2020-03,,D04,,L2,,
EV001705,E01705,hire,2018-09-18,2018-09,,D02,,L4,,
EV001706,E01706,hire,2024-03-27,2024-03,,D07,,L3,,
EV001707,E01707,hire,2020-07-04,2020-07,,D01,,L2,,
EV001708,E01708,hire,2017-12-15,2017-12,,D11,,L5,,
EV001709,E01709,hire,2022-12-19,2022-12,,D08,,L2,,
EV001710,E01710,hire,2023-09-02,2023-09,,D11,,L5,,
EV001711,E01711,hire,2023-11-01,2023-11,,D03,,L7,,
EV001712,E01712,hire,2022-09-05,2022-09,,D01,,L2,,
EV001713,E01713,hire,2024-03-20,2024-03,,D02,,L2,,
EV001714,E01714,hire,2021-02-17,2021-02,,D07,,L1,,
EV001715,E01715,hire,2018-06-11,2018-06,,D01,,L3,,
EV001716,E01716,hire,2021-10-02,2021-10,,D01,,L4,,
EV001717,E01717,hire,2024-12-28,2024-12,,D07,,L6,,
EV001718,E01718,hire,2018-05-15,2018-05,,D05,,L2,,
EV001719,E01719,hire,2024-06-25,2024-06,,D05,,L3,,
EV001720,E01720,hire,2024-05-23,2024-05,,D12,,L2,,
EV001721,E01721,hire,2017-08-04,2017-08,,D01,,L3,,
EV001722,E01722,hire,2022-03-01,2022-03,,D02,,L6,,
EV001723,E01723,hire,2020-07-23,2020-07,,D01,,L2,,
EV001724,E01724,hire,2024-02-23,2024-02,,D03,,L2,,
EV001725,E01725,hire,2024-10-21,2024-10,,D01,,L6,,
EV001726,E01726,hire,2019-10-26,2019-10,,D01,,L2,,
EV001727,E01727,hire,2021-09-01,2021-09,,D07,,L6,,
EV001728,E01728,hire,2022-03-19,2022-03,,D11,,L4,,
EV001729,E01729,hire,2023-02-19,2023-02,,D02,,L3,,
EV001730,E01730,hire,2023-09-26,2023-09,,D01,,L2,,
EV001731,E01731,hire,2021-03-16,2021-03,,D08,,L3,,
EV001732,E01732,hire,2024-01-29,2024-01,,D09,,L1,,
EV001733,E01733,hire,2020-04-12,2020-04,,D01,,L2,,
EV001734,E01734,hire,2023-08-10,2023-08,,D11,,L1,,
EV001735,E01735,hire,2022-03-21,2022-03,,D12,,L1,,
EV001736,E01736,hire,2024-05-03,2024-05,,D01,,L3,,
EV001737,E01737,hire,2024-06-07,2024-06,,D01,,L3,,
EV001738,E01738,hire,2022-09-27,2022-09,,D11,,L4,,
EV001739,E01739,hire,2017-07-06,2017-07,,D07,,L6,,
EV001740,E01740,hire,2019-08-25,2019-08,,D11,,L4,,
EV001741,E01741,hire,2023-04-15,2023-04,,D02,,L1,,
EV001742,E01742,hire,2018-01-11,2018-01,,D03,,L2,,
EV001743,E01743,hire,2018-10-28,2018-10,,D01,,L1,,
EV001744,E01744,hire,2024-08-02,2024-08,,D01,,L4,,
EV001745,E01745,hire,2017-08-12,2017-08,,D06,,L5,,
EV001746,E01746,hire,2017-05-06,2017-05,,D01,,L6,,
EV001747,E01747,hire,2021-06-06,2021-06,,D02,,L3,,
EV001748,E01748,hire,2024-01-27,2024-01,,D05,,L2,,
EV001749,E01749,hire,2020-02-15,2020-02,,D02,,L4,,
EV001750,E01750,hire,2022-08-02,2022-08,,D02,,L1,,
EV001751,E01751,hire,2024-12-17,2024-12,,D04,,L2,,
EV001752,E01752,hire,2024-04-04,2024-04,,D07,,L1,,
EV001753,E01753,hire,2024-09-02,2024-09,,D03,,L1,,
EV001754,E01754,hire,2023-06-27,2023-06,,D01,,L2,,
EV001755,E01755,hire,2022-04-06,2022-04,,D04,,L4,,
EV001756,E01756,hire,2024-12-10,2024-12,,D10,,L1,,
EV001757,E01757,hire,2020-01-18,2020-01,,D07,,L7,,
EV001758,E01758,hire,2018-02-11,2018-02,,D01,,L5,,
EV001759,E01759,hire,2024-06-24,2024-06,,D03,,L1,,
EV001760,E01760,hire,2024-01-25,2024-01,,D02,,L1,,
EV001761,E01761,hire,2018-09-07,2018-09,,D01,,L2,,
EV001762,E01762,hire,2018-10-18,2018-10,,D03,,L1,,
EV001763,E01763,hire,2024-02-20,2024-02,,D01,,L1,,
EV001764,E01764,hire,2024-11-04,2024-11,,D06,,L2,,
EV001765,E01765,hire,2022-03-06,2022-03,,D03,,L1,,
EV001766,E01766,hire,2021-05-16,2021-05,,D03,,L2,,
EV001767,E01767,hire,2020-09-29,2020-09,,D01,,L4,,
EV001768,E01768,hire,2020-02-11,2020-02,,D03,,L4,,
EV001769,E01769,hire,2023-05-23,2023-05,,D01,,L3,,
EV001770,E01770,hire,2021-02-23,2021-02,,D02,,L1,,
EV001771,E01771,hire,2017-09-25,2017-09,,D06,,L4,,
EV001772,E01772,hire,2021-12-24,2021-12,,D10,,L6,,
EV001773,E01773,hire,2017-12-31,2017-12,,D01,,L2,,
EV001774,E01774,hire,2017-02-18,2017-02,,D07,,L1,,
EV001775,E01775,hire,2022-07-11,2022-07,,D03,,L1,,
EV001776,E01776,hire,2018-09-29,2018-09,,D02,,L1,,
EV001777,E01777,hire,2022-05-08,2022-05,,D12,,L6,,
EV001778,E01778,hire,2022-03-15,2022-03,,D06,,L1,,
EV001779,E01779,hire,2022-08-23,2022-08,,D01,,L1,,
EV001780,E01780,hire,2024-02-10,2024-02,,D07,,L3,,
EV001781,E01781,hire,2017-06-08,2017-06,,D08,,L6,,
EV001782,E01782,hire,2024-11-01,2024-11,,D06,,L1,,
EV001783,E01783,hire,2019-05-28,2019-05,,D12,,L5,,
EV001784,E01784,hire,2023-01-08,2023-01,,D07,,L1,,
EV001785,E01785,hire,2017-02-22,2017-02,,D12,,L1,,
EV001786,E01786,hire,2019-12-18,2019-12,,D04,,L3,,
EV001787,E01787,hire,2024-06-13,2024-06,,D02,,L1,,
EV001788,E01788,hire,2023-01-16,2023-01,,D06,,L1,,
EV001789,E01789,hire,2021-12-15,2021-12,,D01,,L5,,
EV001790,E01790,hire,2018-03-13,2018-03,,D09,,L2,,
EV001791,E01791,hire,2021-10-29,2021-10,,D09,,L2,,
EV001792,E01792,hire,2019-03-03,2019-03,,D03,,L3,,
EV001793,E01793,hire,2018-09-30,2018-09,,D01,,L1,,
EV001794,E01794,hire,2021-05-02,2021-05,,D11,,L4,,
EV001795,E01795,hire,2022-03-22,2022-03,,D09,,L4,,
EV001796,E01796,hire,2020-04-02,2020-04,,D02,,L2,,
EV001797,E01797,hire,2019-06-26,2019-06,,D01,,L3,,
EV001798,E01798,hire,2022-02-23,2022-02,,D01,,L3,,
EV001799,E01799,hire,2019-03-23,2019-03,,D03,,L1,,
EV001800,E01800,hire,2018-08-02,2018-08,,D03,,L1,,
EV001801,E01801,hire,2023-12-15,2023-12,,D03,,L2,,
EV001802,E01802,hire,2021-11-05,2021-11,,D03,,L4,,
EV001803,E01803,hire,2019-10-01,2019-10,,D02,,L1,,
EV001804,E01804,hire,2021-09-16,2021-09,,D02,,L5,,
EV001805,E01805,hire,2017-04-19,2017-04,,D03,,L3,,
EV001806,E01806,hire,2024-07-26,2024-07,,D05,,L4,,
EV001807,E01807,hire,2024-06-05,2024-06,,D07,,L2,,
EV001808,E01808,hire,2019-05-27,2019-05,,D07,,L4,,
EV001809,E01809,hire,2024-07-19,2024-07,,D03,,L1,,
EV001810,E01810,hire,2019-09-23,2019-09,,D01,,L5,,
EV001811,E01811,hire,2022-12-10,2022-12,,D02,,L3,,
EV001812,E01812,hire,2022-03-13,2022-03,,D01,,L4,,
EV001813,E01813,hire,2024-08-11,2024-08,,D11,,L5,,
EV001814,E01814,hire,2019-04-04,2019-04,,D02,,L3,,
EV001815,E01815,hire,2024-07-16,2024-07,,D12,,L1,,
EV001816,E01816,hire,2021-04-06,2021-04,,D03,,L4,,
EV001817,E01817,hire,2022-08-19,2022-08,,D01,,L4,,
EV001818,E01818,hire,2020-12-02,2020-12,,D02,,L5,,
EV001819,E01819,hire,2018-06-08,2018-06,,D10,,L4,,
EV001820,E01820,hire,2023-06-18,2023-06,,D03,,L2,,
EV001821,E01821,hire,2024-07-15,2024-07,,D05,,L4,,
EV001822,E01822,hire,2018-08-10,2018-08,,D01,,L2,,
EV001823,E01823,hire,2023-03-14,2023-03,,D04,,L2,,
EV001824,E01824,hire,2021-04-26,2021-04,,D07,,L1,,
EV001825,E01825,hire,2020-04-03,2020-04,,D09,,L1,,
EV001826,E01826,hire,2024-07-10,2024-07,,D01,,L3,,
EV001827,E01827,hire,2019-01-25,2019-01,,D01,,L2,,
EV001828,E01828,hire,2022-02-04,2022-02,,D01,,L1,,
EV001829,E01829,hire,2022-09-14,2022-09,,D01,,L2,,
EV001830,E01830,hire,2024-10-12,2024-10,,D12,,L4,,
EV001831,E01831,hire,2020-08-18,2020-08,,D03,,L5,,
EV001832,E01832,hire,2024-10-05,2024-10,,D10,,L3,,
EV001833,E01833,hire,2024-07-16,2024-07,,D01,,L5,,
EV001834,E01834,hire,2017-05-23,2017-05,,D04,,L5,,
EV001835,E01835,hire,2020-09-04,2020-09,,D06,,L4,,
EV001836,E01836,hire,2024-01-20,2024-01,,D05,,L2,,
EV001837,E01837,hire,2024-03-10,2024-03,,D04,,L2,,
EV001838,E01838,hire,2023-01-14,2023-01,,D02,,L1,,
EV001839,E01839,hire,2018-08-24,2018-08,,D01,,L2,,
EV001840,E01840,hire,2017-01-27,2017-01,,D03,,L5,,
EV001841,E01841,hire,2023-12-12,2023-12,,D02,,L2,,
EV001842,E01842,hire,2020-01-19,2020-01,,D12,,L3,,
EV001843,E01843,hire,2021-07-20,2021-07,,D01,,L2,,
EV001844,E01844,hire,2024-05-29,2024-05,,D02,,L3,,
EV001845,E01845,hire,2017-08-06,2017-08,,D01,,L1,,
EV001846,E01846,hire,2020-03-28,2020-03,,D03,,L1,,
EV001847,E01847,hire,2024-02-08,2024-02,,D05,,L1,,
EV001848,E01848,hire,2019-08-14,2019-08,,D01,,L5,,
EV001849,E01849,hire,2021-03-04,2021-03,,D06,,L3,,
EV001850,E01850,hire,2024-09-13,2024-09,,D05,,L3,,
EV001851,E01851,hire,2017-06-28,2017-06,,D01,,L1,,
EV001852,E01852,hire,2017-04-21,2017-04,,D01,,L3,,
EV001853,E01853,hire,2021-05-27,2021-05,,D01,,L2,,
EV001854,E01854,hire,2020-07-16,2020-07,,D04,,L1,,
EV001855,E01855,hire,2018-08-05,2018-08,,D12,,L6,,
EV001856,E01856,hire,2018-02-16,2018-02,,D01,,L1,,
EV001857,E01857,hire,2017-03-05,2017-03,,D06,,L1,,
EV001858,E01858,hire,2021-12-30,2021-12,,D03,,L4,,
EV001859,E01859,hire,2017-09-14,2017-09,,D03,,L1,,
EV001860,E01860,hire,2019-05-20,2019-05,,D05,,L2,,
EV001861,E01861,hire,2019-04-07,2019-04,,D01,,L6,,
EV001862,E01862,hire,2018-05-07,2018-05,,D03,,L1,,
EV001863,E01863,hire,2023-10-22,2023-10,,D03,,L3,,
EV001864,E01864,hire,2017-09-12,2017-09,,D02,,L3,,
EV001865,E01865,hire,2017-07-19,2017-07,,D01,,L7,,
EV001866,E01866,hire,2018-03-28,2018-03,,D01,,L4,,
EV001867,E01867,hire,2024-12-17,2024-12,,D11,,L1,,
EV001868,E01868,hire,2019-03-29,2019-03,,D01,,L4,,
EV001869,E01869,hire,2017-04-24,2017-04,,D01,,L2,,
EV001870,E01870,hire,2024-06-09,2024-06,,D12,,L2,,
EV001871,E01871,hire,2023-07-17,2023-07,,D02,,L1,,
EV001872,E01872,hire,2018-07-30,2018-07,,D08,,L6,,
EV001873,E01873,hire,2020-02-14,2020-02,,D11,,L4,,
EV001874,E01874,hire,2023-07-31,2023-07,,D02,,L1,,
EV001875,E01875,hire,2019-02-17,2019-02,,D07,,L1,,
EV001876,E01876,hire,2017-11-30,2017-11,,D09,,L1,,
EV001877,E01877,hire,2018-01-06,2018-01,,D08,,L4,,
EV001878,E01878,hire,2019-06-07,2019-06,,D06,,L1,,
EV001879,E01879,hire,2024-05-16,2024-05,,D01,,L4,,
EV001880,E01880,hire,2022-10-14,2022-10,,D01,,L1,,
EV001881,E01881,hire,2024-12-12,2024-12,,D09,,L1,,
EV001882,E01882,hire,2024-04-11,2024-04,,D03,,L3,,
EV001883,E01883,hire,2023-08-30,2023-08,,D02,,L2,,
EV001884,E01884,hire,2017-06-28,2017-06,,D03,,L5,,
EV001885,E01885,hire,2019-07-06,2019-07,,D04,,L3,,
EV001886,E01886,hire,2023-08-26,2023-08,,D03,,L2,,
EV001887,E01887,hire,2021-01-29,2021-01,,D05,,L6,,
EV001888,E01888,hire,2024-12-24,2024-12,,D01,,L4,,
EV001889,E01889,hire,2023-02-03,2023-02,,D05,,L1,,
EV001890,E01890,hire,2024-11-02,2024-11,,D10,,L1,,
EV001891,E01891,hire,2019-12-15,2019-12,,D02,,L2,,
EV001892,E01892,hire,2019-11-15,2019-11,,D02,,L1,,
EV001893,E01893,hire,2022-06-09,2022-06,,D12,,L1,,
EV001894,E01894,hire,2022-08-04,2022-08,,D08,,L2,,
EV001895,E01895,hire,2024-09-09,2024-09,,D01,,L1,,
EV001896,E01896,hire,2021-07-12,2021-07,,D01,,L3,,
EV001897,E01897,hire,2021-08-03,2021-08,,D03,,L3,,
EV001898,E01898,hire,2018-08-18,2018-08,,D04,,L1,,
EV001899,E01899,hire,2018-01-04,2018-01,,D01,,L1,,
EV001900,E01900,hire,2019-07-25,2019-07,,D01,,L1,,
EV001901,E01901,hire,2018-02-10,2018-02,,D02,,L3,,
EV001902,E01902,hire,2018-06-14,2018-06,,D12,,L2,,
EV001903,E01903,hire,2022-01-14,2022-01,,D03,,L3,,
EV001904,E01904,hire,2018-12-17,2018-12,,D03,,L2,,
EV001905,E01905,hire,2021-05-11,2021-05,,D01,,L1,,
EV001906,E01906,hire,2019-10-06,2019-10,,D04,,L3,,
EV001907,E01907,hire,2018-05-30,2018-05,,D06,,L2,,
EV001908,E01908,hire,2018-04-27,2018-04,,D05,,L3,,
EV001909,E01909,hire,2023-07-12,2023-07,,D02,,L1,,
EV001910,E01910,hire,2022-10-18,2022-10,,D03,,L2,,
EV001911,E01911,hire,2024-10-23,2024-10,,D01,,L6,,
EV001912,E01912,hire,2017-05-10,2017-05,,D01,,L7,,
EV001913,E01913,hire,2022-09-09,2022-09,,D01,,L2,,
EV001914,E01914,hire,2017-11-24,2017-11,,D11,,L5,,
EV001915,E01915,hire,2018-11-24,2018-11,,D04,,L1,,
EV001916,E01916,hire,2020-09-24,2020-09,,D03,,L3,,
EV001917,E01917,hire,2024-10-09,2024-10,,D03,,L1,,
EV001918,E01918,hire,2020-11-13,2020-11,,D09,,L2,,
EV001919,E01919,hire,2024-11-16,2024-11,,D01,,L3,,
EV001920,E01920,hire,2023-01-06,2023-01,,D04,,L4,,
EV001921,E01921,hire,2024-02-18,2024-02,,D02,,L5,,
EV001922,E01922,hire,2022-07-30,2022-07,,D01,,L3,,
EV001923,E01923,hire,2024-06-12,2024-06,,D03,,L1,,
EV001924,E01924,hire,2024-12-25,2024-12,,D03,,L4,,
EV001925,E01925,hire,2024-01-03,2024-01,,D12,,L1,,
EV001926,E01926,hire,2021-07-29,2021-07,,D04,,L1,,
EV001927,E01927,hire,2024-04-23,2024-04,,D01,,L6,,
EV001928,E01928,hire,2017-11-09,2017-11,,D01,,L3,,
EV001929,E01929,hire,2024-06-19,2024-06,,D05,,L6,,
EV001930,E01930,hire,2022-07-26,2022-07,,D07,,L3,,
EV001931,E01931,hire,2024-11-10,2024-11,,D09,,L1,,
EV001932,E01932,hire,2024-06-20,2024-06,,D07,,L2,,
EV001933,E01933,hire,2020-11-15,2020-11,,D01,,L3,,
EV001934,E01934,hire,2024-11-30,2024-11,,D01,,L2,,
EV001935,E01935,hire,2021-05-01,2021-05,,D03,,L3,,
EV001936,E01936,hire,2023-02-06,2023-02,,D12,,L1,,
EV001937,E01937,hire,2017-10-16,2017-10,,D03,,L4,,
EV001938,E01938,hire,2021-10-16,2021-10,,D01,,L2,,
EV001939,E01939,hire,2020-03-30,2020-03,,D01,,L2,,
EV001940,E01940,hire,2022-01-02,2022-01,,D03,,L3,,
EV001941,E01941,hire,2024-01-04,2024-01,,D05,,L1,,
EV001942,E01942,hire,2021-06-21,2021-06,,D05,,L1,,
EV001943,E01943,hire,2023-03-31,2023-03,,D05,,L4,,
EV001944,E01944,hire,2019-06-04,2019-06,,D03,,L5,,
EV001945,E01945,hire,2017-02-19,2017-02,,D09,,L1,,
EV001946,E01946,hire,2024-11-23,2024-11,,D01,,L6,,
EV001947,E01947,hire,2017-03-28,2017-03,,D03,,L1,,
EV001948,E01948,hire,2022-02-22,2022-02,,D01,,L2,,
EV001949,E01949,hire,2018-01-04,2018-01,,D03,,L4,,
EV001950,E01950,hire,2020-03-28,2020-03,,D04,,L4,,
EV001951,E01951,hire,2019-12-18,2019-12,,D03,,L4,,
EV001952,E01952,hire,2018-10-01,2018-10,,D11,,L3,,
EV001953,E01953,hire,2017-08-20,2017-08,,D05,,L4,,
EV001954,E01954,hire,2022-10-23,2022-10,,D01,,L2,,
EV001955,E01955,hire,2019-06-03,2019-06,,D03,,L4,,
EV001956,E01956,hire,2023-12-19,2023-12,,D05,,L3,,
EV001957,E01957,hire,2020-10-25,2020-10,,D01,,L2,,
EV001958,E01958,hire,2018-11-20,2018-11,,D01,,L2,,
EV001959,E01959,hire,2024-04-15,2024-04,,D03,,L4,,
EV001960,E01960,hire,2020-09-06,2020-09,,D06,,L6,,
EV001961,E01961,hire,2024-01-23,2024-01,,D11,,L2,,
EV001962,E01962,hire,2019-08-31,2019-08,,D09,,L4,,
EV001963,E01963,hire,2017-03-22,2017-03,,D01,,L3,,
EV001964,E01964,hire,2020-07-28,2020-07,,D02,,L3,,
EV001965,E01965,hire,2019-03-24,2019-03,,D01,,L3,,
EV001966,E01966,hire,2017-02-11,2017-02,,D01,,L3,,
EV001967,E01967,hire,2023-02-22,2023-02,,D06,,L1,,
EV001968,E01968,hire,2020-09-26,2020-09,,D11,,L1,,
EV001969,E01969,hire,2022-04-03,2022-04,,D06,,L5,,
EV001970,E01970,hire,2023-11-24,2023-11,,D04,,L1,,
EV001971,E01971,hire,2022-12-04,2022-12,,D02,,L3,,
EV001972,E01972,hire,2020-10-06,2020-10,,D03,,L4,,
EV001973,E01973,hire,2018-10-31,2018-10,,D01,,L1,,
EV001974,E01974,hire,2022-11-21,2022-11,,D11,,L3,,
EV001975,E01975,hire,2022-07-21,2022-07,,D05,,L3,,
EV001976,E01976,hire,2024-12-13,2024-12,,D01,,L3,,
EV001977,E01977,hire,2020-11-25,2020-11,,D02,,L3,,
EV001978,E01978,hire,2019-05-11,2019-05,,D01,,L1,,
EV001979,E01979,hire,2023-11-18,2023-11,,D07,,L1,,
EV001980,E01980,hire,2022-03-15,2022-03,,D01,,L1,,
EV001981,E01981,hire,2024-02-14,2024-02,,D06,,L5,,
EV001982,E01982,hire,2024-12-20,2024-12,,D08,,L1,,
EV001983,E01983,hire,2024-01-26,2024-01,,D01,,L3,,
EV001984,E01984,hire,2023-10-31,2023-10,,D01,,L4,,
EV001985,E01985,hire,2021-10-26,2021-10,,D01,,L5,,
EV001986,E01986,hire,2024-12-23,2024-12,,D11,,L4,,
EV001987,E01987,hire,2023-03-11,2023-03,,D08,,L4,,
EV001988,E01988,hire,2020-04-05,2020-04,,D01,,L2,,
EV001989,E01989,hire,2023-11-07,2023-11,,D04,,L5,,
EV001990,E01990,hire,2024-12-25,2024-12,,D11,,L3,,
EV001991,E01991,hire,2021-09-21,2021-09,,D03,,L3,,
EV001992,E01992,hire,2020-01-13,2020-01,,D06,,L2,,
EV001993,E01993,hire,2017-05-19,2017-05,,D01,,L2,,
EV001994,E01994,hire,2022-12-31,2022-12,,D02,,L3,,
EV001995,E01995,hire,2024-06-14,2024-06,,D06,,L1,,
EV001996,E01996,hire,2021-12-17,2021-12,,D04,,L1,,
EV001997,E01997,hire,2022-12-16,2022-12,,D06,,L5,,
EV001998,E01998,hire,2023-07-27,2023-07,,D06,,L2,,
EV001999,E01999,hire,2017-07-16,2017-07,,D01,,L4,,
EV002000,E02000,hire,2019-10-09,2019-10,,D12,,L2,,
EV002001,E02001,hire,2021-11-04,2021-11,,D05,,L4,,
EV002002,E02002,hire,2023-12-30,2023-12,,D01,,L3,,
EV002003,E02003,hire,2024-01-08,2024-01,,D03,,L6,,
EV002004,E02004,hire,2024-07-22,2024-07,,D02,,L3,,
EV002005,E02005,hire,2020-12-06,2020-12,,D11,,L2,,
EV002006,E02006,hire,2024-07-20,2024-07,,D12,,L2,,
EV002007,E02007,hire,2024-12-26,2024-12,,D09,,L6,,
EV002008,E02008,hire,2022-04-09,2022-04,,D02,,L2,,
EV002009,E02009,hire,2022-01-11,2022-01,,D12,,L1,,
EV002010,E02010,hire,2024-08-09,2024-08,,D01,,L1,,
EV002011,E02011,hire,2017-03-05,2017-03,,D02,,L1,,
EV002012,E02012,hire,2024-10-27,2024-10,,D06,,L3,,
EV002013,E02013,hire,2018-12-05,2018-12,,D02,,L5,,
EV002014,E02014,hire,2022-06-19,2022-06,,D11,,L3,,
EV002015,E02015,hire,2024-08-23,2024-08,,D09,,L4,,
EV002016,E02016,hire,2023-05-21,2023-05,,D07,,L1,,
EV002017,E02017,hire,2020-11-02,2020-11,,D06,,L5,,
EV002018,E02018,hire,2018-03-01,2018-03,,D12,,L4,,
EV002019,E02019,hire,2022-04-29,2022-04,,D01,,L4,,
EV002020,E02020,hire,2018-08-09,2018-08,,D11,,L3,,
EV002021,E02021,hire,2023-12-05,2023-12,,D01,,L1,,
EV002022,E02022,hire,2024-12-02,2024-12,,D06,,L5,,
EV002023,E02023,hire,2019-10-07,2019-10,,D01,,L1,,
EV002024,E02024,hire,2020-01-27,2020-01,,D03,,L2,,
EV002025,E02025,hire,2022-11-23,2022-11,,D01,,L3,,
EV002026,E02026,hire,2023-11-16,2023-11,,D01,,L2,,
EV002027,E02027,hire,2021-05-16,2021-05,,D05,,L4,,
EV002028,E02028,hire,2022-12-09,2022-12,,D01,,L1,,
EV002029,E02029,hire,2024-01-31,2024-01,,D09,,L2,,
EV002030,E02030,hire,2023-10-25,2023-10,,D01,,L6,,
EV002031,E02031,hire,2018-07-01,2018-07,,D01,,L6,,
EV002032,E02032,hire,2018-05-09,2018-05,,D01,,L1,,
EV002033,E02033,hire,2021-07-13,2021-07,,D07,,L2,,
EV002034,E02034,hire,2022-09-27,2022-09,,D06,,L2,,
EV002035,E02035,hire,2018-07-19,2018-07,,D12,,L3,,
EV002036,E02036,hire,2021-09-25,2021-09,,D04,,L2,,
EV002037,E02037,hire,2017-08-16,2017-08,,D04,,L5,,
EV002038,E02038,hire,2018-04-08,2018-04,,D02,,L5,,
EV002039,E02039,hire,2020-01-06,2020-01,,D12,,L2,,
EV002040,E02040,hire,2023-04-16,2023-04,,D03,,L5,,
EV002041,E02041,hire,2019-07-15,2019-07,,D02,,L4,,
EV002042,E02042,hire,2018-09-28,2018-09,,D08,,L5,,
EV002043,E02043,hire,2023-07-10,2023-07,,D02,,L4,,
EV002044,E02044,hire,2017-07-30,2017-07,,D05,,L2,,
EV002045,E02045,hire,2019-12-14,2019-12,,D03,,L1,,
EV002046,E02046,hire,2024-07-14,2024-07,,D01,,L5,,
EV002047,E02047,hire,2020-02-21,2020-02,,D05,,L3,,
EV002048,E02048,hire,2018-09-21,2018-09,,D03,,L2,,
EV002049,E02049,hire,2021-06-14,2021-06,,D02,,L5,,
EV002050,E02050,hire,2019-08-08,2019-08,,D07,,L1,,
EV002051,E02051,hire,2022-12-19,2022-12,,D02,,L4,,
EV002052,E02052,hire,2024-02-25,2024-02,,D01,,L2,,
EV002053,E02053,hire,2019-10-14,2019-10,,D04,,L7,,
EV002054,E02054,hire,2017-01-28,2017-01,,D01,,L4,,
EV002055,E02055,hire,2022-08-02,2022-08,,D04,,L2,,
EV002056,E02056,hire,2020-12-07,2020-12,,D05,,L2,,
EV002057,E02057,hire,2024-05-07,2024-05,,D03,,L4,,
EV002058,E02058,hire,2021-08-29,2021-08,,D02,,L1,,
EV002059,E02059,hire,2018-06-08,2018-06,,D01,,L4,,
EV002060,E02060,hire,2023-10-08,2023-10,,D01,,L5,,
EV002061,E02061,hire,2017-11-25,2017-11,,D06,,L2,,
EV002062,E02062,hire,2023-02-05,2023-02,,D12,,L5,,
EV002063,E02063,hire,2023-01-16,2023-01,,D11,,L2,,
EV002064,E02064,hire,2021-06-22,2021-06,,D07,,L4,,
EV002065,E02065,hire,2021-08-21,2021-08,,D09,,L3,,
EV002066,E02066,hire,2024-03-20,2024-03,,D12,,L7,,
EV002067,E02067,hire,2019-10-18,2019-10,,D01,,L5,,
EV002068,E02068,hire,2020-09-06,2020-09,,D01,,L1,,
EV002069,E02069,hire,2024-09-23,2024-09,,D07,,L2,,
EV002070,E02070,hire,2023-11-30,2023-11,,D11,,L5,,
EV002071,E02071,hire,2023-03-24,2023-03,,D06,,L5,,
EV002072,E02072,hire,2024-10-22,2024-10,,D03,,L1,,
EV002073,E02073,hire,2024-07-23,2024-07,,D01,,L2,,
EV002074,E02074,hire,2021-05-02,2021-05,,D01,,L1,,
EV002075,E02075,hire,2024-11-13,2024-11,,D08,,L3,,
EV002076,E02076,hire,2017-09-02,2017-09,,D11,,L1,,
EV002077,E02077,hire,2024-12-14,2024-12,,D03,,L4,,
EV002078,E02078,hire,2022-02-16,2022-02,,D01,,L2,,
EV002079,E02079,hire,2019-10-30,2019-10,,D03,,L1,,
EV002080,E02080,hire,2021-11-09,2021-11,,D05,,L5,,
EV002081,E02081,hire,2020-08-24,2020-08,,D09,,L1,,
EV002082,E02082,hire,2019-08-16,2019-08,,D10,,L3,,
EV002083,E02083,hire,2019-02-25,2019-02,,D04,,L3,,
EV002084,E02084,hire,2023-01-20,2023-01,,D01,,L3,,
EV002085,E02085,hire,2019-11-11,2019-11,,D09,,L3,,
EV002086,E02086,hire,2020-04-01,2020-04,,D04,,L1,,
EV002087,E02087,hire,2021-08-29,2021-08,,D04,,L1,,
EV002088,E02088,hire,2017-08-12,2017-08,,D04,,L2,,
EV002089,E02089,hire,2023-09-17,2023-09,,D02,,L1,,
EV002090,E02090,hire,2023-04-05,2023-04,,D06,,L3,,
EV002091,E02091,hire,2023-07-17,2023-07,,D02,,L2,,
EV002092,E02092,hire,2022-09-17,2022-09,,D05,,L2,,
EV002093,E02093,hire,2019-12-06,2019-12,,D07,,L4,,
EV002094,E02094,hire,2024-05-23,2024-05,,D03,,L3,,
EV002095,E02095,hire,2024-10-31,2024-10,,D08,,L1,,
EV002096,E02096,hire,2023-07-10,2023-07,,D03,,L5,,
EV002097,E02097,hire,2017-10-08,2017-10,,D05,,L1,,
EV002098,E02098,hire,2024-06-17,2024-06,,D06,,L1,,
EV002099,E02099,hire,2018-11-28,2018-11,,D12,,L1,,
EV002100,E02100,hire,2018-08-02,2018-08,,D02,,L1,,
EV002101,E02101,hire,2017-12-02,2017-12,,D04,,L2,,
EV002102,E02102,hire,2024-12-03,2024-12,,D03,,L1,,
EV002103,E02103,hire,2024-05-27,2024-05,,D06,,L1,,
EV002104,E02104,hire,2019-04-29,2019-04,,D03,,L2,,
EV002105,E02105,hire,2023-06-14,2023-06,,D02,,L5,,
EV002106,E02106,hire,2017-07-22,2017-07,,D02,,L1,,
EV002107,E02107,hire,2024-01-20,2024-01,,D01,,L1,,
EV002108,E02108,hire,2017-06-04,2017-06,,D12,,L4,,
EV002109,E02109,hire,2022-10-08,2022-10,,D05,,L3,,
EV002110,E02110,hire,2023-12-04,2023-12,,D09,,L6,,
EV002111,E02111,hire,2020-07-24,2020-07,,D01,,L4,,
EV002112,E02112,hire,2020-09-14,2020-09,,D12,,L1,,
EV002113,E02113,hire,2022-01-18,2022-01,,D06,,L2,,
EV002114,E02114,hire,2024-07-31,2024-07,,D07,,L5,,
EV002115,E02115,hire,2022-11-13,2022-11,,D01,,L3,,
EV002116,E02116,hire,2024-05-19,2024-05,,D01,,L4,,
EV002117,E02117,hire,2022-01-25,2022-01,,D04,,L3,,
EV002118,E02118,hire,2024-09-24,2024-09,,D01,,L2,,
EV002119,E02119,hire,2018-07-19,2018-07,,D03,,L2,,
EV002120,E02120,hire,2024-10-25,2024-10,,D08,,L1,,
EV002121,E02121,hire,2022-06-19,2022-06,,D08,,L3,,
EV002122,E02122,hire,2020-01-27,2020-01,,D12,,L3,,
EV002123,E02123,hire,2024-05-02,2024-05,,D03,,L4,,
EV002124,E02124,hire,2017-05-11,2017-05,,D11,,L2,,
EV002125,E02125,hire,2024-08-25,2024-08,,D01,,L1,,
EV002126,E02126,hire,2020-08-08,2020-08,,D01,,L3,,
EV002127,E02127,hire,2023-08-15,2023-08,,D02,,L1,,
EV002128,E02128,hire,2018-02-07,2018-02,,D11,,L1,,
EV002129,E02129,hire,2023-07-18,2023-07,,D01,,L3,,
EV002130,E02130,hire,2024-12-19,2024-12,,D02,,L4,,
EV002131,E02131,hire,2021-06-03,2021-06,,D01,,L1,,
EV002132,E02132,hire,2023-06-26,2023-06,,D11,,L2,,
EV002133,E02133,hire,2021-04-28,2021-04,,D04,,L1,,
EV002134,E02134,hire,2022-12-09,2022-12,,D01,,L2,,
EV002135,E02135,hire,2017-11-10,2017-11,,D01,,L1,,
EV002136,E02136,hire,2017-10-16,2017-10,,D01,,L3,,
EV002137,E02137,hire,2021-07-16,2021-07,,D02,,L3,,
EV002138,E02138,hire,2022-12-11,2022-12,,D08,,L4,,
EV002139,E02139,hire,2017-12-20,2017-12,,D07,,L6,,
EV002140,E02140,hire,2017-10-15,2017-10,,D01,,L4,,
EV002141,E02141,hire,2017-09-19,2017-09,,D03,,L3,,
EV002142,E02142,hire,2024-07-27,2024-07,,D01,,L5,,
EV002143,E02143,hire,2017-08-07,2017-08,,D01,,L2,,
EV002144,E02144,hire,2021-03-28,2021-03,,D01,,L4,,
EV002145,E02145,hire,2021-07-23,2021-07,,D01,,L7,,
EV002146,E02146,hire,2023-07-22,2023-07,,D09,,L3,,
EV002147,E02147,hire,2024-10-30,2024-10,,D08,,L2,,
EV002148,E02148,hire,2022-11-01,2022-11,,D01,,L3,,
EV002149,E02149,hire,2021-09-13,2021-09,,D01,,L4,,
EV002150,E02150,hire,2024-11-23,2024-11,,D01,,L5,,
EV002151,E02151,hire,2022-03-24,2022-03,,D01,,L1,,
EV002152,E02152,hire,2024-04-26,2024-04,,D06,,L6,,
EV002153,E02153,hire,2024-06-05,2024-06,,D06,,L1,,
EV002154,E02154,hire,2024-12-13,2024-12,,D01,,L1,,
EV002155,E02155,hire,2023-11-26,2023-11,,D01,,L1,,
EV002156,E02156,hire,2021-03-30,2021-03,,D01,,L1,,
EV002157,E02157,hire,2019-07-15,2019-07,,D04,,L2,,
EV002158,E02158,hire,2024-04-04,2024-04,,D11,,L6,,
EV002159,E02159,hire,2023-04-22,2023-04,,D11,,L4,,
EV002160,E02160,hire,2019-03-05,2019-03,,D03,,L1,,
EV002161,E02161,hire,2022-10-28,2022-10,,D06,,L1,,
EV002162,E02162,hire,2022-01-19,2022-01,,D02,,L1,,
EV002163,E02163,hire,2023-09-07,2023-09,,D11,,L5,,
EV002164,E02164,hire,2019-10-03,2019-10,,D11,,L2,,
EV002165,E02165,hire,2022-02-08,2022-02,,D01,,L1,,
EV002166,E02166,hire,2022-10-01,2022-10,,D03,,L1,,
EV002167,E02167,hire,2019-09-12,2019-09,,D12,,L2,,
EV002168,E02168,hire,2020-06-12,2020-06,,D06,,L2,,
EV002169,E02169,hire,2023-12-29,2023-12,,D05,,L1,,
EV002170,E02170,hire,2021-08-12,2021-08,,D05,,L5,,
EV002171,E02171,hire,2022-03-20,2022-03,,D03,,L6,,
EV002172,E02172,hire,2024-09-22,2024-09,,D11,,L1,,
EV002173,E02173,hire,2019-03-22,2019-03,,D01,,L3,,
EV002174,E02174,hire,2022-12-05,2022-12,,D09,,L5,,
EV002175,E02175,hire,2019-07-06,2019-07,,D04,,L2,,
EV002176,E02176,hire,2024-10-18,2024-10,,D01,,L2,,
EV002177,E02177,hire,2024-06-02,2024-06,,D03,,L3,,
EV002178,E02178,hire,2020-01-04,2020-01,,D12,,L1,,
EV002179,E02179,hire,2024-12-25,2024-12,,D01,,L1,,
EV002180,E02180,hire,2023-11-07,2023-11,,D12,,L3,,
EV002181,E02181,hire,2021-02-14,2021-02,,D01,,L2,,
EV002182,E02182,hire,2024-12-23,2024-12,,D02,,L3,,
EV002183,E02183,hire,2022-01-15,2022-01,,D07,,L6,,
EV002184,E02184,hire,2018-06-13,2018-06,,D10,,L1,,
EV002185,E02185,hire,2020-05-29,2020-05,,D01,,L2,,
EV002186,E02186,hire,2024-12-06,2024-12,,D01,,L2,,
EV002187,E02187,hire,2018-09-04,2018-09,,D01,,L3,,
EV002188,E02188,hire,2017-11-26,2017-11,,D12,,L1,,
EV002189,E02189,hire,2018-07-15,2018-07,,D01,,L7,,
EV002190,E02190,hire,2019-01-06,2019-01,,D01,,L1,,
EV002191,E02191,hire,2017-03-26,2017-03,,D06,,L4,,
EV002192,E02192,hire,2021-12-31,2021-12,,D01,,L2,,
EV002193,E02193,hire,2022-07-06,2022-07,,D01,,L5,,
EV002194,E02194,hire,2017-08-26,2017-08,,D05,,L1,,
EV002195,E02195,hire,2024-10-06,2024-10,,D11,,L5,,
EV002196,E02196,hire,2024-09-13,2024-09,,D01,,L3,,
EV002197,E02197,hire,2017-04-08,2017-04,,D09,,L3,,
EV002198,E02198,hire,2022-07-29,2022-07,,D03,,L2,,
EV002199,E02199,hire,2024-11-22,2024-11,,D01,,L1,,
EV002200,E02200,hire,2022-08-19,2022-08,,D03,,L1,,
EV002201,E02201,hire,2018-03-22,2018-03,,D11,,L3,,
EV002202,E02202,hire,2022-02-01,2022-02,,D04,,L2,,
EV002203,E02203,hire,2018-03-05,2018-03,,D07,,L3,,
EV002204,E02204,hire,2017-11-17,2017-11,,D12,,L3,,
EV002205,E02205,hire,2019-07-24,2019-07,,D01,,L4,,
EV002206,E02206,hire,2024-08-16,2024-08,,D02,,L3,,
EV002207,E02207,hire,2023-04-06,2023-04,,D03,,L7,,
EV002208,E02208,hire,2022-02-18,2022-02,,D08,,L2,,
EV002209,E02209,hire,2024-12-09,2024-12,,D04,,L3,,
EV002210,E02210,hire,2022-08-31,2022-08,,D05,,L2,,
EV002211,E02211,hire,2024-06-15,2024-06,,D03,,L1,,
EV002212,E02212,hire,2018-08-06,2018-08,,D03,,L1,,
EV002213,E02213,hire,2019-05-24,2019-05,,D01,,L2,,
EV002214,E02214,hire,2023-07-18,2023-07,,D01,,L3,,
EV002215,E02215,hire,2023-04-25,2023-04,,D04,,L2,,
EV002216,E02216,hire,2019-11-24,2019-11,,D11,,L1,,
EV002217,E02217,hire,2024-05-25,2024-05,,D01,,L4,,
EV002218,E02218,hire,2024-09-03,2024-09,,D12,,L4,,
EV002219,E02219,hire,2023-06-16,2023-06,,D07,,L2,,
EV002220,E02220,hire,2024-08-03,2024-08,,D05,,L2,,
EV002221,E02221,hire,2021-03-18,2021-03,,D02,,L2,,
EV002222,E02222,hire,2022-04-21,2022-04,,D01,,L1,,
EV002223,E02223,hire,2022-04-15,2022-04,,D05,,L1,,
EV002224,E02224,hire,2017-04-23,2017-04,,D01,,L6,,
EV002225,E02225,hire,2023-07-09,2023-07,,D11,,L4,,
EV002226,E02226,hire,2018-10-09,2018-10,,D01,,L3,,
EV002227,E02227,hire,2017-10-09,2017-10,,D01,,L2,,
EV002228,E02228,hire,2024-12-06,2024-12,,D01,,L4,,
EV002229,E02229,hire,2018-06-17,2018-06,,D01,,L1,,
EV002230,E02230,hire,2022-05-27,2022-05,,D02,,L2,,
EV002231,E02231,hire,2017-04-17,2017-04,,D02,,L1,,
EV002232,E02232,hire,2021-05-18,2021-05,,D02,,L3,,
EV002233,E02233,hire,2021-03-18,2021-03,,D12,,L4,,
EV002234,E02234,hire,2021-05-11,2021-05,,D10,,L4,,
EV002235,E02235,hire,2020-06-21,2020-06,,D01,,L3,,
EV002236,E02236,hire,2019-06-16,2019-06,,D01,,L6,,
EV002237,E02237,hire,2021-01-06,2021-01,,D02,,L1,,
EV002238,E02238,hire,2021-02-09,2021-02,,D10,,L1,,
EV002239,E02239,hire,2019-12-17,2019-12,,D05,,L1,,
EV002240,E02240,hire,2024-11-12,2024-11,,D01,,L1,,
EV002241,E02241,hire,2024-10-16,2024-10,,D01,,L4,,
EV002242,E02242,hire,2024-11-05,2024-11,,D03,,L3,,
EV002243,E02243,hire,2017-10-02,2017-10,,D12,,L2,,
EV002244,E02244,hire,2024-10-19,2024-10,,D07,,L1,,
EV002245,E02245,hire,2017-02-28,2017-02,,D07,,L3,,
EV002246,E02246,hire,2022-06-25,2022-06,,D01,,L1,,
EV002247,E02247,hire,2024-05-28,2024-05,,D08,,L3,,
EV002248,E02248,hire,2024-04-03,2024-04,,D01,,L3,,
EV002249,E02249,hire,2019-07-10,2019-07,,D11,,L1,,
EV002250,E02250,hire,2024-10-10,2024-10,,D01,,L2,,
EV002251,E02251,hire,2020-01-28,2020-01,,D05,,L3,,
EV002252,E02252,hire,2023-02-10,2023-02,,D03,,L1,,
EV002253,E02253,hire,2017-05-07,2017-05,,D05,,L3,,
EV002254,E02254,hire,2022-01-16,2022-01,,D07,,L6,,
EV002255,E02255,hire,2017-06-04,2017-06,,D06,,L1,,
EV002256,E02256,hire,2017-05-28,2017-05,,D01,,L2,,
EV002257,E02257,hire,2024-12-24,2024-12,,D03,,L6,,
EV002258,E02258,hire,2017-12-29,2017-12,,D05,,L1,,
EV002259,E02259,hire,2022-07-19,2022-07,,D04,,L1,,
EV002260,E02260,hire,2020-05-16,2020-05,,D01,,L1,,
EV002261,E02261,hire,2023-04-21,2023-04,,D03,,L2,,
EV002262,E02262,hire,2020-03-31,2020-03,,D05,,L1,,
EV002263,E02263,hire,2020-01-31,2020-01,,D10,,L3,,
EV002264,E02264,hire,2018-06-23,2018-06,,D06,,L4,,
EV002265,E02265,hire,2023-11-12,2023-11,,D06,,L6,,
EV002266,E02266,hire,2019-03-30,2019-03,,D12,,L1,,
EV002267,E02267,hire,2024-05-02,2024-05,,D06,,L1,,
EV002268,E02268,hire,2023-04-19,2023-04,,D09,,L2,,
EV002269,E02269,hire,2022-04-21,2022-04,,D11,,L4,,
EV002270,E02270,hire,2021-02-16,2021-02,,D03,,L1,,
EV002271,E02271,hire,2022-05-20,2022-05,,D11,,L1,,
EV002272,E02272,hire,2018-01-14,2018-01,,D09,,L4,,
EV002273,E02273,hire,2020-12-28,2020-12,,D08,,L4,,
EV002274,E02274,hire,2022-05-19,2022-05,,D02,,L5,,
EV002275,E02275,hire,2022-09-08,2022-09,,D11,,L4,,
EV002276,E02276,hire,2019-07-26,2019-07,,D01,,L6,,
EV002277,E02277,hire,2022-04-25,2022-04,,D01,,L3,,
EV002278,E02278,hire,2023-10-31,2023-10,,D11,,L3,,
EV002279,E02279,hire,2022-10-31,2022-10,,D03,,L3,,
EV002280,E02280,hire,2017-05-16,2017-05,,D03,,L3,,
EV002281,E02281,hire,2019-12-27,2019-12,,D06,,L3,,
EV002282,E02282,hire,2023-10-25,2023-10,,D05,,L5,,
EV002283,E02283,hire,2023-12-06,2023-12,,D01,,L2,,
EV002284,E02284,hire,2023-04-06,2023-04,,D02,,L5,,
EV002285,E02285,hire,2020-05-24,2020-05,,D10,,L2,,
EV002286,E02286,hire,2024-10-27,2024-10,,D02,,L1,,
EV002287,E02287,hire,2020-10-22,2020-10,,D11,,L1,,
EV002288,E02288,hire,2021-03-06,2021-03,,D12,,L3,,
EV002289,E02289,hire,2018-11-26,2018-11,,D05,,L4,,
EV002290,E02290,hire,2024-06-26,2024-06,,D02,,L2,,
EV002291,E02291,hire,2022-05-17,2022-05,,D04,,L1,,
EV002292,E02292,hire,2019-02-26,2019-02,,D07,,L1,,
EV002293,E02293,hire,2018-09-07,2018-09,,D02,,L1,,
EV002294,E02294,hire,2022-08-10,2022-08,,D12,,L1,,
EV002295,E02295,hire,2023-04-17,2023-04,,D10,,L4,,
EV002296,E02296,hire,2019-12-04,2019-12,,D12,,L5,,
EV002297,E02297,hire,2024-12-17,2024-12,,D01,,L2,,
EV002298,E02298,hire,2017-06-27,2017-06,,D05,,L1,,
EV002299,E02299,hire,2017-12-09,2017-12,,D08,,L4,,
EV002300,E02300,hire,2018-08-13,2018-08,,D01,,L1,,
EV002301,E02301,hire,2019-08-30,2019-08,,D01,,L3,,
EV002302,E02302,hire,2024-05-08,2024-05,,D11,,L4,,
EV002303,E02303,hire,2020-02-01,2020-02,,D03,,L1,,
EV002304,E02304,hire,2023-10-14,2023-10,,D11,,L2,,
EV002305,E02305,hire,2022-05-29,2022-05,,D03,,L4,,
EV002306,E02306,hire,2024-05-16,2024-05,,D01,,L3,,
EV002307,E02307,hire,2024-12-26,2024-12,,D01,,L2,,
EV002308,E02308,hire,2017-05-19,2017-05,,D05,,L7,,
EV002309,E02309,hire,2024-07-25,2024-07,,D01,,L4,,
EV002310,E02310,hire,2021-06-19,2021-06,,D03,,L3,,
EV002311,E02311,hire,2023-01-14,2023-01,,D04,,L1,,
EV002312,E02312,hire,2022-06-02,2022-06,,D01,,L1,,
EV002313,E02313,hire,2017-10-31,2017-10,,D02,,L3,,
EV002314,E02314,hire,2022-02-21,2022-02,,D05,,L4,,
EV002315,E02315,hire,2022-04-01,2022-04,,D07,,L5,,
EV002316,E02316,hire,2022-11-11,2022-11,,D02,,L1,,
EV002317,E02317,hire,2022-06-18,2022-06,,D08,,L1,,
EV002318,E02318,hire,2021-04-13,2021-04,,D03,,L3,,
EV002319,E02319,hire,2019-03-05,2019-03,,D05,,L2,,
EV002320,E02320,hire,2024-01-26,2024-01,,D01,,L1,,
EV002321,E02321,hire,2021-06-16,2021-06,,D12,,L1,,
EV002322,E02322,hire,2021-10-25,2021-10,,D01,,L1,,
EV002323,E02323,hire,2021-04-18,2021-04,,D11,,L2,,
EV002324,E02324,hire,2018-07-11,2018-07,,D02,,L3,,
EV002325,E02325,hire,2024-04-26,2024-04,,D03,,L4,,
EV002326,E02326,hire,2021-08-05,2021-08,,D04,,L1,,
EV002327,E02327,hire,2022-03-05,2022-03,,D03,,L2,,
EV002328,E02328,hire,2018-09-13,2018-09,,D03,,L3,,
EV002329,E02329,hire,2023-04-18,2023-04,,D11,,L1,,
EV002330,E02330,hire,2023-04-10,2023-04,,D01,,L4,,
EV002331,E02331,hire,2018-09-11,2018-09,,D04,,L2,,
EV002332,E02332,hire,2020-01-31,2020-01,,D01,,L1,,
EV002333,E02333,hire,2023-12-09,2023-12,,D01,,L6,,
EV002334,E02334,hire,2023-08-05,2023-08,,D04,,L2,,
EV002335,E02335,hire,2021-07-30,2021-07,,D02,,L1,,
EV002336,E02336,hire,2023-12-09,2023-12,,D01,,L5,,
EV002337,E02337,hire,2021-09-23,2021-09,,D03,,L2,,
EV002338,E02338,hire,2020-03-05,2020-03,,D09,,L2,,
EV002339,E02339,hire,2018-06-02,2018-06,,D12,,L1,,
EV002340,E02340,hire,2022-05-30,2022-05,,D04,,L1,,
EV002341,E02341,hire,2017-03-13,2017-03,,D06,,L2,,
EV002342,E02342,hire,2023-12-24,2023-12,,D11,,L4,,
EV002343,E02343,hire,2017-07-05,2017-07,,D02,,L3,,
EV002344,E02344,hire,2024-01-17,2024-01,,D11,,L1,,
EV002345,E02345,hire,2020-01-16,2020-01,,D05,,L2,,
EV002346,E02346,hire,2024-08-17,2024-08,,D05,,L3,,
EV002347,E02347,hire,2022-10-30,2022-10,,D01,,L1,,
EV002348,E02348,hire,2018-08-23,2018-08,,D10,,L3,,
EV002349,E02349,hire,2023-11-15,2023-11,,D01,,L3,,
EV002350,E02350,hire,2023-05-11,2023-05,,D01,,L6,,
EV002351,E02351,hire,2024-09-09,2024-09,,D06,,L3,,
EV002352,E02352,hire,2023-01-12,2023-01,,D05,,L2,,
EV002353,E02353,hire,2021-11-02,2021-11,,D04,,L3,,
EV002354,E02354,hire,2022-12-24,2022-12,,D03,,L2,,
EV002355,E02355,hire,2023-01-13,2023-01,,D12,,L6,,
EV002356,E02356,hire,2020-08-18,2020-08,,D09,,L4,,
EV002357,E02357,hire,2023-07-17,2023-07,,D03,,L3,,
EV002358,E02358,hire,2024-06-26,2024-06,,D11,,L4,,
EV002359,E02359,hire,2019-10-12,2019-10,,D06,,L2,,
EV002360,E02360,hire,2018-01-23,2018-01,,D09,,L3,,
EV002361,E02361,hire,2023-10-29,2023-10,,D02,,L2,,
EV002362,E02362,hire,2017-03-28,2017-03,,D04,,L4,,
EV002363,E02363,hire,2022-01-02,2022-01,,D01,,L1,,
EV002364,E02364,hire,2021-02-21,2021-02,,D06,,L1,,
EV002365,E02365,hire,2023-01-27,2023-01,,D12,,L5,,
EV002366,E02366,hire,2024-09-13,2024-09,,D11,,L2,,
EV002367,E02367,hire,2018-07-14,2018-07,,D11,,L1,,
EV002368,E02368,hire,2019-12-03,2019-12,,D12,,L5,,
EV002369,E02369,hire,2018-02-15,2018-02,,D01,,L2,,
EV002370,E02370,hire,2019-09-09,2019-09,,D12,,L5,,
EV002371,E02371,hire,2024-10-29,2024-10,,D11,,L4,,
EV002372,E02372,hire,2023-02-23,2023-02,,D12,,L5,,
EV002373,E02373,hire,2020-03-31,2020-03,,D01,,L3,,
EV002374,E02374,hire,2023-11-04,2023-11,,D11,,L5,,
EV002375,E02375,hire,2024-02-25,2024-02,,D06,,L1,,
EV002376,E02376,hire,2023-03-27,2023-03,,D11,,L7,,
EV002377,E02377,hire,2019-08-13,2019-08,,D01,,L4,,
EV002378,E02378,hire,2022-06-08,2022-06,,D01,,L2,,
EV002379,E02379,hire,2024-07-05,2024-07,,D02,,L1,,
EV002380,E02380,hire,2024-08-12,2024-08,,D01,,L1,,
EV002381,E02381,hire,2024-07-29,2024-07,,D02,,L2,,
EV002382,E02382,hire,2022-12-02,2022-12,,D03,,L1,,
EV002383,E02383,hire,2023-09-30,2023-09,,D01,,L3,,
EV002384,E02384,hire,2018-08-14,2018-08,,D08,,L2,,
EV002385,E02385,hire,2023-09-26,2023-09,,D02,,L4,,
EV002386,E02386,hire,2021-03-18,2021-03,,D01,,L6,,
EV002387,E02387,hire,2024-03-16,2024-03,,D07,,L1,,
EV002388,E02388,hire,2022-04-13,2022-04,,D01,,L1,,
EV002389,E02389,hire,2023-10-09,2023-10,,D03,,L1,,
EV002390,E02390,hire,2024-12-29,2024-12,,D02,,L6,,
EV002391,E02391,hire,2020-02-25,2020-02,,D07,,L4,,
EV002392,E02392,hire,2020-04-11,2020-04,,D05,,L2,,
EV002393,E02393,hire,2022-09-29,2022-09,,D11,,L5,,
EV002394,E02394,hire,2020-10-21,2020-10,,D01,,L4,,
EV002395,E02395,hire,2023-01-24,2023-01,,D03,,L3,,
EV002396,E02396,hire,2024-09-12,2024-09,,D12,,L3,,
EV002397,E02397,hire,2021-09-26,2021-09,,D11,,L2,,
EV002398,E02398,hire,2022-11-15,2022-11,,D02,,L1,,
EV002399,E02399,hire,2023-06-20,2023-06,,D12,,L3,,
EV002400,E02400,hire,2017-04-16,2017-04,,D01,,L6,,
EV002401,E02401,hire,2024-09-14,2024-09,,D05,,L1,,
EV002402,E02402,hire,2022-09-11,2022-09,,D03,,L2,,
EV002403,E02403,hire,2022-09-22,2022-09,,D03,,L5,,
EV002404,E02404,hire,2019-05-08,2019-05,,D03,,L4,,
EV002405,E02405,hire,2024-11-20,2024-11,,D05,,L3,,
EV002406,E02406,hire,2018-08-02,2018-08,,D02,,L1,,
EV002407,E02407,hire,2019-05-20,2019-05,,D07,,L1,,
EV002408,E02408,hire,2024-10-22,2024-10,,D06,,L2,,
EV002409,E02409,hire,2023-03-04,2023-03,,D07,,L5,,
EV002410,E02410,hire,2024-09-13,2024-09,,D02,,L3,,
EV002411,E02411,hire,2022-01-26,2022-01,,D01,,L4,,
EV002412,E02412,hire,2017-01-28,2017-01,,D11,,L6,,
EV002413,E02413,hire,2021-12-25,2021-12,,D05,,L1,,
EV002414,E02414,hire,2024-02-12,2024-02,,D01,,L2,,
EV002415,E02415,hire,2022-10-17,2022-10,,D07,,L3,,
EV002416,E02416,hire,2024-08-02,2024-08,,D06,,L2,,
EV002417,E02417,hire,2019-11-14,2019-11,,D01,,L4,,
EV002418,E02418,hire,2018-11-22,2018-11,,D12,,L7,,
EV002419,E02419,hire,2020-09-18,2020-09,,D06,,L3,,
EV002420,E02420,hire,2024-04-23,2024-04,,D01,,L4,,
EV002421,E02421,hire,2022-06-13,2022-06,,D11,,L2,,
EV002422,E02422,hire,2021-04-03,2021-04,,D02,,L1,,
EV002423,E02423,hire,2018-07-15,2018-07,,D01,,L4,,
EV002424,E02424,hire,2017-11-24,2017-11,,D08,,L3,,
EV002425,E02425,hire,2024-02-18,2024-02,,D06,,L1,,
EV002426,E02426,hire,2019-09-19,2019-09,,D02,,L2,,
EV002427,E02427,hire,2023-09-22,2023-09,,D03,,L1,,
EV002428,E02428,hire,2019-11-06,2019-11,,D02,,L5,,
EV002429,E02429,hire,2024-09-08,2024-09,,D05,,L1,,
EV002430,E02430,hire,2024-12-14,2024-12,,D06,,L4,,
EV002431,E02431,hire,2019-06-23,2019-06,,D11,,L2,,
EV002432,E02432,hire,2024-03-02,2024-03,,D03,,L2,,
EV002433,E02433,hire,2023-10-06,2023-10,,D01,,L1,,
EV002434,E02434,hire,2020-08-23,2020-08,,D02,,L4,,
EV002435,E02435,hire,2024-04-15,2024-04,,D01,,L1,,
EV002436,E02436,hire,2022-08-11,2022-08,,D03,,L1,,
EV002437,E02437,hire,2019-10-06,2019-10,,D06,,L1,,
EV002438,E02438,hire,2021-06-30,2021-06,,D01,,L4,,
EV002439,E02439,hire,2024-01-20,2024-01,,D01,,L2,,
EV002440,E02440,hire,2018-07-28,2018-07,,D10,,L1,,
EV002441,E02441,hire,2021-08-01,2021-08,,D01,,L4,,
EV002442,E02442,hire,2024-08-28,2024-08,,D01,,L6,,
EV002443,E02443,hire,2024-12-18,2024-12,,D11,,L4,,
EV002444,E02444,hire,2024-09-15,2024-09,,D04,,L4,,
EV002445,E02445,hire,2023-10-03,2023-10,,D01,,L3,,
EV002446,E02446,hire,2021-08-03,2021-08,,D06,,L1,,
EV002447,E02447,hire,2017-11-22,2017-11,,D09,,L2,,
EV002448,E02448,hire,2024-10-03,2024-10,,D01,,L1,,
EV002449,E02449,hire,2018-05-01,2018-05,,D06,,L1,,
EV002450,E02450,hire,2018-12-30,2018-12,,D01,,L4,,
EV002451,E02451,hire,2024-10-29,2024-10,,D07,,L1,,
EV002452,E02452,hire,2018-09-12,2018-09,,D04,,L4,,
EV002453,E02453,hire,2021-05-15,2021-05,,D01,,L4,,
EV002454,E02454,hire,2022-10-01,2022-10,,D01,,L4,,
EV002455,E02455,hire,2024-06-05,2024-06,,D01,,L6,,
EV002456,E02456,hire,2022-04-28,2022-04,,D03,,L5,,
EV002457,E02457,hire,2024-07-20,2024-07,,D12,,L3,,
EV002458,E02458,hire,2019-07-17,2019-07,,D01,,L4,,
EV002459,E02459,hire,2021-02-02,2021-02,,D01,,L1,,
EV002460,E02460,hire,2023-01-08,2023-01,,D01,,L1,,
EV002461,E02461,hire,2018-11-01,2018-11,,D01,,L5,,
EV002462,E02462,hire,2019-06-07,2019-06,,D01,,L5,,
EV002463,E02463,hire,2020-12-04,2020-12,,D11,,L1,,
EV002464,E02464,hire,2023-12-31,2023-12,,D03,,L1,,
EV002465,E02465,hire,2018-01-06,2018-01,,D11,,L2,,
EV002466,E02466,hire,2021-09-09,2021-09,,D05,,L2,,
EV002467,E02467,hire,2019-01-24,2019-01,,D03,,L2,,
EV002468,E02468,hire,2023-08-13,2023-08,,D07,,L2,,
EV002469,E02469,hire,2020-10-27,2020-10,,D04,,L2,,
EV002470,E02470,hire,2017-02-26,2017-02,,D01,,L1,,
EV002471,E02471,hire,2022-06-24,2022-06,,D06,,L6,,
EV002472,E02472,hire,2022-03-10,2022-03,,D02,,L5,,
EV002473,E02473,hire,2024-07-01,2024-07,,D01,,L6,,
EV002474,E02474,hire,2023-08-10,2023-08,,D01,,L5,,
EV002475,E02475,hire,2019-02-27,2019-02,,D01,,L1,,
EV002476,E02476,hire,2024-11-18,2024-11,,D09,,L2,,
EV002477,E02477,hire,2020-10-20,2020-10,,D05,,L3,,
EV002478,E02478,hire,2023-10-14,2023-10,,D01,,L5,,
EV002479,E02479,hire,2024-03-11,2024-03,,D01,,L2,,
EV002480,E02480,hire,2022-03-30,2022-03,,D10,,L5,,
EV002481,E02481,hire,2024-12-12,2024-12,,D09,,L7,,
EV002482,E02482,hire,2018-07-14,2018-07,,D06,,L3,,
EV002483,E02483,hire,2024-02-17,2024-02,,D12,,L3,,
EV002484,E02484,hire,2023-09-04,2023-09,,D09,,L1,,
EV002485,E02485,hire,2018-04-17,2018-04,,D01,,L7,,
EV002486,E02486,hire,2021-06-21,2021-06,,D12,,L4,,
EV002487,E02487,hire,2020-03-24,2020-03,,D01,,L5,,
EV002488,E02488,hire,2024-08-18,2024-08,,D03,,L4,,
EV002489,E02489,hire,2024-01-23,2024-01,,D12,,L1,,
EV002490,E02490,hire,2019-02-23,2019-02,,D02,,L2,,
EV002491,E02491,hire,2024-09-15,2024-09,,D05,,L6,,
EV002492,E02492,hire,2021-03-25,2021-03,,D02,,L5,,
EV002493,E02493,hire,2021-01-23,2021-01,,D03,,L3,,
EV002494,E02494,hire,2021-03-16,2021-03,,D01,,L4,,
EV002495,E02495,hire,2021-05-07,2021-05,,D05,,L3,,
EV002496,E02496,hire,2018-04-27,2018-04,,D05,,L1,,
EV002497,E02497,hire,2018-09-28,2018-09,,D11,,L2,,
EV002498,E02498,hire,2020-05-13,2020-05,,D12,,L2,,
EV002499,E02499,hire,2023-09-04,2023-09,,D07,,L2,,
EV002500,E02500,hire,2020-07-17,2020-07,,D10,,L1,,
EV002501,E02501,hire,2023-11-22,2023-11,,D01,,L4,,
EV002502,E02502,hire,2023-08-31,2023-08,,D08,,L2,,
EV002503,E02503,hire,2021-07-03,2021-07,,D06,,L1,,
EV002504,E02504,hire,2022-09-13,2022-09,,D01,,L4,,
EV002505,E02505,hire,2024-09-27,2024-09,,D03,,L7,,
EV002506,E02506,hire,2022-04-29,2022-04,,D12,,L1,,
EV002507,E02507,hire,2018-01-23,2018-01,,D05,,L6,,
EV002508,E02508,hire,2019-07-23,2019-07,,D08,,L1,,
EV002509,E02509,hire,2018-05-11,2018-05,,D12,,L3,,
EV002510,E02510,hire,2024-12-17,2024-12,,D04,,L1,,
EV002511,E02511,hire,2023-03-14,2023-03,,D03,,L2,,
EV002512,E02512,hire,2022-01-30,2022-01,,D06,,L4,,
EV002513,E02513,hire,2021-05-09,2021-05,,D03,,L3,,
EV002514,E02514,hire,2022-05-25,2022-05,,D10,,L3,,
EV002515,E02515,hire,2018-03-20,2018-03,,D01,,L3,,
EV002516,E02516,hire,2019-01-29,2019-01,,D11,,L5,,
EV002517,E02517,hire,2022-02-08,2022-02,,D12,,L2,,
EV002518,E02518,hire,2019-09-10,2019-09,,D12,,L3,,
EV002519,E02519,hire,2024-12-12,2024-12,,D05,,L2,,
EV002520,E02520,hire,2019-09-18,2019-09,,D01,,L5,,
EV002521,E02521,hire,2017-12-19,2017-12,,D08,,L1,,
EV002522,E02522,hire,2024-03-29,2024-03,,D12,,L1,,
EV002523,E02523,hire,2024-12-15,2024-12,,D11,,L4,,
EV002524,E02524,hire,2018-05-17,2018-05,,D03,,L5,,
EV002525,E02525,hire,2019-07-22,2019-07,,D09,,L3,,
EV002526,E02526,hire,2024-09-26,2024-09,,D05,,L5,,
EV002527,E02527,hire,2023-03-09,2023-03,,D01,,L3,,
EV002528,E02528,hire,2021-04-07,2021-04,,D06,,L2,,
EV002529,E02529,hire,2021-06-15,2021-06,,D02,,L4,,
EV002530,E02530,hire,2023-04-04,2023-04,,D02,,L2,,
EV002531,E02531,hire,2018-07-02,2018-07,,D02,,L2,,
EV002532,E02532,hire,2023-01-04,2023-01,,D01,,L3,,
EV002533,E02533,hire,2023-08-07,2023-08,,D03,,L5,,
EV002534,E02534,hire,2020-05-04,2020-05,,D01,,L3,,
EV002535,E02535,hire,2022-05-08,2022-05,,D03,,L2,,
EV002536,E02536,hire,2019-01-28,2019-01,,D01,,L6,,
EV002537,E02537,hire,2023-01-05,2023-01,,D12,,L6,,
EV002538,E02538,hire,2024-02-07,2024-02,,D12,,L5,,
EV002539,E02539,hire,2021-12-13,2021-12,,D05,,L5,,
EV002540,E02540,hire,2021-06-27,2021-06,,D12,,L3,,
EV002541,E02541,hire,2017-02-23,2017-02,,D02,,L1,,
EV002542,E02542,hire,2024-11-14,2024-11,,D01,,L1,,
EV002543,E02543,hire,2024-04-02,2024-04,,D02,,L3,,
EV002544,E02544,hire,2021-10-08,2021-10,,D02,,L2,,
EV002545,E02545,hire,2024-03-26,2024-03,,D05,,L1,,
EV002546,E02546,hire,2020-04-16,2020-04,,D06,,L3,,
EV002547,E02547,hire,2018-11-16,2018-11,,D12,,L3,,
EV002548,E02548,hire,2020-02-07,2020-02,,D12,,L2,,
EV002549,E02549,hire,2019-03-09,2019-03,,D12,,L4,,
EV002550,E02550,hire,2024-07-15,2024-07,,D03,,L1,,
EV002551,E02551,hire,2024-11-01,2024-11,,D03,,L1,,
EV002552,E02552,hire,2018-03-29,2018-03,,D06,,L2,,
EV002553,E02553,hire,2022-10-06,2022-10,,D05,,L3,,
EV002554,E02554,hire,2023-10-08,2023-10,,D01,,L6,,
EV002555,E02555,hire,2023-10-29,2023-10,,D01,,L7,,
EV002556,E02556,hire,2020-10-18,2020-10,,D01,,L3,,
EV002557,E02557,hire,2018-04-13,2018-04,,D06,,L7,,
EV002558,E02558,hire,2018-07-18,2018-07,,D01,,L1,,
EV002559,E02559,hire,2019-02-05,2019-02,,D11,,L1,,
EV002560,E02560,hire,2018-10-14,2018-10,,D06,,L4,,
EV002561,E02561,hire,2024-09-11,2024-09,,D11,,L3,,
EV002562,E02562,hire,2024-07-28,2024-07,,D05,,L1,,
EV002563,E02563,hire,2019-02-07,2019-02,,D02,,L1,,
EV002564,E02564,hire,2024-03-31,2024-03,,D02,,L2,,
EV002565,E02565,hire,2019-07-06,2019-07,,D07,,L2,,
EV002566,E02566,hire,2019-11-29,2019-11,,D04,,L5,,
EV002567,E02567,hire,2017-06-25,2017-06,,D08,,L5,,
EV002568,E02568,hire,2019-02-06,2019-02,,D02,,L5,,
EV002569,E02569,hire,2021-03-30,2021-03,,D05,,L1,,
EV002570,E02570,hire,2019-09-20,2019-09,,D01,,L4,,
EV002571,E02571,hire,2024-11-12,2024-11,,D06,,L1,,
EV002572,E02572,hire,2023-06-20,2023-06,,D12,,L1,,
EV002573,E02573,hire,2017-10-15,2017-10,,D06,,L1,,
EV002574,E02574,hire,2024-04-26,2024-04,,D10,,L6,,
EV002575,E02575,hire,2024-08-12,2024-08,,D12,,L1,,
EV002576,E02576,hire,2019-11-24,2019-11,,D02,,L2,,
EV002577,E02577,hire,2021-10-15,2021-10,,D04,,L4,,
EV002578,E02578,hire,2024-12-04,2024-12,,D01,,L7,,
EV002579,E02579,hire,2022-07-14,2022-07,,D01,,L3,,
EV002580,E02580,hire,2018-07-10,2018-07,,D05,,L1,,
EV002581,E02581,hire,2024-12-14,2024-12,,D11,,L1,,
EV002582,E02582,hire,2020-06-04,2020-06,,D01,,L5,,
EV002583,E02583,hire,2017-06-16,2017-06,,D05,,L4,,
EV002584,E02584,hire,2020-02-24,2020-02,,D03,,L7,,
EV002585,E02585,hire,2021-05-03,2021-05,,D07,,L3,,
EV002586,E02586,hire,2019-11-24,2019-11,,D03,,L1,,
EV002587,E02587,hire,2023-08-10,2023-08,,D01,,L6,,
EV002588,E02588,hire,2022-03-22,2022-03,,D03,,L1,,
EV002589,E02589,hire,2024-05-29,2024-05,,D07,,L3,,
EV002590,E02590,hire,2024-01-14,2024-01,,D02,,L3,,
EV002591,E02591,hire,2022-08-03,2022-08,,D01,,L3,,
EV002592,E02592,hire,2020-06-23,2020-06,,D01,,L2,,
EV002593,E02593,hire,2022-04-10,2022-04,,D02,,L3,,
EV002594,E02594,hire,2020-03-07,2020-03,,D01,,L4,,
EV002595,E02595,hire,2023-11-13,2023-11,,D01,,L5,,
EV002596,E02596,hire,2020-02-08,2020-02,,D01,,L2,,
EV002597,E02597,hire,2018-03-05,2018-03,,D01,,L2,,
EV002598,E02598,hire,2024-10-18,2024-10,,D05,,L2,,
EV002599,E02599,hire,2017-06-21,2017-06,,D02,,L5,,
EV002600,E02600,hire,2021-09-07,2021-09,,D02,,L1,,
EV002601,E02601,hire,2024-09-06,2024-09,,D01,,L2,,
EV002602,E02602,hire,2017-06-02,2017-06,,D01,,L1,,
EV002603,E02603,hire,2024-09-19,2024-09,,D01,,L2,,
EV002604,E02604,hire,2022-08-20,2022-08,,D02,,L3,,
EV002605,E02605,hire,2020-10-15,2020-10,,D11,,L2,,
EV002606,E02606,hire,2023-10-31,2023-10,,D02,,L6,,
EV002607,E02607,hire,2023-03-08,2023-03,,D04,,L4,,
EV002608,E02608,hire,2024-04-08,2024-04,,D05,,L1,,
EV002609,E02609,hire,2021-12-01,2021-12,,D10,,L4,,
EV002610,E02610,hire,2018-01-11,2018-01,,D05,,L1,,
EV002611,E02611,hire,2022-06-18,2022-06,,D08,,L3,,
EV002612,E02612,hire,2020-06-23,2020-06,,D12,,L2,,
EV002613,E02613,hire,2024-03-15,2024-03,,D03,,L1,,
EV002614,E02614,hire,2019-06-19,2019-06,,D03,,L3,,
EV002615,E02615,hire,2022-03-02,2022-03,,D03,,L7,,
EV002616,E02616,hire,2022-03-11,2022-03,,D06,,L1,,
EV002617,E02617,hire,2023-06-17,2023-06,,D01,,L5,,
EV002618,E02618,hire,2018-04-06,2018-04,,D03,,L1,,
EV002619,E02619,hire,2023-03-11,2023-03,,D10,,L4,,
EV002620,E02620,hire,2020-01-15,2020-01,,D04,,L2,,
EV002621,E02621,hire,2020-08-04,2020-08,,D11,,L2,,
EV002622,E02622,hire,2017-11-25,2017-11,,D06,,L3,,
EV002623,E02623,hire,2023-05-14,2023-05,,D01,,L4,,
EV002624,E02624,hire,2018-01-12,2018-01,,D03,,L3,,
EV002625,E02625,hire,2022-09-01,2022-09,,D07,,L5,,
EV002626,E02626,hire,2022-12-25,2022-12,,D02,,L1,,
EV002627,E02627,hire,2024-02-01,2024-02,,D01,,L1,,
EV002628,E02628,hire,2019-10-26,2019-10,,D01,,L2,,
EV002629,E02629,hire,2022-08-04,2022-08,,D01,,L6,,
EV002630,E02630,hire,2024-10-16,2024-10,,D11,,L3,,
EV002631,E02631,hire,2024-07-30,2024-07,,D05,,L1,,
EV002632,E02632,hire,2023-12-03,2023-12,,D08,,L7,,
EV002633,E02633,hire,2018-11-03,2018-11,,D11,,L4,,
EV002634,E02634,hire,2021-12-11,2021-12,,D03,,L1,,
EV002635,E02635,hire,2021-06-30,2021-06,,D01,,L4,,
EV002636,E02636,hire,2024-03-18,2024-03,,D02,,L1,,
EV002637,E02637,hire,2019-01-30,2019-01,,D04,,L2,,
EV002638,E02638,hire,2019-12-09,2019-12,,D01,,L1,,
EV002639,E02639,hire,2019-04-21,2019-04,,D07,,L6,,
EV002640,E02640,hire,2024-01-07,2024-01,,D01,,L1,,
EV002641,E02641,hire,2023-12-29,2023-12,,D02,,L4,,
EV002642,E02642,hire,2024-11-22,2024-11,,D03,,L4,,
EV002643,E02643,hire,2024-08-11,2024-08,,D03,,L1,,
EV002644,E02644,hire,2023-05-30,2023-05,,D01,,L1,,
EV002645,E02645,hire,2020-09-28,2020-09,,D01,,L1,,
EV002646,E02646,hire,2018-08-09,2018-08,,D11,,L5,,
EV002647,E02647,hire,2017-10-19,2017-10,,D11,,L6,,
EV002648,E02648,hire,2019-07-29,2019-07,,D03,,L6,,
EV002649,E02649,hire,2024-12-16,2024-12,,D12,,L7,,
EV002650,E02650,hire,2022-07-02,2022-07,,D01,,L6,,
EV002651,E02651,hire,2024-07-26,2024-07,,D03,,L2,,
EV002652,E02652,hire,2018-09-15,2018-09,,D01,,L3,,
EV002653,E02653,hire,2021-11-07,2021-11,,D02,,L4,,
EV002654,E02654,hire,2018-07-29,2018-07,,D01,,L6,,
EV002655,E02655,hire,2020-03-23,2020-03,,D01,,L2,,
EV002656,E02656,hire,2023-09-17,2023-09,,D02,,L2,,
EV002657,E02657,hire,2020-05-29,2020-05,,D01,,L3,,
EV002658,E02658,hire,2019-09-26,2019-09,,D01,,L1,,
EV002659,E02659,hire,2022-07-25,2022-07,,D01,,L2,,
EV002660,E02660,hire,2017-05-22,2017-05,,D04,,L3,,
EV002661,E02661,hire,2023-04-19,2023-04,,D01,,L3,,
EV002662,E02662,hire,2018-12-15,2018-12,,D03,,L1,,
EV002663,E02663,hire,2017-07-09,2017-07,,D01,,L1,,
EV002664,E02664,hire,2018-02-26,2018-02,,D06,,L2,,
EV002665,E02665,hire,2022-01-18,2022-01,,D03,,L1,,
EV002666,E02666,hire,2021-08-27,2021-08,,D03,,L2,,
EV002667,E02667,hire,2019-04-05,2019-04,,D01,,L4,,
EV002668,E02668,hire,2023-01-22,2023-01,,D05,,L3,,
EV002669,E02669,hire,2024-11-22,2024-11,,D03,,L6,,
EV002670,E02670,hire,2024-07-14,2024-07,,D11,,L1,,
EV002671,E02671,hire,2023-09-25,2023-09,,D02,,L6,,
EV002672,E02672,hire,2019-08-24,2019-08,,D01,,L2,,
EV002673,E02673,hire,2020-01-13,2020-01,,D01,,L2,,
EV002674,E02674,hire,2022-10-27,2022-10,,D06,,L1,,
EV002675,E02675,hire,2020-06-28,2020-06,,D04,,L1,,
EV002676,E02676,hire,2024-11-13,2024-11,,D11,,L3,,
EV002677,E02677,hire,2022-02-09,2022-02,,D06,,L1,,
EV002678,E02678,hire,2024-01-13,2024-01,,D02,,L3,,
EV002679,E02679,hire,2019-08-03,2019-08,,D03,,L6,,
EV002680,E02680,hire,2023-11-12,2023-11,,D06,,L1,,
EV002681,E02681,hire,2023-01-15,2023-01,,D12,,L5,,
EV002682,E02682,hire,2024-11-11,2024-11,,D04,,L2,,
EV002683,E02683,hire,2020-12-25,2020-12,,D02,,L2,,
EV002684,E02684,hire,2017-01-10,2017-01,,D01,,L4,,
EV002685,E02685,hire,2024-12-06,2024-12,,D01,,L3,,
EV002686,E02686,hire,2019-10-23,2019-10,,D02,,L6,,
EV002687,E02687,hire,2023-03-10,2023-03,,D01,,L3,,
EV002688,E02688,hire,2023-07-20,2023-07,,D06,,L1,,
EV002689,E02689,hire,2019-03-16,2019-03,,D11,,L5,,
EV002690,E02690,hire,2024-03-06,2024-03,,D12,,L1,,
EV002691,E02691,hire,2018-02-13,2018-02,,D05,,L4,,
EV002692,E02692,hire,2022-10-15,2022-10,,D04,,L1,,
EV002693,E02693,hire,2024-01-09,2024-01,,D12,,L1,,
EV002694,E02694,hire,2023-10-13,2023-10,,D05,,L2,,
EV002695,E02695,hire,2024-10-09,2024-10,,D06,,L1,,
EV002696,E02696,hire,2024-05-18,2024-05,,D10,,L4,,
EV002697,E02697,hire,2021-06-29,2021-06,,D03,,L4,,
EV002698,E02698,hire,2021-04-09,2021-04,,D01,,L2,,
EV002699,E02699,hire,2023-09-19,2023-09,,D11,,L1,,
EV002700,E02700,hire,2018-12-27,2018-12,,D01,,L4,,
EV002701,E02701,hire,2018-05-27,2018-05,,D04,,L1,,
EV002702,E02702,hire,2019-11-04,2019-11,,D08,,L5,,
EV002703,E02703,hire,2023-10-18,2023-10,,D03,,L1,,
EV002704,E02704,hire,2023-12-15,2023-12,,D01,,L4,,
EV002705,E02705,hire,2024-05-14,2024-05,,D08,,L4,,
EV002706,E02706,hire,2020-02-27,2020-02,,D08,,L6,,
EV002707,E02707,hire,2022-02-01,2022-02,,D04,,L6,,
EV002708,E02708,hire,2018-02-27,2018-02,,D11,,L4,,
EV002709,E02709,hire,2022-11-18,2022-11,,D02,,L1,,
EV002710,E02710,hire,2024-03-17,2024-03,,D03,,L2,,
EV002711,E02711,hire,2023-01-24,2023-01,,D05,,L4,,
EV002712,E02712,hire,2024-11-24,2024-11,,D08,,L1,,
EV002713,E02713,hire,2023-11-10,2023-11,,D01,,L5,,
EV002714,E02714,hire,2023-02-04,2023-02,,D03,,L2,,
EV002715,E02715,hire,2023-08-25,2023-08,,D06,,L4,,
EV002716,E02716,hire,2023-11-18,2023-11,,D06,,L6,,
EV002717,E02717,hire,2023-10-25,2023-10,,D11,,L4,,
EV002718,E02718,hire,2022-03-17,2022-03,,D11,,L2,,
EV002719,E02719,hire,2022-01-18,2022-01,,D09,,L5,,
EV002720,E02720,hire,2019-03-29,2019-03,,D06,,L4,,
EV002721,E02721,hire,2017-12-08,2017-12,,D03,,L3,,
EV002722,E02722,hire,2024-11-23,2024-11,,D01,,L2,,
EV002723,E02723,hire,2024-07-11,2024-07,,D09,,L1,,
EV002724,E02724,hire,2023-09-09,2023-09,,D02,,L5,,
EV002725,E02725,hire,2024-01-27,2024-01,,D01,,L3,,
EV002726,E02726,hire,2019-04-11,2019-04,,D02,,L3,,
EV002727,E02727,hire,2017-09-04,2017-09,,D01,,L1,,
EV002728,E02728,hire,2017-07-27,2017-07,,D03,,L3,,
EV002729,E02729,hire,2020-04-06,2020-04,,D01,,L1,,
EV002730,E02730,hire,2024-02-05,2024-02,,D03,,L1,,
EV002731,E02731,hire,2018-12-27,2018-12,,D01,,L1,,
EV002732,E02732,hire,2024-05-31,2024-05,,D01,,L1,,
EV002733,E02733,hire,2022-08-10,2022-08,,D01,,L2,,
EV002734,E02734,hire,2022-10-26,2022-10,,D01,,L2,,
EV002735,E02735,hire,2017-11-08,2017-11,,D03,,L5,,
EV002736,E02736,hire,2020-10-21,2020-10,,D02,,L2,,
EV002737,E02737,hire,2024-11-25,2024-11,,D02,,L6,,
EV002738,E02738,hire,2022-02-06,2022-02,,D01,,L6,,
EV002739,E02739,hire,2022-11-24,2022-11,,D03,,L5,,
EV002740,E02740,hire,2024-07-24,2024-07,,D06,,L2,,
EV002741,E02741,hire,2022-10-15,2022-10,,D07,,L3,,
EV002742,E02742,hire,2021-05-03,2021-05,,D02,,L3,,
EV002743,E02743,hire,2023-03-18,2023-03,,D01,,L1,,
EV002744,E02744,hire,2022-07-16,2022-07,,D05,,L3,,
EV002745,E02745,hire,2024-12-17,2024-12,,D12,,L6,,
EV002746,E02746,hire,2021-05-17,2021-05,,D04,,L1,,
EV002747,E02747,hire,2016-12-31,2016-12,,D03,,L1,,
EV002748,E02748,hire,2020-12-23,2020-12,,D03,,L6,,
EV002749,E02749,hire,2018-01-18,2018-01,,D07,,L4,,
EV002750,E02750,hire,2019-01-26,2019-01,,D03,,L4,,
EV002751,E02751,hire,2020-04-15,2020-04,,D01,,L1,,
EV002752,E02752,hire,2017-06-10,2017-06,,D09,,L2,,
EV002753,E02753,hire,2019-09-23,2019-09,,D01,,L3,,
EV002754,E02754,hire,2020-11-13,2020-11,,D11,,L1,,
EV002755,E02755,hire,2021-08-01,2021-08,,D05,,L2,,
EV002756,E02756,hire,2019-01-29,2019-01,,D03,,L5,,
EV002757,E02757,hire,2020-10-28,2020-10,,D01,,L6,,
EV002758,E02758,hire,2022-02-01,2022-02,,D02,,L3,,
EV002759,E02759,hire,2018-08-21,2018-08,,D05,,L2,,
EV002760,E02760,hire,2019-08-21,2019-08,,D04,,L2,,
EV002761,E02761,hire,2024-01-04,2024-01,,D12,,L1,,
EV002762,E02762,hire,2019-12-15,2019-12,,D05,,L1,,
EV002763,E02763,hire,2019-10-15,2019-10,,D01,,L1,,
EV002764,E02764,hire,2024-12-15,2024-12,,D07,,L5,,
EV002765,E02765,hire,2022-11-17,2022-11,,D12,,L1,,
EV002766,E02766,hire,2024-04-25,2024-04,,D08,,L1,,
EV002767,E02767,hire,2022-03-12,2022-03,,D03,,L1,,
EV002768,E02768,hire,2024-04-30,2024-04,,D02,,L2,,
EV002769,E02769,hire,2023-01-25,2023-01,,D03,,L1,,
EV002770,E02770,hire,2023-07-17,2023-07,,D01,,L1,,
EV002771,E02771,hire,2024-01-01,2024-01,,D01,,L5,,
EV002772,E02772,hire,2022-04-20,2022-04,,D01,,L1,,
EV002773,E02773,hire,2024-09-18,2024-09,,D01,,L5,,
EV002774,E02774,hire,2023-06-01,2023-06,,D01,,L3,,
EV002775,E02775,hire,2021-08-02,2021-08,,D06,,L6,,
EV002776,E02776,hire,2020-09-22,2020-09,,D12,,L6,,
EV002777,E02777,hire,2017-12-22,2017-12,,D01,,L2,,
EV002778,E02778,hire,2024-06-01,2024-06,,D01,,L2,,
EV002779,E02779,hire,2024-12-20,2024-12,,D11,,L1,,
EV002780,E02780,hire,2020-09-01,2020-09,,D12,,L3,,
EV002781,E02781,hire,2020-11-24,2020-11,,D04,,L5,,
EV002782,E02782,hire,2019-12-22,2019-12,,D02,,L2,,
EV002783,E02783,hire,2019-03-02,2019-03,,D02,,L4,,
EV002784,E02784,hire,2023-12-06,2023-12,,D01,,L6,,
EV002785,E02785,hire,2020-03-24,2020-03,,D08,,L5,,
EV002786,E02786,hire,2018-03-25,2018-03,,D11,,L1,,
EV002787,E02787,hire,2024-09-29,2024-09,,D05,,L2,,
EV002788,E02788,hire,2023-06-22,2023-06,,D12,,L2,,
EV002789,E02789,hire,2019-08-01,2019-08,,D06,,L2,,
EV002790,E02790,hire,2020-07-24,2020-07,,D01,,L5,,
EV002791,E02791,hire,2023-09-24,2023-09,,D03,,L2,,
EV002792,E02792,hire,2024-04-19,2024-04,,D02,,L7,,
EV002793,E02793,hire,2021-08-22,2021-08,,D07,,L7,,
EV002794,E02794,hire,2024-11-25,2024-11,,D03,,L1,,
EV002795,E02795,hire,2017-06-12,2017-06,,D01,,L5,,
EV002796,E02796,hire,2019-11-14,2019-11,,D11,,L1,,
EV002797,E02797,hire,2022-08-15,2022-08,,D01,,L1,,
EV002798,E02798,hire,2022-10-17,2022-10,,D01,,L4,,
EV002799,E02799,hire,2024-09-23,2024-09,,D12,,L1,,
EV002800,E02800,hire,2024-04-23,2024-04,,D11,,L4,,
EV002801,E02801,hire,2020-12-31,2020-12,,D03,,L2,,
EV002802,E02802,hire,2019-12-13,2019-12,,D08,,L3,,
EV002803,E02803,hire,2023-12-25,2023-12,,D03,,L4,,
EV002804,E02804,hire,2020-12-01,2020-12,,D01,,L3,,
EV002805,E02805,hire,2023-07-21,2023-07,,D02,,L3,,
EV002806,E02806,hire,2017-02-24,2017-02,,D03,,L2,,
EV002807,E02807,hire,2021-03-05,2021-03,,D10,,L4,,
EV002808,E02808,hire,2019-11-18,2019-11,,D08,,L1,,
EV002809,E02809,hire,2024-11-02,2024-11,,D02,,L5,,
EV002810,E02810,hire,2019-04-05,2019-04,,D01,,L3,,
EV002811,E02811,hire,2023-09-10,2023-09,,D07,,L2,,
EV002812,E02812,hire,2023-05-03,2023-05,,D01,,L4,,
EV002813,E02813,hire,2024-10-18,2024-10,,D03,,L1,,
EV002814,E02814,hire,2021-01-22,2021-01,,D01,,L2,,
EV002815,E02815,hire,2017-07-05,2017-07,,D02,,L1,,
EV002816,E02816,hire,2021-09-13,2021-09,,D01,,L3,,
EV002817,E02817,hire,2021-07-05,2021-07,,D03,,L3,,
EV002818,E02818,hire,2023-03-09,2023-03,,D12,,L2,,
EV002819,E02819,hire,2023-04-14,2023-04,,D01,,L1,,
EV002820,E02820,hire,2020-11-30,2020-11,,D02,,L1,,
EV002821,E02821,hire,2023-06-02,2023-06,,D01,,L2,,
EV002822,E02822,hire,2024-07-21,2024-07,,D07,,L3,,
EV002823,E02823,hire,2024-06-19,2024-06,,D01,,L1,,
EV002824,E02824,hire,2019-02-24,2019-02,,D04,,L1,,
EV002825,E02825,hire,2021-01-24,2021-01,,D05,,L6,,
EV002826,E02826,hire,2020-01-14,2020-01,,D02,,L5,,
EV002827,E02827,hire,2021-03-28,2021-03,,D02,,L5,,
EV002828,E02828,hire,2018-03-15,2018-03,,D02,,L2,,
EV002829,E02829,hire,2019-08-16,2019-08,,D08,,L4,,
EV002830,E02830,hire,2024-09-28,2024-09,,D03,,L1,,
EV002831,E02831,hire,2023-06-30,2023-06,,D02,,L1,,
EV002832,E02832,hire,2021-12-07,2021-12,,D06,,L4,,
EV002833,E02833,hire,2021-10-01,2021-10,,D04,,L4,,
EV002834,E02834,hire,2024-11-20,2024-11,,D02,,L4,,
EV002835,E02835,hire,2018-01-06,2018-01,,D03,,L1,,
EV002836,E02836,hire,2021-02-23,2021-02,,D04,,L3,,
EV002837,E02837,hire,2018-10-26,2018-10,,D06,,L3,,
EV002838,E02838,hire,2018-05-11,2018-05,,D12,,L2,,
EV002839,E02839,hire,2023-08-07,2023-08,,D03,,L2,,
EV002840,E02840,hire,2024-12-07,2024-12,,D03,,L2,,
EV002841,E02841,hire,2022-03-02,2022-03,,D08,,L3,,
EV002842,E02842,hire,2018-10-04,2018-10,,D06,,L4,,
EV002843,E02843,hire,2020-03-03,2020-03,,D01,,L4,,
EV002844,E02844,hire,2017-04-13,2017-04,,D12,,L2,,
EV002845,E02845,hire,2021-06-02,2021-06,,D08,,L4,,
EV002846,E02846,hire,2017-08-17,2017-08,,D01,,L2,,
EV002847,E02847,hire,2022-08-26,2022-08,,D09,,L1,,
EV002848,E02848,hire,2023-12-31,2023-12,,D06,,L3,,
EV002849,E02849,hire,2023-04-10,2023-04,,D03,,L4,,
EV002850,E02850,hire,2019-04-01,2019-04,,D01,,L4,,
EV002851,E02851,hire,2023-11-21,2023-11,,D04,,L1,,
EV002852,E02852,hire,2019-11-12,2019-11,,D01,,L2,,
EV002853,E02853,hire,2023-04-22,2023-04,,D01,,L5,,
EV002854,E02854,hire,2019-09-24,2019-09,,D02,,L5,,
EV002855,E02855,hire,2019-05-22,2019-05,,D12,,L2,,
EV002856,E02856,hire,2020-08-03,2020-08,,D01,,L4,,
EV002857,E02857,hire,2022-11-15,2022-11,,D01,,L4,,
EV002858,E02858,hire,2017-10-21,2017-10,,D12,,L3,,
EV002859,E02859,hire,2017-08-11,2017-08,,D05,,L3,,
EV002860,E02860,hire,2020-02-27,2020-02,,D01,,L5,,
EV002861,E02861,hire,2018-12-12,2018-12,,D07,,L3,,
EV002862,E02862,hire,2020-06-30,2020-06,,D01,,L3,,
EV002863,E02863,hire,2019-02-10,2019-02,,D02,,L7,,
EV002864,E02864,hire,2022-11-13,2022-11,,D03,,L2,,
EV002865,E02865,hire,2017-09-02,2017-09,,D04,,L3,,
EV002866,E02866,hire,2024-01-20,2024-01,,D12,,L6,,
EV002867,E02867,hire,2020-06-23,2020-06,,D10,,L3,,
EV002868,E02868,hire,2023-07-08,2023-07,,D01,,L5,,
EV002869,E02869,hire,2022-08-08,2022-08,,D01,,L2,,
EV002870,E02870,hire,2020-12-10,2020-12,,D03,,L3,,
EV002871,E02871,hire,2024-05-02,2024-05,,D11,,L4,,
EV002872,E02872,hire,2023-06-16,2023-06,,D01,,L1,,
EV002873,E02873,hire,2022-05-12,2022-05,,D11,,L4,,
EV002874,E02874,hire,2022-05-27,2022-05,,D01,,L2,,
EV002875,E02875,hire,2021-09-16,2021-09,,D01,,L3,,
EV002876,E02876,hire,2023-08-12,2023-08,,D02,,L1,,
EV002877,E02877,hire,2022-06-02,2022-06,,D06,,L5,,
EV002878,E02878,hire,2024-08-28,2024-08,,D03,,L2,,
EV002879,E02879,hire,2022-08-16,2022-08,,D01,,L5,,
EV002880,E02880,hire,2021-03-24,2021-03,,D11,,L4,,
EV002881,E02881,hire,2019-09-04,2019-09,,D02,,L4,,
EV002882,E02882,hire,2024-10-03,2024-10,,D01,,L5,,
EV002883,E02883,hire,2017-06-05,2017-06,,D12,,L4,,
EV002884,E02884,hire,2022-08-20,2022-08,,D03,,L7,,
EV002885,E02885,hire,2020-03-01,2020-03,,D11,,L5,,
EV002886,E02886,hire,2019-08-16,2019-08,,D11,,L4,,
EV002887,E02887,hire,2023-08-17,2023-08,,D03,,L5,,
EV002888,E02888,hire,2018-01-16,2018-01,,D02,,L2,,
EV002889,E02889,hire,2018-10-26,2018-10,,D10,,L1,,
EV002890,E02890,hire,2021-08-18,2021-08,,D04,,L3,,
EV002891,E02891,hire,2021-07-30,2021-07,,D01,,L2,,
EV002892,E02892,hire,2021-06-22,2021-06,,D12,,L2,,
EV002893,E02893,hire,2022-09-11,2022-09,,D01,,L5,,
EV002894,E02894,hire,2017-01-14,2017-01,,D02,,L1,,
EV002895,E02895,hire,2019-08-19,2019-08,,D01,,L1,,
EV002896,E02896,hire,2023-02-22,2023-02,,D01,,L3,,
EV002897,E02897,hire,2024-12-17,2024-12,,D11,,L3,,
EV002898,E02898,hire,2017-05-15,2017-05,,D11,,L2,,
EV002899,E02899,hire,2024-11-06,2024-11,,D08,,L4,,
EV002900,E02900,hire,2022-04-06,2022-04,,D10,,L2,,
EV002901,E02901,hire,2024-08-30,2024-08,,D07,,L4,,
EV002902,E02902,hire,2021-05-19,2021-05,,D06,,L2,,
EV002903,E02903,hire,2023-01-23,2023-01,,D09,,L4,,
EV002904,E02904,hire,2023-04-12,2023-04,,D01,,L4,,
EV002905,E02905,hire,2023-11-11,2023-11,,D02,,L1,,
EV002906,E02906,hire,2017-12-13,2017-12,,D07,,L2,,
EV002907,E02907,hire,2024-01-06,2024-01,,D09,,L2,,
EV002908,E02908,hire,2024-11-01,2024-11,,D01,,L3,,
EV002909,E02909,hire,2022-01-24,2022-01,,D03,,L1,,
EV002910,E02910,hire,2020-01-06,2020-01,,D03,,L1,,
EV002911,E02911,hire,2022-01-26,2022-01,,D01,,L2,,
EV002912,E02912,hire,2018-04-06,2018-04,,D01,,L1,,
EV002913,E02913,hire,2023-02-11,2023-02,,D01,,L2,,
EV002914,E02914,hire,2020-01-11,2020-01,,D01,,L2,,
EV002915,E02915,hire,2022-07-16,2022-07,,D11,,L1,,
EV002916,E02916,hire,2018-10-20,2018-10,,D07,,L3,,
EV002917,E02917,hire,2022-10-07,2022-10,,D01,,L3,,
EV002918,E02918,hire,2019-01-06,2019-01,,D10,,L2,,
EV002919,E02919,hire,2019-07-02,2019-07,,D01,,L1,,
EV002920,E02920,hire,2019-05-11,2019-05,,D10,,L4,,
EV002921,E02921,hire,2021-10-24,2021-10,,D10,,L6,,
EV002922,E02922,hire,2018-01-31,2018-01,,D03,,L3,,
EV002923,E02923,hire,2022-09-07,2022-09,,D12,,L5,,
EV002924,E02924,hire,2020-02-29,2020-02,,D02,,L3,,
EV002925,E02925,hire,2023-10-03,2023-10,,D03,,L3,,
EV002926,E02926,hire,2020-01-26,2020-01,,D03,,L5,,
EV002927,E02927,hire,2019-08-17,2019-08,,D03,,L1,,
EV002928,E02928,hire,2019-05-30,2019-05,,D07,,L2,,
EV002929,E02929,hire,2021-05-30,2021-05,,D01,,L1,,
EV002930,E02930,hire,2017-11-07,2017-11,,D11,,L4,,
EV002931,E02931,hire,2018-10-05,2018-10,,D08,,L1,,
EV002932,E02932,hire,2022-01-02,2022-01,,D01,,L1,,
EV002933,E02933,hire,2024-10-30,2024-10,,D01,,L2,,
EV002934,E02934,hire,2024-12-29,2024-12,,D01,,L5,,
EV002935,E02935,hire,2018-05-14,2018-05,,D01,,L4,,
EV002936,E02936,hire,2022-10-17,2022-10,,D12,,L2,,
EV002937,E02937,hire,2024-10-11,2024-10,,D01,,L1,,
EV002938,E02938,hire,2020-04-16,2020-04,,D03,,L2,,
EV002939,E02939,hire,2023-10-04,2023-10,,D03,,L1,,
EV002940,E02940,hire,2020-07-18,2020-07,,D01,,L3,,
EV002941,E02941,hire,2024-04-23,2024-04,,D02,,L3,,
EV002942,E02942,hire,2024-07-31,2024-07,,D02,,L2,,
EV002943,E02943,hire,2022-09-10,2022-09,,D01,,L2,,
EV002944,E02944,hire,2022-01-06,2022-01,,D04,,L1,,
EV002945,E02945,hire,2018-05-12,2018-05,,D06,,L1,,
EV002946,E02946,hire,2018-06-14,2018-06,,D07,,L3,,
EV002947,E02947,hire,2018-05-27,2018-05,,D01,,L2,,
EV002948,E02948,hire,2023-05-08,2023-05,,D06,,L1,,
EV002949,E02949,hire,2017-02-12,2017-02,,D01,,L4,,
EV002950,E02950,hire,2021-06-15,2021-06,,D07,,L4,,
EV002951,E02951,hire,2024-12-25,2024-12,,D01,,L5,,
EV002952,E02952,hire,2023-08-23,2023-08,,D12,,L1,,
EV002953,E02953,hire,2017-06-10,2017-06,,D03,,L3,,
EV002954,E02954,hire,2023-07-02,2023-07,,D08,,L6,,
EV002955,E02955,hire,2024-08-03,2024-08,,D05,,L1,,
EV002956,E02956,hire,2022-10-28,2022-10,,D06,,L1,,
EV002957,E02957,hire,2018-01-30,2018-01,,D10,,L5,,
EV002958,E02958,hire,2017-10-06,2017-10,,D01,,L2,,
EV002959,E02959,hire,2017-09-24,2017-09,,D01,,L5,,
EV002960,E02960,hire,2024-09-03,2024-09,,D04,,L3,,
EV002961,E02961,hire,2019-09-04,2019-09,,D03,,L5,,
EV002962,E02962,hire,2021-11-03,2021-11,,D11,,L2,,
EV002963,E02963,hire,2024-06-11,2024-06,,D04,,L3,,
EV002964,E02964,hire,2020-12-30,2020-12,,D11,,L3,,
EV002965,E02965,hire,2018-06-25,2018-06,,D01,,L3,,
EV002966,E02966,hire,2023-01-15,2023-01,,D01,,L7,,
EV002967,E02967,hire,2024-07-13,2024-07,,D03,,L2,,
EV002968,E02968,hire,2024-07-06,2024-07,,D01,,L1,,
EV002969,E02969,hire,2021-06-10,2021-06,,D11,,L2,,
EV002970,E02970,hire,2024-06-15,2024-06,,D03,,L1,,
EV002971,E02971,hire,2022-04-27,2022-04,,D11,,L7,,
EV002972,E02972,hire,2023-06-16,2023-06,,D03,,L2,,
EV002973,E02973,hire,2019-01-14,2019-01,,D03,,L2,,
EV002974,E02974,hire,2022-05-16,2022-05,,D01,,L2,,
EV002975,E02975,hire,2024-11-03,2024-11,,D05,,L3,,
EV002976,E02976,hire,2019-03-08,2019-03,,D05,,L3,,
EV002977,E02977,hire,2020-09-13,2020-09,,D02,,L3,,
EV002978,E02978,hire,2022-01-17,2022-01,,D12,,L3,,
EV002979,E02979,hire,2018-04-21,2018-04,,D01,,L3,,
EV002980,E02980,hire,2019-09-21,2019-09,,D03,,L2,,
EV002981,E02981,hire,2024-08-08,2024-08,,D06,,L2,,
EV002982,E02982,hire,2023-02-07,2023-02,,D06,,L1,,
EV002983,E02983,hire,2023-07-01,2023-07,,D01,,L1,,
EV002984,E02984,hire,2024-02-10,2024-02,,D01,,L6,,
EV002985,E02985,hire,2022-11-08,2022-11,,D03,,L3,,
EV002986,E02986,hire,2020-10-07,2020-10,,D03,,L3,,
EV002987,E02987,hire,2022-08-26,2022-08,,D01,,L5,,
EV002988,E02988,hire,2019-01-20,2019-01,,D04,,L2,,
EV002989,E02989,hire,2018-03-06,2018-03,,D01,,L3,,
EV002990,E02990,hire,2019-01-01,2019-01,,D01,,L4,,
EV002991,E02991,hire,2024-02-08,2024-02,,D01,,L2,,
EV002992,E02992,hire,2024-11-22,2024-11,,D05,,L3,,
EV002993,E02993,hire,2024-06-17,2024-06,,D01,,L2,,
EV002994,E02994,hire,2020-07-29,2020-07,,D01,,L4,,
EV002995,E02995,hire,2019-06-15,2019-06,,D03,,L2,,
EV002996,E02996,hire,2020-03-01,2020-03,,D01,,L4,,
EV002997,E02997,hire,2024-01-21,2024-01,,D07,,L1,,
EV002998,E02998,hire,2023-08-01,2023-08,,D06,,L1,,
EV002999,E02999,hire,2024-10-14,2024-10,,D06,,L2,,
EV003000,E03000,hire,2024-07-01,2024-07,,D06,,L2,,
EV003001,E03001,hire,2021-07-22,2021-07,,D11,,L6,,
EV003002,E03002,hire,2020-08-13,2020-08,,D06,,L1,,
EV003003,E03003,hire,2022-05-04,2022-05,,D01,,L6,,
EV003004,E03004,hire,2019-09-24,2019-09,,D01,,L4,,
EV003005,E03005,hire,2018-03-07,2018-03,,D09,,L1,,
EV003006,E03006,hire,2023-07-11,2023-07,,D12,,L1,,
EV003007,E03007,hire,2018-07-07,2018-07,,D01,,L5,,
EV003008,E03008,hire,2021-06-29,2021-06,,D02,,L2,,
EV003009,E03009,hire,2023-10-30,2023-10,,D05,,L5,,
EV003010,E03010,hire,2022-09-17,2022-09,,D02,,L4,,
EV003011,E03011,hire,2022-06-28,2022-06,,D01,,L3,,
EV003012,E03012,hire,2020-12-17,2020-12,,D10,,L1,,
EV003013,E03013,hire,2023-03-23,2023-03,,D02,,L3,,
EV003014,E03014,hire,2024-09-30,2024-09,,D11,,L3,,
EV003015,E03015,hire,2017-04-18,2017-04,,D07,,L4,,
EV003016,E03016,hire,2021-07-06,2021-07,,D01,,L4,,
EV003017,E03017,hire,2024-08-29,2024-08,,D11,,L5,,
EV003018,E03018,hire,2019-12-20,2019-12,,D03,,L2,,
EV003019,E03019,hire,2024-07-23,2024-07,,D12,,L4,,
EV003020,E03020,hire,2023-10-28,2023-10,,D01,,L2,,
EV003021,E03021,hire,2021-04-30,2021-04,,D03,,L1,,
EV003022,E03022,hire,2022-09-27,2022-09,,D06,,L4,,
EV003023,E03023,hire,2023-02-01,2023-02,,D01,,L1,,
EV003024,E03024,hire,2024-02-06,2024-02,,D06,,L6,,
EV003025,E03025,hire,2023-06-15,2023-06,,D01,,L3,,
EV003026,E03026,hire,2018-05-23,2018-05,,D05,,L2,,
EV003027,E03027,hire,2024-10-26,2024-10,,D11,,L3,,
EV003028,E03028,hire,2021-04-29,2021-04,,D03,,L1,,
EV003029,E03029,hire,2024-12-19,2024-12,,D01,,L3,,
EV003030,E03030,hire,2019-05-01,2019-05,,D11,,L2,,
EV003031,E03031,hire,2022-12-23,2022-12,,D03,,L5,,
EV003032,E03032,hire,2024-12-26,2024-12,,D04,,L4,,
EV003033,E03033,hire,2023-04-22,2023-04,,D02,,L4,,
EV003034,E03034,hire,2019-03-22,2019-03,,D02,,L4,,
EV003035,E03035,hire,2019-06-27,2019-06,,D05,,L6,,
EV003036,E03036,hire,2024-11-20,2024-11,,D03,,L2,,
EV003037,E03037,hire,2020-11-17,2020-11,,D08,,L2,,
EV003038,E03038,hire,2021-05-26,2021-05,,D04,,L1,,
EV003039,E03039,hire,2023-02-22,2023-02,,D08,,L3,,
EV003040,E03040,hire,2023-10-11,2023-10,,D01,,L6,,
EV003041,E03041,hire,2023-06-18,2023-06,,D12,,L3,,
EV003042,E03042,hire,2017-04-20,2017-04,,D01,,L1,,
EV003043,E03043,hire,2024-09-13,2024-09,,D02,,L2,,
EV003044,E03044,hire,2024-07-11,2024-07,,D03,,L2,,
EV003045,E03045,hire,2021-06-10,2021-06,,D11,,L1,,
EV003046,E03046,hire,2023-08-23,2023-08,,D03,,L5,,
EV003047,E03047,hire,2023-10-02,2023-10,,D06,,L2,,
EV003048,E03048,hire,2024-09-11,2024-09,,D03,,L1,,
EV003049,E03049,hire,2024-06-19,2024-06,,D06,,L1,,
EV003050,E03050,hire,2019-02-11,2019-02,,D06,,L1,,
EV003051,E03051,hire,2024-03-15,2024-03,,D01,,L1,,
EV003052,E03052,hire,2020-03-28,2020-03,,D02,,L1,,
EV003053,E03053,hire,2018-01-13,2018-01,,D01,,L5,,
EV003054,E03054,hire,2023-06-18,2023-06,,D01,,L1,,
EV003055,E03055,hire,2024-05-19,2024-05,,D07,,L2,,
EV003056,E03056,hire,2022-05-20,2022-05,,D03,,L3,,
EV003057,E03057,hire,2018-04-03,2018-04,,D05,,L2,,
EV003058,E03058,hire,2020-08-25,2020-08,,D05,,L1,,
EV003059,E03059,hire,2023-06-28,2023-06,,D03,,L1,,
EV003060,E03060,hire,2018-12-16,2018-12,,D06,,L1,,
EV003061,E03061,hire,2020-08-26,2020-08,,D01,,L4,,
EV003062,E03062,hire,2021-04-09,2021-04,,D01,,L2,,
EV003063,E03063,hire,2017-07-10,2017-07,,D01,,L2,,
EV003064,E03064,hire,2017-01-28,2017-01,,D03,,L5,,
EV003065,E03065,hire,2021-09-20,2021-09,,D01,,L5,,
EV003066,E03066,hire,2020-09-07,2020-09,,D01,,L2,,
EV003067,E03067,hire,2017-10-08,2017-10,,D04,,L2,,
EV003068,E03068,hire,2024-12-24,2024-12,,D01,,L1,,
EV003069,E03069,hire,2024-03-28,2024-03,,D01,,L2,,
EV003070,E03070,hire,2021-08-31,2021-08,,D12,,L1,,
EV003071,E03071,hire,2024-11-24,2024-11,,D01,,L4,,
EV003072,E03072,hire,2023-01-23,2023-01,,D03,,L1,,
EV003073,E03073,hire,2018-10-07,2018-10,,D02,,L3,,
EV003074,E03074,hire,2019-09-15,2019-09,,D11,,L3,,
EV003075,E03075,hire,2019-06-14,2019-06,,D01,,L1,,
EV003076,E03076,hire,2022-09-27,2022-09,,D11,,L3,,
EV003077,E03077,hire,2024-04-12,2024-04,,D02,,L2,,
EV003078,E03078,hire,2018-01-19,2018-01,,D11,,L1,,
EV003079,E03079,hire,2023-04-09,2023-04,,D03,,L3,,
EV003080,E03080,hire,2020-09-24,2020-09,,D01,,L7,,
EV003081,E03081,hire,2020-08-10,2020-08,,D02,,L3,,
EV003082,E03082,hire,2024-04-17,2024-04,,D02,,L1,,
EV003083,E03083,hire,2023-04-01,2023-04,,D01,,L6,,
EV003084,E03084,hire,2021-09-26,2021-09,,D01,,L4,,
EV003085,E03085,hire,2024-10-23,2024-10,,D01,,L4,,
EV003086,E03086,hire,2024-10-02,2024-10,,D02,,L5,,
EV003087,E03087,hire,2024-11-03,2024-11,,D11,,L1,,
EV003088,E03088,hire,2022-11-15,2022-11,,D05,,L1,,
EV003089,E03089,hire,2022-05-08,2022-05,,D01,,L2,,
EV003090,E03090,hire,2020-08-08,2020-08,,D01,,L1,,
EV003091,E03091,hire,2024-02-12,2024-02,,D12,,L1,,
EV003092,E03092,hire,2017-12-16,2017-12,,D03,,L1,,
EV003093,E03093,hire,2022-10-07,2022-10,,D06,,L2,,
EV003094,E03094,hire,2024-06-01,2024-06,,D05,,L1,,
EV003095,E03095,hire,2022-07-10,2022-07,,D05,,L5,,
EV003096,E03096,hire,2020-10-16,2020-10,,D03,,L3,,
EV003097,E03097,hire,2024-08-03,2024-08,,D03,,L3,,
EV003098,E03098,hire,2020-02-07,2020-02,,D06,,L5,,
EV003099,E03099,hire,2018-10-02,2018-10,,D03,,L4,,
EV003100,E03100,hire,2019-08-22,2019-08,,D01,,L2,,
EV003101,E03101,hire,2020-07-13,2020-07,,D01,,L1,,
EV003102,E03102,hire,2019-09-12,2019-09,,D01,,L5,,
EV003103,E03103,hire,2018-02-01,2018-02,,D01,,L5,,
EV003104,E03104,hire,2020-06-15,2020-06,,D12,,L3,,
EV003105,E03105,hire,2022-10-28,2022-10,,D06,,L5,,
EV003106,E03106,hire,2023-10-08,2023-10,,D03,,L1,,
EV003107,E03107,hire,2018-06-27,2018-06,,D01,,L4,,
EV003108,E03108,hire,2024-10-10,2024-10,,D11,,L2,,
EV003109,E03109,hire,2017-12-25,2017-12,,D08,,L3,,
EV003110,E03110,hire,2022-04-11,2022-04,,D01,,L1,,
EV003111,E03111,hire,2020-06-25,2020-06,,D12,,L1,,
EV003112,E03112,hire,2021-09-25,2021-09,,D01,,L5,,
EV003113,E03113,hire,2022-02-02,2022-02,,D01,,L4,,
EV003114,E03114,hire,2021-09-18,2021-09,,D12,,L2,,
EV003115,E03115,hire,2017-07-23,2017-07,,D05,,L1,,
EV003116,E03116,hire,2022-05-08,2022-05,,D05,,L4,,
EV003117,E03117,hire,2019-09-26,2019-09,,D02,,L2,,
EV003118,E03118,hire,2022-06-07,2022-06,,D03,,L1,,
EV003119,E03119,hire,2017-11-15,2017-11,,D08,,L1,,
EV003120,E03120,hire,2017-12-20,2017-12,,D02,,L3,,
EV003121,E03121,hire,2017-01-23,2017-01,,D03,,L4,,
EV003122,E03122,hire,2018-03-06,2018-03,,D12,,L5,,
EV003123,E03123,hire,2023-12-28,2023-12,,D08,,L1,,
EV003124,E03124,hire,2021-04-16,2021-04,,D11,,L2,,
EV003125,E03125,hire,2024-11-20,2024-11,,D01,,L2,,
EV003126,E03126,hire,2017-11-16,2017-11,,D03,,L6,,
EV003127,E03127,hire,2020-10-02,2020-10,,D06,,L5,,
EV003128,E03128,hire,2017-03-29,2017-03,,D03,,L4,,
EV003129,E03129,hire,2016-12-30,2016-12,,D11,,L2,,
EV003130,E03130,hire,2017-11-06,2017-11,,D03,,L4,,
EV003131,E03131,hire,2019-10-11,2019-10,,D03,,L5,,
EV003132,E03132,hire,2018-09-09,2018-09,,D02,,L2,,
EV003133,E03133,hire,2020-01-01,2020-01,,D02,,L3,,
EV003134,E03134,hire,2017-01-13,2017-01,,D01,,L1,,
EV003135,E03135,hire,2024-11-16,2024-11,,D05,,L3,,
EV003136,E03136,hire,2020-05-12,2020-05,,D08,,L3,,
EV003137,E03137,hire,2020-10-11,2020-10,,D08,,L6,,
EV003138,E03138,hire,2023-10-28,2023-10,,D01,,L2,,
EV003139,E03139,hire,2022-11-28,2022-11,,D01,,L3,,
EV003140,E03140,hire,2024-10-25,2024-10,,D08,,L4,,
EV003141,E03141,hire,2017-03-27,2017-03,,D03,,L6,,
EV003142,E03142,hire,2023-10-16,2023-10,,D01,,L6,,
EV003143,E03143,hire,2022-02-06,2022-02,,D01,,L5,,
EV003144,E03144,hire,2024-08-16,2024-08,,D08,,L2,,
EV003145,E03145,hire,2020-03-05,2020-03,,D04,,L1,,
EV003146,E03146,hire,2024-01-24,2024-01,,D10,,L3,,
EV003147,E03147,hire,2024-07-21,2024-07,,D02,,L1,,
EV003148,E03148,hire,2022-05-22,2022-05,,D01,,L7,,
EV003149,E03149,hire,2024-12-20,2024-12,,D02,,L2,,
EV003150,E03150,hire,2017-01-25,2017-01,,D02,,L6,,
EV003151,E03151,hire,2017-08-12,2017-08,,D12,,L6,,
EV003152,E03152,hire,2024-05-06,2024-05,,D01,,L3,,
EV003153,E03153,hire,2021-03-30,2021-03,,D08,,L3,,
EV003154,E03154,hire,2022-03-31,2022-03,,D01,,L1,,
EV003155,E03155,hire,2018-10-29,2018-10,,D12,,L4,,
EV003156,E03156,hire,2024-08-13,2024-08,,D01,,L2,,
EV003157,E03157,hire,2022-11-15,2022-11,,D01,,L2,,
EV003158,E03158,hire,2018-08-12,2018-08,,D09,,L3,,
EV003159,E03159,hire,2018-07-07,2018-07,,D06,,L3,,
EV003160,E03160,hire,2023-07-01,2023-07,,D11,,L1,,
EV003161,E03161,hire,2024-09-12,2024-09,,D12,,L1,,
EV003162,E03162,hire,2020-08-23,2020-08,,D11,,L3,,
EV003163,E03163,hire,2018-03-29,2018-03,,D01,,L1,,
EV003164,E03164,hire,2019-10-23,2019-10,,D02,,L1,,
EV003165,E03165,hire,2023-04-18,2023-04,,D03,,L1,,
EV003166,E03166,hire,2022-04-04,2022-04,,D12,,L1,,
EV003167,E03167,hire,2021-11-17,2021-11,,D02,,L3,,
EV003168,E03168,hire,2023-08-15,2023-08,,D06,,L1,,
EV003169,E03169,hire,2019-01-18,2019-01,,D04,,L1,,
EV003170,E03170,hire,2020-11-20,2020-11,,D11,,L2,,
EV003171,E03171,hire,2021-11-06,2021-11,,D01,,L1,,
EV003172,E03172,hire,2018-01-05,2018-01,,D01,,L6,,
EV003173,E03173,hire,2018-10-06,2018-10,,D01,,L5,,
EV003174,E03174,hire,2018-08-05,2018-08,,D03,,L3,,
EV003175,E03175,hire,2020-03-10,2020-03,,D01,,L2,,
EV003176,E03176,hire,2022-03-19,2022-03,,D11,,L4,,
EV003177,E03177,hire,2020-01-11,2020-01,,D08,,L6,,
EV003178,E03178,hire,2023-08-29,2023-08,,D02,,L3,,
EV003179,E03179,hire,2023-02-22,2023-02,,D02,,L4,,
EV003180,E03180,hire,2024-08-13,2024-08,,D02,,L4,,
EV003181,E03181,hire,2021-05-11,2021-05,,D07,,L2,,
EV003182,E03182,hire,2023-07-05,2023-07,,D04,,L3,,
EV003183,E03183,hire,2023-03-10,2023-03,,D11,,L3,,
EV003184,E03184,hire,2022-05-31,2022-05,,D11,,L1,,
EV003185,E03185,hire,2017-03-26,2017-03,,D11,,L3,,
EV003186,E03186,hire,2020-08-02,2020-08,,D01,,L4,,
EV003187,E03187,hire,2024-09-24,2024-09,,D02,,L3,,
EV003188,E03188,hire,2022-04-30,2022-04,,D06,,L2,,
EV003189,E03189,hire,2024-05-18,2024-05,,D03,,L1,,
EV003190,E03190,hire,2023-01-09,2023-01,,D01,,L1,,
EV003191,E03191,hire,2023-02-25,2023-02,,D06,,L3,,
EV003192,E03192,hire,2019-08-06,2019-08,,D03,,L1,,
EV003193,E03193,hire,2019-03-15,2019-03,,D11,,L3,,
EV003194,E03194,hire,2023-05-13,2023-05,,D04,,L2,,
EV003195,E03195,hire,2018-05-16,2018-05,,D05,,L2,,
EV003196,E03196,hire,2018-05-13,2018-05,,D09,,L3,,
EV003197,E03197,hire,2017-12-29,2017-12,,D03,,L5,,
EV003198,E03198,hire,2023-07-19,2023-07,,D03,,L6,,
EV003199,E03199,hire,2018-12-23,2018-12,,D11,,L4,,
EV003200,E03200,hire,2020-11-15,2020-11,,D03,,L2,,
EV003201,E03201,hire,2020-07-14,2020-07,,D11,,L2,,
EV003202,E03202,hire,2020-11-07,2020-11,,D01,,L2,,
EV003203,E03203,hire,2022-11-16,2022-11,,D01,,L1,,
EV003204,E03204,hire,2018-02-11,2018-02,,D07,,L1,,
EV003205,E03205,hire,2024-12-14,2024-12,,D07,,L4,,
EV003206,E03206,hire,2024-12-18,2024-12,,D05,,L3,,
EV003207,E03207,hire,2024-01-29,2024-01,,D03,,L4,,
EV003208,E03208,hire,2017-09-09,2017-09,,D09,,L1,,
EV003209,E03209,hire,2024-06-10,2024-06,,D04,,L3,,
EV003210,E03210,hire,2022-07-13,2022-07,,D02,,L2,,
EV003211,E03211,hire,2019-07-11,2019-07,,D11,,L1,,
EV003212,E03212,hire,2023-12-02,2023-12,,D05,,L1,,
EV003213,E03213,hire,2020-06-28,2020-06,,D02,,L4,,
EV003214,E03214,hire,2022-06-23,2022-06,,D01,,L2,,
EV003215,E03215,hire,2019-10-09,2019-10,,D04,,L1,,
EV003216,E03216,hire,2017-06-04,2017-06,,D03,,L5,,
EV003217,E03217,hire,2024-08-27,2024-08,,D04,,L3,,
EV003218,E03218,hire,2024-04-04,2024-04,,D11,,L5,,
EV003219,E03219,hire,2020-04-16,2020-04,,D03,,L1,,
EV003220,E03220,hire,2021-07-28,2021-07,,D01,,L3,,
EV003221,E03221,hire,2021-09-07,2021-09,,D12,,L5,,
EV003222,E03222,hire,2017-08-10,2017-08,,D01,,L2,,
EV003223,E03223,hire,2020-05-25,2020-05,,D01,,L4,,
EV003224,E03224,hire,2018-09-15,2018-09,,D03,,L1,,
EV003225,E03225,hire,2021-09-17,2021-09,,D01,,L4,,
EV003226,E03226,hire,2018-12-15,2018-12,,D01,,L3,,
EV003227,E03227,hire,2021-12-15,2021-12,,D02,,L2,,
EV003228,E03228,hire,2017-12-13,2017-12,,D02,,L5,,
EV003229,E03229,hire,2021-01-20,2021-01,,D04,,L3,,
EV003230,E03230,hire,2022-04-21,2022-04,,D03,,L3,,
EV003231,E03231,hire,2023-05-27,2023-05,,D01,,L6,,
EV003232,E03232,hire,2024-02-07,2024-02,,D01,,L3,,
EV003233,E03233,hire,2022-07-17,2022-07,,D11,,L1,,
EV003234,E03234,hire,2018-10-09,2018-10,,D01,,L1,,
EV003235,E03235,hire,2022-08-31,2022-08,,D05,,L4,,
EV003236,E03236,hire,2020-06-14,2020-06,,D03,,L6,,
EV003237,E03237,hire,2022-09-25,2022-09,,D06,,L4,,
EV003238,E03238,hire,2020-05-06,2020-05,,D01,,L5,,
EV003239,E03239,hire,2018-11-27,2018-11,,D01,,L1,,
EV003240,E03240,hire,2024-12-28,2024-12,,D01,,L6,,
EV003241,E03241,hire,2019-07-01,2019-07,,D03,,L5,,
EV003242,E03242,hire,2017-01-20,2017-01,,D05,,L2,,
EV003243,E03243,hire,2022-01-01,2022-01,,D07,,L4,,
EV003244,E03244,hire,2018-06-23,2018-06,,D03,,L1,,
EV003245,E03245,hire,2020-09-01,2020-09,,D06,,L3,,
EV003246,E03246,hire,2018-05-03,2018-05,,D01,,L5,,
EV003247,E03247,hire,2021-11-12,2021-11,,D04,,L3,,
EV003248,E03248,hire,2024-04-09,2024-04,,D01,,L3,,
EV003249,E03249,hire,2023-02-15,2023-02,,D02,,L5,,
EV003250,E03250,hire,2023-01-13,2023-01,,D12,,L1,,
EV003251,E03251,hire,2024-02-12,2024-02,,D05,,L1,,
EV003252,E03252,hire,2023-07-19,2023-07,,D12,,L3,,
EV003253,E03253,hire,2024-07-13,2024-07,,D01,,L1,,
EV003254,E03254,hire,2021-06-17,2021-06,,D01,,L2,,
EV003255,E03255,hire,2020-09-03,2020-09,,D02,,L1,,
EV003256,E03256,hire,2017-06-09,2017-06,,D11,,L1,,
EV003257,E03257,hire,2020-06-27,2020-06,,D01,,L3,,
EV003258,E03258,hire,2020-04-22,2020-04,,D08,,L1,,
EV003259,E03259,hire,2024-12-09,2024-12,,D12,,L4,,
EV003260,E03260,hire,2024-01-02,2024-01,,D02,,L3,,
EV003261,E03261,hire,2024-10-19,2024-10,,D04,,L3,,
EV003262,E03262,hire,2020-12-11,2020-12,,D01,,L4,,
EV003263,E03263,hire,2023-04-20,2023-04,,D12,,L2,,
EV003264,E03264,hire,2019-10-26,2019-10,,D08,,L5,,
EV003265,E03265,hire,2017-12-08,2017-12,,D05,,L5,,
EV003266,E03266,hire,2024-03-13,2024-03,,D12,,L3,,
EV003267,E03267,hire,2017-04-06,2017-04,,D06,,L3,,
EV003268,E03268,hire,2022-05-14,2022-05,,D02,,L2,,
EV003269,E03269,hire,2024-08-07,2024-08,,D07,,L2,,
EV003270,E03270,hire,2017-07-18,2017-07,,D06,,L4,,
EV003271,E03271,hire,2017-01-23,2017-01,,D02,,L2,,
EV003272,E03272,hire,2024-03-13,2024-03,,D03,,L2,,
EV003273,E03273,hire,2019-03-23,2019-03,,D11,,L5,,
EV003274,E03274,hire,2017-07-12,2017-07,,D11,,L5,,
EV003275,E03275,hire,2021-08-08,2021-08,,D11,,L5,,
EV003276,E03276,hire,2024-11-06,2024-11,,D01,,L3,,
EV003277,E03277,hire,2022-04-05,2022-04,,D04,,L2,,
EV003278,E03278,hire,2020-05-13,2020-05,,D03,,L3,,
EV003279,E03279,hire,2021-08-06,2021-08,,D03,,L3,,
EV003280,E03280,hire,2022-10-25,2022-10,,D04,,L2,,
EV003281,E03281,hire,2018-02-02,2018-02,,D01,,L1,,
EV003282,E03282,hire,2024-10-19,2024-10,,D12,,L4,,
EV003283,E03283,hire,2017-08-21,2017-08,,D06,,L3,,
EV003284,E03284,hire,2020-07-01,2020-07,,D05,,L2,,
EV003285,E03285,hire,2023-01-05,2023-01,,D07,,L3,,
EV003286,E03286,hire,2023-10-01,2023-10,,D04,,L3,,
EV003287,E03287,hire,2016-12-16,2016-12,,D12,,L2,,
EV003288,E03288,hire,2022-07-26,2022-07,,D01,,L6,,
EV003289,E03289,hire,2024-05-18,2024-05,,D04,,L5,,
EV003290,E03290,hire,2020-05-04,2020-05,,D12,,L2,,
EV003291,E03291,hire,2024-11-05,2024-11,,D05,,L2,,
EV003292,E03292,hire,2022-03-21,2022-03,,D12,,L1,,
EV003293,E03293,hire,2021-05-03,2021-05,,D07,,L1,,
EV003294,E03294,hire,2022-02-24,2022-02,,D07,,L2,,
EV003295,E03295,hire,2020-03-09,2020-03,,D01,,L3,,
EV003296,E03296,hire,2017-05-20,2017-05,,D03,,L3,,
EV003297,E03297,hire,2019-07-12,2019-07,,D01,,L1,,
EV003298,E03298,hire,2019-09-21,2019-09,,D01,,L4,,
EV003299,E03299,hire,2024-01-11,2024-01,,D11,,L2,,
EV003300,E03300,hire,2018-07-04,2018-07,,D01,,L2,,
EV003301,E03301,hire,2019-07-31,2019-07,,D09,,L4,,
EV003302,E03302,hire,2024-06-17,2024-06,,D02,,L3,,
EV003303,E03303,hire,2020-09-21,2020-09,,D02,,L2,,
EV003304,E03304,hire,2020-02-16,2020-02,,D01,,L2,,
EV003305,E03305,hire,2017-04-21,2017-04,,D08,,L3,,
EV003306,E03306,hire,2020-03-28,2020-03,,D01,,L4,,
EV003307,E03307,hire,2022-11-25,2022-11,,D05,,L1,,
EV003308,E03308,hire,2022-11-15,2022-11,,D04,,L2,,
EV003309,E03309,hire,2024-02-06,2024-02,,D01,,L3,,
EV003310,E03310,hire,2016-12-23,2016-12,,D03,,L4,,
EV003311,E03311,hire,2024-12-14,2024-12,,D01,,L2,,
EV003312,E03312,hire,2021-09-04,2021-09,,D11,,L4,,
EV003313,E03313,hire,2024-09-20,2024-09,,D03,,L5,,
EV003314,E03314,hire,2021-06-04,2021-06,,D01,,L4,,
EV003315,E03315,hire,2021-12-24,2021-12,,D02,,L6,,
EV003316,E03316,hire,2023-11-13,2023-11,,D01,,L3,,
EV003317,E03317,hire,2021-06-26,2021-06,,D12,,L1,,
EV003318,E03318,hire,2020-03-16,2020-03,,D01,,L1,,
EV003319,E03319,hire,2024-12-18,2024-12,,D01,,L2,,
EV003320,E03320,hire,2018-07-22,2018-07,,D02,,L1,,
EV003321,E03321,hire,2024-11-25,2024-11,,D05,,L2,,
EV003322,E03322,hire,2020-07-05,2020-07,,D11,,L5,,
EV003323,E03323,hire,2022-11-12,2022-11,,D06,,L1,,
EV003324,E03324,hire,2024-12-24,2024-12,,D12,,L5,,
EV003325,E03325,hire,2023-05-04,2023-05,,D01,,L2,,
EV003326,E03326,hire,2024-07-08,2024-07,,D02,,L1,,
EV003327,E03327,hire,2024-02-08,2024-02,,D03,,L1,,
EV003328,E03328,hire,2020-12-31,2020-12,,D01,,L3,,
EV003329,E03329,hire,2023-01-30,2023-01,,D11,,L1,,
EV003330,E03330,hire,2019-12-19,2019-12,,D01,,L4,,
EV003331,E03331,hire,2024-09-04,2024-09,,D03,,L1,,
EV003332,E03332,hire,2017-11-07,2017-11,,D01,,L2,,
EV003333,E03333,hire,2024-05-19,2024-05,,D11,,L2,,
EV003334,E03334,hire,2021-06-01,2021-06,,D01,,L6,,
EV003335,E03335,hire,2019-04-20,2019-04,,D11,,L1,,
EV003336,E03336,hire,2024-10-22,2024-10,,D05,,L2,,
EV003337,E03337,hire,2022-07-13,2022-07,,D03,,L2,,
EV003338,E03338,hire,2017-06-20,2017-06,,D03,,L3,,
EV003339,E03339,hire,2024-11-23,2024-11,,D11,,L1,,
EV003340,E03340,hire,2020-07-14,2020-07,,D02,,L1,,
EV003341,E03341,hire,2023-01-06,2023-01,,D01,,L3,,
EV003342,E03342,hire,2019-07-23,2019-07,,D05,,L3,,
EV003343,E03343,hire,2022-07-06,2022-07,,D04,,L2,,
EV003344,E03344,hire,2024-05-02,2024-05,,D02,,L6,,
EV003345,E03345,hire,2021-04-09,2021-04,,D10,,L2,,
EV003346,E03346,hire,2023-04-15,2023-04,,D04,,L6,,
EV003347,E03347,hire,2021-05-21,2021-05,,D12,,L1,,
EV003348,E03348,hire,2018-03-04,2018-03,,D03,,L1,,
EV003349,E03349,hire,2024-06-23,2024-06,,D02,,L2,,
EV003350,E03350,hire,2023-06-16,2023-06,,D08,,L2,,
EV003351,E03351,hire,2021-07-01,2021-07,,D05,,L2,,
EV003352,E03352,hire,2024-03-30,2024-03,,D06,,L4,,
EV003353,E03353,hire,2020-06-20,2020-06,,D01,,L4,,
EV003354,E03354,hire,2018-07-25,2018-07,,D01,,L4,,
EV003355,E03355,hire,2024-09-25,2024-09,,D03,,L1,,
EV003356,E03356,hire,2024-10-25,2024-10,,D03,,L1,,
EV003357,E03357,hire,2019-09-24,2019-09,,D02,,L2,,
EV003358,E03358,hire,2017-09-23,2017-09,,D02,,L2,,
EV003359,E03359,hire,2022-09-23,2022-09,,D02,,L3,,
EV003360,E03360,hire,2022-03-09,2022-03,,D06,,L5,,
EV003361,E03361,hire,2017-07-21,2017-07,,D06,,L1,,
EV003362,E03362,hire,2017-08-19,2017-08,,D01,,L4,,
EV003363,E03363,hire,2024-06-01,2024-06,,D01,,L1,,
EV003364,E03364,hire,2023-08-01,2023-08,,D01,,L1,,
EV003365,E03365,hire,2020-08-16,2020-08,,D03,,L1,,
EV003366,E03366,hire,2017-10-01,2017-10,,D11,,L2,,
EV003367,E03367,hire,2021-10-05,2021-10,,D01,,L7,,
EV003368,E03368,hire,2024-09-11,2024-09,,D12,,L1,,
EV003369,E03369,hire,2019-05-18,2019-05,,D09,,L3,,
EV003370,E03370,hire,2021-10-27,2021-10,,D10,,L6,,
EV003371,E03371,hire,2022-07-10,2022-07,,D12,,L2,,
EV003372,E03372,hire,2017-03-07,2017-03,,D07,,L7,,
EV003373,E03373,hire,2021-07-13,2021-07,,D08,,L2,,
EV003374,E03374,hire,2022-09-11,2022-09,,D04,,L1,,
EV003375,E03375,hire,2022-07-15,2022-07,,D07,,L1,,
EV003376,E03376,hire,2022-08-27,2022-08,,D02,,L3,,
EV003377,E03377,hire,2020-12-24,2020-12,,D04,,L4,,
EV003378,E03378,hire,2019-07-17,2019-07,,D01,,L1,,
EV003379,E03379,hire,2022-02-07,2022-02,,D06,,L3,,
EV003380,E03380,hire,2024-05-09,2024-05,,D01,,L5,,
EV003381,E03381,hire,2018-02-23,2018-02,,D11,,L2,,
EV003382,E03382,hire,2019-09-06,2019-09,,D03,,L1,,
EV003383,E03383,hire,2023-07-22,2023-07,,D05,,L2,,
EV003384,E03384,hire,2017-04-10,2017-04,,D04,,L4,,
EV003385,E03385,hire,2023-08-19,2023-08,,D01,,L2,,
EV003386,E03386,hire,2024-12-15,2024-12,,D01,,L4,,
EV003387,E03387,hire,2018-12-06,2018-12,,D12,,L4,,
EV003388,E03388,hire,2023-11-27,2023-11,,D01,,L4,,
EV003389,E03389,hire,2019-11-22,2019-11,,D04,,L1,,
EV003390,E03390,hire,2024-08-18,2024-08,,D07,,L3,,
EV003391,E03391,hire,2018-04-11,2018-04,,D02,,L6,,
EV003392,E03392,hire,2024-12-09,2024-12,,D01,,L2,,
EV003393,E03393,hire,2024-01-27,2024-01,,D01,,L2,,
EV003394,E03394,hire,2022-01-30,2022-01,,D01,,L3,,
EV003395,E03395,hire,2022-02-09,2022-02,,D02,,L4,,
EV003396,E03396,hire,2021-08-05,2021-08,,D05,,L1,,
EV003397,E03397,hire,2023-08-29,2023-08,,D03,,L4,,
EV003398,E03398,hire,2024-10-01,2024-10,,D01,,L4,,
EV003399,E03399,hire,2022-04-15,2022-04,,D05,,L1,,
EV003400,E03400,hire,2023-09-04,2023-09,,D01,,L7,,
EV003401,E03401,hire,2021-06-19,2021-06,,D03,,L3,,
EV003402,E03402,hire,2019-12-06,2019-12,,D12,,L1,,
EV003403,E03403,hire,2017-09-26,2017-09,,D03,,L2,,
EV003404,E03404,hire,2019-10-21,2019-10,,D04,,L2,,
EV003405,E03405,hire,2017-09-05,2017-09,,D08,,L4,,
EV003406,E03406,hire,2022-02-02,2022-02,,D02,,L1,,
EV003407,E03407,hire,2020-07-27,2020-07,,D04,,L5,,
EV003408,E03408,hire,2021-03-11,2021-03,,D05,,L5,,
EV003409,E03409,hire,2024-10-04,2024-10,,D02,,L2,,
EV003410,E03410,hire,2020-03-09,2020-03,,D11,,L3,,
EV003411,E03411,hire,2021-05-05,2021-05,,D01,,L2,,
EV003412,E03412,hire,2022-05-17,2022-05,,D01,,L5,,
EV003413,E03413,hire,2021-09-02,2021-09,,D05,,L5,,
EV003414,E03414,hire,2018-02-09,2018-02,,D03,,L1,,
EV003415,E03415,hire,2023-10-15,2023-10,,D12,,L3,,
EV003416,E03416,hire,2018-12-23,2018-12,,D03,,L2,,
EV003417,E03417,hire,2024-09-24,2024-09,,D06,,L4,,
EV003418,E03418,hire,2019-10-22,2019-10,,D07,,L5,,
EV003419,E03419,hire,2024-07-04,2024-07,,D03,,L1,,
EV003420,E03420,hire,2019-03-26,2019-03,,D04,,L3,,
EV003421,E03421,hire,2023-10-30,2023-10,,D01,,L4,,
EV003422,E03422,hire,2021-04-03,2021-04,,D01,,L1,,
EV003423,E03423,hire,2023-01-11,2023-01,,D02,,L2,,
EV003424,E03424,hire,2021-07-22,2021-07,,D04,,L4,,
EV003425,E03425,hire,2021-11-27,2021-11,,D06,,L1,,
EV003426,E03426,hire,2023-11-13,2023-11,,D02,,L1,,
EV003427,E03427,hire,2020-10-08,2020-10,,D01,,L2,,
EV003428,E03428,hire,2024-08-22,2024-08,,D06,,L3,,
EV003429,E03429,hire,2023-03-21,2023-03,,D11,,L5,,
EV003430,E03430,hire,2017-01-15,2017-01,,D05,,L1,,
EV003431,E03431,hire,2024-09-20,2024-09,,D07,,L1,,
EV003432,E03432,hire,2020-10-21,2020-10,,D01,,L1,,
EV003433,E03433,hire,2020-03-09,2020-03,,D01,,L1,,
EV003434,E03434,hire,2019-10-16,2019-10,,D02,,L3,,
EV003435,E03435,hire,2022-11-19,2022-11,,D03,,L3,,
EV003436,E03436,hire,2018-08-07,2018-08,,D03,,L4,,
EV003437,E03437,hire,2023-11-26,2023-11,,D03,,L1,,
EV003438,E03438,hire,2020-11-09,2020-11,,D05,,L4,,
EV003439,E03439,hire,2021-08-09,2021-08,,D07,,L5,,
EV003440,E03440,hire,2018-10-23,2018-10,,D04,,L4,,
EV003441,E03441,hire,2024-01-22,2024-01,,D03,,L1,,
EV003442,E03442,hire,2024-12-05,2024-12,,D12,,L2,,
EV003443,E03443,hire,2024-06-28,2024-06,,D03,,L7,,
EV003444,E03444,hire,2017-06-21,2017-06,,D06,,L3,,
EV003445,E03445,hire,2018-04-23,2018-04,,D11,,L2,,
EV003446,E03446,hire,2024-08-24,2024-08,,D12,,L2,,
EV003447,E03447,hire,2024-07-10,2024-07,,D04,,L3,,
EV003448,E03448,hire,2022-08-12,2022-08,,D02,,L2,,
EV003449,E03449,hire,2023-07-26,2023-07,,D06,,L2,,
EV003450,E03450,hire,2024-09-06,2024-09,,D01,,L1,,
EV003451,E03451,hire,2024-12-04,2024-12,,D01,,L2,,
EV003452,E03452,hire,2023-06-08,2023-06,,D01,,L4,,
EV003453,E03453,hire,2024-09-17,2024-09,,D07,,L4,,
EV003454,E03454,hire,2019-12-04,2019-12,,D01,,L3,,
EV003455,E03455,hire,2023-10-03,2023-10,,D05,,L2,,
EV003456,E03456,hire,2017-11-08,2017-11,,D01,,L2,,
EV003457,E03457,hire,2019-09-09,2019-09,,D03,,L1,,
EV003458,E03458,hire,2017-07-20,2017-07,,D04,,L2,,
EV003459,E03459,hire,2024-06-15,2024-06,,D03,,L1,,
EV003460,E03460,hire,2023-10-23,2023-10,,D01,,L6,,
EV003461,E03461,hire,2018-08-29,2018-08,,D02,,L2,,
EV003462,E03462,hire,2020-10-20,2020-10,,D08,,L3,,
EV003463,E03463,hire,2020-04-09,2020-04,,D03,,L3,,
EV003464,E03464,hire,2021-08-25,2021-08,,D02,,L3,,
EV003465,E03465,hire,2019-07-18,2019-07,,D02,,L5,,
EV003466,E03466,hire,2023-10-09,2023-10,,D05,,L3,,
EV003467,E03467,hire,2021-11-12,2021-11,,D01,,L2,,
EV003468,E03468,hire,2017-03-24,2017-03,,D01,,L2,,
EV003469,E03469,hire,2017-08-19,2017-08,,D11,,L4,,
EV003470,E03470,hire,2024-08-24,2024-08,,D02,,L2,,
EV003471,E03471,hire,2020-09-04,2020-09,,D12,,L1,,
EV003472,E03472,hire,2023-01-03,2023-01,,D01,,L5,,
EV003473,E03473,hire,2017-10-08,2017-10,,D01,,L3,,
EV003474,E03474,hire,2017-02-16,2017-02,,D02,,L4,,
EV003475,E03475,hire,2023-01-15,2023-01,,D09,,L3,,
EV003476,E03476,hire,2023-06-15,2023-06,,D01,,L2,,
EV003477,E03477,hire,2018-02-08,2018-02,,D10,,L2,,
EV003478,E03478,hire,2022-05-02,2022-05,,D06,,L3,,
EV003479,E03479,hire,2023-04-30,2023-04,,D03,,L1,,
EV003480,E03480,hire,2020-06-29,2020-06,,D01,,L2,,
EV003481,E03481,hire,2019-01-04,2019-01,,D01,,L1,,
EV003482,E03482,hire,2021-04-18,2021-04,,D05,,L3,,
EV003483,E03483,hire,2018-10-26,2018-10,,D06,,L1,,
EV003484,E03484,hire,2020-11-29,2020-11,,D06,,L4,,
EV003485,E03485,hire,2018-12-21,2018-12,,D05,,L1,,
EV003486,E03486,hire,2023-08-01,2023-08,,D11,,L1,,
EV003487,E03487,hire,2023-09-11,2023-09,,D03,,L2,,
EV003488,E03488,hire,2018-02-15,2018-02,,D10,,L3,,
EV003489,E03489,hire,2024-11-21,2024-11,,D01,,L4,,
EV003490,E03490,hire,2023-05-12,2023-05,,D02,,L2,,
EV003491,E03491,hire,2023-01-23,2023-01,,D12,,L2,,
EV003492,E03492,hire,2021-09-22,2021-09,,D02,,L6,,
EV003493,E03493,hire,2018-08-19,2018-08,,D02,,L3,,
EV003494,E03494,hire,2020-02-17,2020-02,,D11,,L3,,
EV003495,E03495,hire,2018-07-25,2018-07,,D01,,L3,,
EV003496,E03496,hire,2024-08-27,2024-08,,D03,,L6,,
EV003497,E03497,hire,2022-12-03,2022-12,,D01,,L5,,
EV003498,E03498,hire,2020-04-02,2020-04,,D12,,L2,,
EV003499,E03499,hire,2024-01-18,2024-01,,D06,,L4,,
EV003500,E03500,hire,2023-07-26,2023-07,,D10,,L2,,
EV003501,E03501,hire,2024-10-17,2024-10,,D04,,L2,,
EV003502,E03502,hire,2022-05-29,2022-05,,D01,,L3,,
EV003503,E03503,hire,2022-05-14,2022-05,,D06,,L2,,
EV003504,E03504,hire,2018-12-31,2018-12,,D12,,L4,,
EV003505,E03505,hire,2019-06-02,2019-06,,D03,,L3,,
EV003506,E03506,hire,2017-06-23,2017-06,,D02,,L1,,
EV003507,E03507,hire,2023-08-17,2023-08,,D06,,L4,,
EV003508,E03508,hire,2021-07-11,2021-07,,D12,,L1,,
EV003509,E03509,hire,2024-09-11,2024-09,,D01,,L2,,
EV003510,E03510,hire,2024-06-19,2024-06,,D08,,L3,,
EV003511,E03511,hire,2024-11-12,2024-11,,D10,,L3,,
EV003512,E03512,hire,2023-09-11,2023-09,,D12,,L4,,
EV003513,E03513,hire,2021-03-06,2021-03,,D01,,L1,,
EV003514,E03514,hire,2023-01-29,2023-01,,D04,,L5,,
EV003515,E03515,hire,2023-06-16,2023-06,,D05,,L4,,
EV003516,E03516,hire,2024-11-19,2024-11,,D02,,L6,,
EV003517,E03517,hire,2023-12-01,2023-12,,D03,,L5,,
EV003518,E03518,hire,2021-03-01,2021-03,,D09,,L7,,
EV003519,E03519,hire,2021-07-02,2021-07,,D01,,L2,,
EV003520,E03520,hire,2020-03-26,2020-03,,D01,,L1,,
EV003521,E03521,hire,2021-03-07,2021-03,,D12,,L1,,
EV003522,E03522,hire,2023-08-11,2023-08,,D11,,L4,,
EV003523,E03523,hire,2024-10-16,2024-10,,D03,,L1,,
EV003524,E03524,hire,2024-07-22,2024-07,,D01,,L5,,
EV003525,E03525,hire,2021-01-23,2021-01,,D01,,L1,,
EV003526,E03526,hire,2021-02-18,2021-02,,D11,,L1,,
EV003527,E03527,hire,2019-12-03,2019-12,,D12,,L2,,
EV003528,E03528,hire,2024-04-19,2024-04,,D01,,L1,,
EV003529,E03529,hire,2020-08-28,2020-08,,D12,,L3,,
EV003530,E03530,hire,2023-02-17,2023-02,,D03,,L3,,
EV003531,E03531,hire,2023-01-01,2023-01,,D04,,L1,,
EV003532,E03532,hire,2020-02-23,2020-02,,D01,,L5,,
EV003533,E03533,hire,2021-06-04,2021-06,,D01,,L4,,
EV003534,E03534,hire,2022-12-27,2022-12,,D11,,L2,,
EV003535,E03535,hire,2024-12-27,2024-12,,D11,,L4,,
EV003536,E03536,hire,2022-08-26,2022-08,,D05,,L1,,
EV003537,E03537,hire,2023-10-03,2023-10,,D07,,L1,,
EV003538,E03538,hire,2024-05-17,2024-05,,D01,,L5,,
EV003539,E03539,hire,2018-01-11,2018-01,,D04,,L4,,
EV003540,E03540,hire,2017-12-05,2017-12,,D10,,L6,,
EV003541,E03541,hire,2023-08-08,2023-08,,D12,,L3,,
EV003542,E03542,hire,2022-04-20,2022-04,,D01,,L4,,
EV003543,E03543,hire,2017-08-21,2017-08,,D03,,L3,,
EV003544,E03544,hire,2020-03-31,2020-03,,D02,,L1,,
EV003545,E03545,hire,2024-09-28,2024-09,,D01,,L4,,
EV003546,E03546,hire,2021-07-17,2021-07,,D01,,L1,,
EV003547,E03547,hire,2017-09-04,2017-09,,D01,,L4,,
EV003548,E03548,hire,2023-04-08,2023-04,,D02,,L4,,
EV003549,E03549,hire,2024-08-06,2024-08,,D01,,L1,,
EV003550,E03550,hire,2024-11-29,2024-11,,D12,,L1,,
EV003551,E03551,hire,2019-11-24,2019-11,,D09,,L4,,
EV003552,E03552,hire,2024-12-06,2024-12,,D09,,L3,,
EV003553,E03553,hire,2021-12-01,2021-12,,D10,,L4,,
EV003554,E03554,hire,2024-09-25,2024-09,,D01,,L1,,
EV003555,E03555,hire,2020-08-21,2020-08,,D02,,L3,,
EV003556,E03556,hire,2024-04-10,2024-04,,D03,,L4,,
EV003557,E03557,hire,2022-11-11,2022-11,,D06,,L4,,
EV003558,E03558,hire,2019-09-23,2019-09,,D09,,L2,,
EV003559,E03559,hire,2024-05-12,2024-05,,D01,,L4,,
EV003560,E03560,hire,2022-08-05,2022-08,,D01,,L1,,
EV003561,E03561,hire,2021-04-30,2021-04,,D08,,L2,,
EV003562,E03562,hire,2021-03-11,2021-03,,D06,,L1,,
EV003563,E03563,hire,2021-10-01,2021-10,,D06,,L3,,
EV003564,E03564,hire,2021-12-05,2021-12,,D08,,L6,,
EV003565,E03565,hire,2022-08-13,2022-08,,D05,,L3,,
EV003566,E03566,hire,2021-11-28,2021-11,,D12,,L3,,
EV003567,E03567,hire,2023-08-29,2023-08,,D03,,L2,,
EV003568,E03568,hire,2024-02-29,2024-02,,D06,,L2,,
EV003569,E03569,hire,2021-06-17,2021-06,,D02,,L2,,
EV003570,E03570,hire,2019-03-16,2019-03,,D11,,L1,,
EV003571,E03571,hire,2021-10-21,2021-10,,D05,,L4,,
EV003572,E03572,hire,2024-05-30,2024-05,,D06,,L1,,
EV003573,E03573,hire,2019-03-07,2019-03,,D05,,L2,,
EV003574,E03574,hire,2020-01-23,2020-01,,D01,,L2,,
EV003575,E03575,hire,2023-03-07,2023-03,,D02,,L2,,
EV003576,E03576,hire,2024-09-06,2024-09,,D12,,L2,,
EV003577,E03577,hire,2018-05-07,2018-05,,D07,,L3,,
EV003578,E03578,hire,2020-05-28,2020-05,,D02,,L2,,
EV003579,E03579,hire,2022-03-21,2022-03,,D11,,L4,,
EV003580,E03580,hire,2022-01-20,2022-01,,D12,,L1,,
EV003581,E03581,hire,2024-08-06,2024-08,,D11,,L6,,
EV003582,E03582,hire,2020-02-01,2020-02,,D05,,L5,,
EV003583,E03583,hire,2020-07-09,2020-07,,D12,,L3,,
EV003584,E03584,hire,2019-07-25,2019-07,,D08,,L1,,
EV003585,E03585,hire,2024-03-19,2024-03,,D06,,L3,,
EV003586,E03586,hire,2021-11-01,2021-11,,D08,,L1,,
EV003587,E03587,hire,2021-01-10,2021-01,,D05,,L1,,
EV003588,E03588,hire,2020-01-22,2020-01,,D01,,L1,,
EV003589,E03589,hire,2020-05-09,2020-05,,D07,,L2,,
EV003590,E03590,hire,2017-12-19,2017-12,,D12,,L4,,
EV003591,E03591,hire,2024-04-02,2024-04,,D06,,L5,,
EV003592,E03592,hire,2019-06-15,2019-06,,D01,,L1,,
EV003593,E03593,hire,2023-01-14,2023-01,,D02,,L1,,
EV003594,E03594,hire,2024-10-18,2024-10,,D04,,L2,,
EV003595,E03595,hire,2017-05-14,2017-05,,D11,,L1,,
EV003596,E03596,hire,2020-07-19,2020-07,,D04,,L3,,
EV003597,E03597,hire,2022-12-09,2022-12,,D05,,L2,,
EV003598,E03598,hire,2023-02-01,2023-02,,D02,,L2,,
EV003599,E03599,hire,2021-12-26,2021-12,,D03,,L3,,
EV003600,E03600,hire,2020-12-29,2020-12,,D10,,L5,,
EV003601,E00609,leave,2025-01-22,2025-01,D01,,L1,,R01,vol
EV003602,E03405,leave,2025-01-31,2025-01,D08,,L4,,R04,vol
EV003603,E02140,leave,2025-01-05,2025-01,D01,,L4,,R01,vol
EV003604,E01327,leave,2025-01-26,2025-01,D02,,L3,,R01,vol
EV003605,E02722,leave,2025-01-10,2025-01,D01,,L2,,R06,invol
EV003606,E03564,leave,2025-01-29,2025-01,D08,,L6,,R02,vol
EV003607,E01388,leave,2025-01-10,2025-01,D05,,L1,,R04,vol
EV003608,E02316,leave,2025-01-23,2025-01,D02,,L1,,R02,vol
EV003609,E01254,leave,2025-01-15,2025-01,D01,,L3,,R01,vol
EV003610,E00002,leave,2025-01-27,2025-01,D06,,L4,,R06,invol
EV003611,E03137,leave,2025-01-12,2025-01,D08,,L6,,R01,vol
EV003612,E00281,leave,2025-01-24,2025-01,D06,,L5,,R03,vol
EV003613,E01224,leave,2025-01-24,2025-01,D09,,L1,,R01,vol
EV003614,E02585,leave,2025-01-27,2025-01,D07,,L3,,R02,vol
EV003615,E03166,leave,2025-01-11,2025-01,D12,,L1,,R02,vol
EV003616,E00942,leave,2025-01-20,2025-01,D08,,L5,,R05,vol
EV003617,E00441,leave,2025-01-19,2025-01,D04,,L3,,R02,vol
EV003618,E03518,leave,2025-01-07,2025-01,D09,,L7,,R01,vol
EV003619,E00038,leave,2025-01-24,2025-01,D03,,L4,,R04,vol
EV003620,E01134,leave,2025-01-31,2025-01,D06,,L1,,R04,vol
EV003621,E03376,leave,2025-01-28,2025-01,D02,,L3,,R04,vol
EV003622,E01873,leave,2025-01-13,2025-01,D11,,L4,,R03,vol
EV003623,E01230,leave,2025-01-01,2025-01,D04,,L2,,R03,vol
EV003624,E01926,leave,2025-01-14,2025-01,D04,,L1,,R01,vol
EV003625,E00855,leave,2025-01-14,2025-01,D12,,L2,,R01,vol
EV003626,E01209,leave,2025-01-24,2025-01,D05,,L5,,R02,vol
EV003627,E03090,leave,2025-01-03,2025-01,D01,,L1,,R01,vol
EV003628,E03169,leave,2025-01-27,2025-01,D04,,L1,,R01,vol
EV003629,E03280,leave,2025-01-26,2025-01,D04,,L2,,R02,vol
EV003630,E03583,leave,2025-01-19,2025-01,D12,,L3,,R02,vol
EV003631,E01568,leave,2025-01-13,2025-01,D01,,L7,,R01,vol
EV003632,E02881,leave,2025-01-15,2025-01,D02,,L4,,R02,vol
EV003633,E02644,leave,2025-01-05,2025-01,D01,,L1,,R02,vol
EV003634,E03046,leave,2025-01-26,2025-01,D03,,L5,,R05,vol
EV003635,E00421,leave,2025-01-01,2025-01,D01,,L1,,R01,vol
EV003636,E01214,leave,2025-01-25,2025-01,D05,,L3,,R05,vol
EV003637,E00545,leave,2025-01-06,2025-01,D10,,L3,,R03,vol
EV003638,E03435,leave,2025-01-27,2025-01,D03,,L3,,R05,vol
EV003639,E00455,leave,2025-01-18,2025-01,D01,,L2,,R05,vol
EV003640,E02789,leave,2025-01-30,2025-01,D06,,L2,,R04,vol
EV003641,E02849,leave,2025-01-10,2025-01,D03,,L4,,R05,vol
EV003642,E01844,leave,2025-01-31,2025-01,D02,,L3,,R04,vol
EV003643,E00936,leave,2025-01-19,2025-01,D11,,L1,,R05,vol
EV003644,E01002,leave,2025-01-28,2025-01,D06,,L1,,R01,vol
EV003645,E00242,leave,2025-01-28,2025-01,D12,,L5,,R01,vol
EV003646,E02451,leave,2025-01-22,2025-01,D07,,L1,,R04,vol
EV003647,E03112,leave,2025-01-26,2025-01,D01,,L5,,R01,vol
EV003648,E03317,leave,2025-01-25,2025-01,D12,,L1,,R01,vol
EV003649,E02054,leave,2025-01-31,2025-01,D01,,L4,,R01,vol
EV003650,E02278,leave,2025-01-13,2025-01,D11,,L3,,R01,vol
EV003651,E02807,leave,2025-01-26,2025-01,D10,,L4,,R01,vol
EV003652,E02363,leave,2025-01-17,2025-01,D01,,L1,,R01,vol
EV003653,E00224,leave,2025-01-20,2025-01,D06,,L5,,R05,vol
EV003654,E02567,leave,2025-01-29,2025-01,D08,,L5,,R05,vol
EV003655,E01961,leave,2025-01-13,2025-01,D11,,L2,,R02,vol
EV003656,E00122,leave,2025-01-26,2025-01,D08,,L5,,R06,invol
EV003657,E03582,leave,2025-01-02,2025-01,D05,,L5,,R09,invol
EV003658,E01576,leave,2025-01-27,2025-01,D05,,L1,,R07,invol
EV003659,E03439,leave,2025-01-29,2025-01,D07,,L5,,R08,invol
EV003660,E00216,leave,2025-01-06,2025-01,D03,,L1,,R06,invol
EV003661,E00727,leave,2025-01-15,2025-01,D09,,L5,,R06,invol
EV003662,E02067,leave,2025-01-01,2025-01,D01,,L5,,R08,invol
EV003663,E02889,leave,2025-01-10,2025-01,D10,,L1,,R06,invol
EV003664,E02026,leave,2025-01-20,2025-01,D01,,L2,,R08,invol
EV003665,E00652,leave,2025-01-26,2025-01,D01,,L2,,R06,invol
EV003666,E02238,leave,2025-01-26,2025-01,D10,,L1,,R06,invol
EV003667,E02002,leave,2025-01-29,2025-01,D01,,L3,,R07,invol
EV003668,E03479,leave,2025-01-03,2025-01,D03,,L1,,R06,invol
EV003669,E02182,leave,2025-01-24,2025-01,D02,,L3,,R06,invol
EV003670,E00060,leave,2025-01-03,2025-01,D04,,L4,,R06,invol
EV003671,E03064,leave,2025-01-15,2025-01,D03,,L5,,R06,invol
EV003672,E01712,leave,2025-01-20,2025-01,D01,,L2,,R06,invol
EV003673,E02923,leave,2025-01-27,2025-01,D12,,L5,,R08,invol
EV003674,E03459,leave,2025-01-03,2025-01,D03,,L1,,R08,invol
EV003675,E02940,leave,2025-01-18,2025-01,D01,,L3,,R09,invol
EV003676,E00790,leave,2025-01-28,2025-01,D07,,L1,,R07,invol
EV003677,E01379,leave,2025-01-08,2025-01,D01,,L4,,R07,invol
EV003678,E03580,leave,2025-01-13,2025-01,D12,,L1,,R06,invol
EV003679,E01682,leave,2025-01-21,2025-01,D01,,L4,,R07,invol
EV003680,E01777,leave,2025-01-06,2025-01,D12,,L6,,R07,invol
EV003681,E01797,leave,2025-01-03,2025-01,D01,,L3,,R06,invol
EV003682,E00938,leave,2025-01-28,2025-01,D03,,L4,,R06,invol
EV003683,E02586,leave,2025-01-26,2025-01,D03,,L1,,R07,invol
EV003684,E03452,leave,2025-01-17,2025-01,D01,,L4,,R09,invol
EV003685,E03469,leave,2025-01-23,2025-01,D11,,L4,,R07,invol
EV003686,E02348,leave,2025-01-19,2025-01,D10,,L3,,R07,invol
EV003687,E02712,leave,2025-01-04,2025-01,D08,,L1,,R06,invol
EV003688,E03601,hire,2025-01-13,2025-01,,D04,,L4,,
EV003689,E03602,hire,2025-01-12,2025-01,,D02,,L6,,
EV003690,E03603,hire,2025-01-30,2025-01,,D05,,L1,,
EV003691,E03604,hire,2025-01-06,2025-01,,D02,,L2,,
EV003692,E03605,hire,2025-01-17,2025-01,,D02,,L2,,
EV003693,E03606,hire,2025-01-22,2025-01,,D03,,L5,,
EV003694,E03607,hire,2025-01-08,2025-01,,D06,,L5,,
EV003695,E03608,hire,2025-01-23,2025-01,,D01,,L1,,
EV003696,E03609,hire,2025-01-07,2025-01,,D01,,L4,,
EV003697,E03610,hire,2025-01-30,2025-01,,D02,,L4,,
EV003698,E03611,hire,2025-01-05,2025-01,,D05,,L3,,
EV003699,E03612,hire,2025-01-30,2025-01,,D02,,L6,,
EV003700,E03613,hire,2025-01-25,2025-01,,D01,,L1,,
EV003701,E03614,hire,2025-01-27,2025-01,,D06,,L4,,
EV003702,E03615,hire,2025-01-28,2025-01,,D11,,L3,,
EV003703,E03616,hire,2025-01-24,2025-01,,D11,,L2,,
EV003704,E03617,hire,2025-01-01,2025-01,,D02,,L2,,
EV003705,E03618,hire,2025-01-10,2025-01,,D07,,L4,,
EV003706,E03619,hire,2025-01-26,2025-01,,D03,,L1,,
EV003707,E03620,hire,2025-01-28,2025-01,,D11,,L5,,
EV003708,E03621,hire,2025-01-01,2025-01,,D03,,L2,,
EV003709,E03622,hire,2025-01-28,2025-01,,D01,,L1,,
EV003710,E03623,hire,2025-01-27,2025-01,,D01,,L3,,
EV003711,E03624,hire,2025-01-03,2025-01,,D03,,L3,,
EV003712,E03625,hire,2025-01-17,2025-01,,D01,,L4,,
EV003713,E03626,hire,2025-01-04,2025-01,,D06,,L2,,
EV003714,E03627,hire,2025-01-11,2025-01,,D03,,L1,,
EV003715,E03628,hire,2025-01-17,2025-01,,D01,,L5,,
EV003716,E03629,hire,2025-01-15,2025-01,,D02,,L3,,
EV003717,E03630,hire,2025-01-16,2025-01,,D01,,L3,,
EV003718,E03631,hire,2025-01-06,2025-01,,D11,,L4,,
EV003719,E03632,hire,2025-01-04,2025-01,,D03,,L2,,
EV003720,E03633,hire,2025-01-10,2025-01,,D01,,L2,,
EV003721,E03634,hire,2025-01-22,2025-01,,D01,,L5,,
EV003722,E03635,hire,2025-01-07,2025-01,,D06,,L3,,
EV003723,E03636,hire,2025-01-16,2025-01,,D01,,L1,,
EV003724,E03637,hire,2025-01-01,2025-01,,D03,,L4,,
EV003725,E03638,hire,2025-01-23,2025-01,,D10,,L3,,
EV003726,E03639,hire,2025-01-09,2025-01,,D03,,L1,,
EV003727,E03640,hire,2025-01-25,2025-01,,D02,,L1,,
EV003728,E03641,hire,2025-01-06,2025-01,,D06,,L4,,
EV003729,E03642,hire,2025-01-29,2025-01,,D04,,L3,,
EV003730,E03643,hire,2025-01-10,2025-01,,D01,,L3,,
EV003731,E03644,hire,2025-01-20,2025-01,,D08,,L2,,
EV003732,E03645,hire,2025-01-19,2025-01,,D12,,L1,,
EV003733,E03646,hire,2025-01-28,2025-01,,D01,,L3,,
EV003734,E03647,hire,2025-01-02,2025-01,,D02,,L5,,
EV003735,E03648,hire,2025-01-26,2025-01,,D12,,L2,,
EV003736,E03649,hire,2025-01-26,2025-01,,D02,,L3,,
EV003737,E03650,hire,2025-01-14,2025-01,,D02,,L4,,
EV003738,E03651,hire,2025-01-03,2025-01,,D04,,L4,,
EV003739,E03652,hire,2025-01-19,2025-01,,D02,,L1,,
EV003740,E03653,hire,2025-01-01,2025-01,,D11,,L1,,
EV003741,E03654,hire,2025-01-24,2025-01,,D11,,L3,,
EV003742,E03655,hire,2025-01-28,2025-01,,D01,,L2,,
EV003743,E03656,hire,2025-01-16,2025-01,,D06,,L1,,
EV003744,E03657,hire,2025-01-03,2025-01,,D06,,L1,,
EV003745,E03658,hire,2025-01-11,2025-01,,D08,,L1,,
EV003746,E03659,hire,2025-01-27,2025-01,,D11,,L5,,
EV003747,E03660,hire,2025-01-19,2025-01,,D11,,L3,,
EV003748,E03661,hire,2025-01-21,2025-01,,D02,,L1,,
EV003749,E03662,hire,2025-01-28,2025-01,,D03,,L1,,
EV003750,E03663,hire,2025-01-27,2025-01,,D07,,L4,,
EV003751,E03664,hire,2025-01-17,2025-01,,D10,,L4,,
EV003752,E03665,hire,2025-01-21,2025-01,,D02,,L2,,
EV003753,E03666,hire,2025-01-29,2025-01,,D01,,L1,,
EV003754,E03667,hire,2025-01-12,2025-01,,D01,,L2,,
EV003755,E03668,hire,2025-01-24,2025-01,,D08,,L2,,
EV003756,E03669,hire,2025-01-31,2025-01,,D12,,L1,,
EV003757,E03670,hire,2025-01-22,2025-01,,D05,,L1,,
EV003758,E03671,hire,2025-01-08,2025-01,,D01,,L5,,
EV003759,E03672,hire,2025-01-15,2025-01,,D01,,L4,,
EV003760,E03673,hire,2025-01-24,2025-01,,D01,,L3,,
EV003761,E03674,hire,2025-01-21,2025-01,,D05,,L2,,
EV003762,E03675,hire,2025-01-31,2025-01,,D05,,L6,,
EV003763,E03676,hire,2025-01-12,2025-01,,D03,,L4,,
EV003764,E03677,hire,2025-01-26,2025-01,,D12,,L5,,
EV003765,E03678,hire,2025-01-21,2025-01,,D06,,L6,,
EV003766,E03679,hire,2025-01-22,2025-01,,D12,,L6,,
EV003767,E03680,hire,2025-01-13,2025-01,,D05,,L3,,
EV003768,E03681,hire,2025-01-08,2025-01,,D01,,L6,,
EV003769,E03682,hire,2025-01-11,2025-01,,D01,,L3,,
EV003770,E03683,hire,2025-01-19,2025-01,,D06,,L2,,
EV003771,E03684,hire,2025-01-03,2025-01,,D09,,L4,,
EV003772,E03685,hire,2025-01-13,2025-01,,D03,,L3,,
EV003773,E03686,hire,2025-01-05,2025-01,,D01,,L4,,
EV003774,E03687,hire,2025-01-15,2025-01,,D06,,L4,,
EV003775,E03688,hire,2025-01-18,2025-01,,D11,,L2,,
EV003776,E03689,hire,2025-01-25,2025-01,,D12,,L1,,
EV003777,E03690,hire,2025-01-29,2025-01,,D12,,L3,,
EV003778,E03691,hire,2025-01-07,2025-01,,D05,,L1,,
EV003779,E03692,hire,2025-01-19,2025-01,,D05,,L3,,
EV003780,E03693,hire,2025-01-02,2025-01,,D03,,L2,,
EV003781,E03694,hire,2025-01-14,2025-01,,D09,,L1,,
EV003782,E03695,hire,2025-01-22,2025-01,,D04,,L4,,
EV003783,E03696,hire,2025-01-19,2025-01,,D02,,L1,,
EV003784,E03697,hire,2025-01-12,2025-01,,D03,,L2,,
EV003785,E03698,hire,2025-01-24,2025-01,,D01,,L2,,
EV003786,E03699,hire,2025-01-18,2025-01,,D06,,L5,,
EV003787,E03700,hire,2025-01-10,2025-01,,D01,,L1,,
EV003788,E03701,hire,2025-01-10,2025-01,,D11,,L2,,
EV003789,E03702,hire,2025-01-13,2025-01,,D05,,L1,,
EV003790,E03703,hire,2025-01-14,2025-01,,D03,,L3,,
EV003791,E03704,hire,2025-01-05,2025-01,,D01,,L1,,
EV003792,E03705,hire,2025-01-26,2025-01,,D01,,L1,,
EV003793,E03706,hire,2025-01-27,2025-01,,D08,,L2,,
EV003794,E03707,hire,2025-01-26,2025-01,,D03,,L3,,
EV003795,E03708,hire,2025-01-26,2025-01,,D02,,L1,,
EV003796,E03709,hire,2025-01-30,2025-01,,D06,,L2,,
EV003797,E03710,hire,2025-01-19,2025-01,,D01,,L1,,
EV003798,E03711,hire,2025-01-23,2025-01,,D12,,L6,,
EV003799,E03712,hire,2025-01-30,2025-01,,D03,,L3,,
EV003800,E03713,hire,2025-01-20,2025-01,,D10,,L2,,
EV003801,E03714,hire,2025-01-13,2025-01,,D08,,L4,,
EV003802,E03715,hire,2025-01-20,2025-01,,D01,,L3,,
EV003803,E03716,hire,2025-01-04,2025-01,,D02,,L6,,
EV003804,E03717,hire,2025-01-08,2025-01,,D05,,L4,,
EV003805,E03718,hire,2025-01-07,2025-01,,D02,,L1,,
EV003806,E03719,hire,2025-01-10,2025-01,,D03,,L5,,
EV003807,E03720,hire,2025-01-28,2025-01,,D05,,L3,,
EV003808,E03721,hire,2025-01-23,2025-01,,D03,,L2,,
EV003809,E03722,hire,2025-01-05,2025-01,,D11,,L2,,
EV003810,E03723,hire,2025-01-09,2025-01,,D05,,L1,,
EV003811,E03724,hire,2025-01-05,2025-01,,D06,,L6,,
EV003812,E03725,hire,2025-01-27,2025-01,,D01,,L2,,
EV003813,E03726,hire,2025-01-12,2025-01,,D12,,L2,,
EV003814,E03727,hire,2025-01-16,2025-01,,D01,,L2,,
EV003815,E03728,hire,2025-01-03,2025-01,,D05,,L2,,
EV003816,E03729,hire,2025-01-19,2025-01,,D04,,L3,,
EV003817,E03343,transfer,2025-01-13,2025-01,D04,D06,L2,L2,,
EV003818,E00128,transfer,2025-01-03,2025-01,D02,D03,L4,L4,,
EV003819,E01149,transfer,2025-01-09,2025-01,D11,D01,L1,L1,,
EV003820,E01297,transfer,2025-01-11,2025-01,D07,D01,L1,L1,,
EV003821,E00035,transfer,2025-01-31,2025-01,D03,D08,L3,L3,,
EV003822,E00221,transfer,2025-01-09,2025-01,D02,D09,L1,L1,,
EV003823,E00358,transfer,2025-01-20,2025-01,D02,D03,L2,L2,,
EV003824,E03120,transfer,2025-01-10,2025-01,D02,D01,L3,L3,,
EV003825,E01076,transfer,2025-01-15,2025-01,D05,D06,L2,L2,,
EV003826,E02678,transfer,2025-01-07,2025-01,D02,D03,L3,L3,,
EV003827,E00311,transfer,2025-01-03,2025-01,D03,D01,L3,L3,,
EV003828,E01862,transfer,2025-01-15,2025-01,D03,D01,L1,L1,,
EV003829,E01784,transfer,2025-01-22,2025-01,D07,D05,L1,L1,,
EV003830,E01082,transfer,2025-01-11,2025-01,D09,D03,L2,L2,,
EV003831,E00945,transfer,2025-01-06,2025-01,D01,D02,L2,L2,,
EV003832,E00972,transfer,2025-01-21,2025-01,D06,D04,L6,L6,,
EV003833,E03021,transfer,2025-01-10,2025-01,D03,D01,L1,L1,,
EV003834,E02048,transfer,2025-01-22,2025-01,D03,D09,L2,L2,,
EV003835,E01764,transfer,2025-01-08,2025-01,D06,D04,L2,L2,,
EV003836,E01180,transfer,2025-01-12,2025-01,D02,D01,L2,L2,,
EV003837,E00829,promotion,2025-01-17,2025-01,D03,D03,L4,L5,,
EV003838,E02619,promotion,2025-01-16,2025-01,D10,D10,L4,L5,,
EV003839,E03570,promotion,2025-01-29,2025-01,D11,D11,L1,L2,,
EV003840,E01596,promotion,2025-01-11,2025-01,D05,D05,L1,L2,,
EV003841,E01256,promotion,2025-01-03,2025-01,D05,D05,L4,L5,,
EV003842,E03380,promotion,2025-01-10,2025-01,D01,D01,L5,L6,,
EV003843,E00847,promotion,2025-01-22,2025-01,D12,D12,L3,L4,,
EV003844,E01648,promotion,2025-01-30,2025-01,D01,D01,L5,L6,,
EV003845,E00640,promotion,2025-01-22,2025-01,D03,D03,L1,L2,,
EV003846,E00681,promotion,2025-01-07,2025-01,D12,D12,L3,L4,,
EV003847,E01799,promotion,2025-01-25,2025-01,D03,D03,L1,L2,,
EV003848,E00501,promotion,2025-01-02,2025-01,D12,D12,L1,L2,,
EV003849,E02771,promotion,2025-01-11,2025-01,D01,D01,L5,L6,,
EV003850,E02420,promotion,2025-01-18,2025-01,D01,D01,L4,L5,,
EV003851,E03329,promotion,2025-01-19,2025-01,D11,D11,L1,L2,,
EV003852,E02129,salary_adjust,2025-01-05,2025-01,D01,D01,L3,L3,,8.29%
EV003853,E03100,salary_adjust,2025-01-17,2025-01,D01,D01,L2,L2,,8.11%
EV003854,E03482,salary_adjust,2025-01-06,2025-01,D05,D05,L3,L3,,7.25%
EV003855,E01871,salary_adjust,2025-01-30,2025-01,D02,D02,L1,L1,,7.76%
EV003856,E02578,salary_adjust,2025-01-07,2025-01,D01,D01,L7,L7,,7.15%
EV003857,E01866,salary_adjust,2025-01-24,2025-01,D01,D01,L4,L4,,11.23%
EV003858,E02248,salary_adjust,2025-01-05,2025-01,D01,D01,L3,L3,,3.37%
EV003859,E02912,salary_adjust,2025-01-17,2025-01,D01,D01,L1,L1,,10.68%
EV003860,E01781,salary_adjust,2025-01-13,2025-01,D08,D08,L6,L6,,7.22%
EV003861,E01958,salary_adjust,2025-01-01,2025-01,D01,D01,L2,L2,,7.54%
EV003862,E00155,salary_adjust,2025-01-01,2025-01,D03,D03,L3,L3,,9.67%
EV003863,E03314,salary_adjust,2025-01-31,2025-01,D01,D01,L4,L4,,3.13%
EV003864,E00651,salary_adjust,2025-01-22,2025-01,D03,D03,L5,L5,,7.36%
EV003865,E01351,salary_adjust,2025-01-20,2025-01,D05,D05,L2,L2,,9.65%
EV003866,E03426,salary_adjust,2025-01-06,2025-01,D02,D02,L1,L1,,6.84%
EV003867,E03056,salary_adjust,2025-01-29,2025-01,D03,D03,L3,L3,,9.46%
EV003868,E01564,salary_adjust,2025-01-02,2025-01,D05,D05,L1,L1,,7.11%
EV003869,E00256,salary_adjust,2025-01-15,2025-01,D04,D04,L5,L5,,8.46%
EV003870,E00958,salary_adjust,2025-01-12,2025-01,D01,D01,L4,L4,,7.77%
EV003871,E02785,salary_adjust,2025-01-08,2025-01,D08,D08,L5,L5,,4.34%
EV003872,E02491,salary_adjust,2025-01-25,2025-01,D05,D05,L6,L6,,10.58%
EV003873,E01489,salary_adjust,2025-01-03,2025-01,D03,D03,L1,L1,,8.28%
EV003874,E00134,salary_adjust,2025-01-17,2025-01,D03,D03,L4,L4,,4.69%
EV003875,E03165,salary_adjust,2025-01-10,2025-01,D03,D03,L1,L1,,5.90%
EV003876,E00881,salary_adjust,2025-01-08,2025-01,D11,D11,L4,L4,,11.54%
EV003877,E02340,salary_adjust,2025-01-23,2025-01,D04,D04,L1,L1,,4.10%
EV003878,E01127,salary_adjust,2025-01-21,2025-01,D08,D08,L1,L1,,7.14%
EV003879,E02124,salary_adjust,2025-01-18,2025-01,D11,D11,L2,L2,,5.35%
EV003880,E02826,salary_adjust,2025-01-11,2025-01,D02,D02,L5,L5,,9.05%
EV003881,E03714,salary_adjust,2025-01-04,2025-01,D08,D08,L4,L4,,10.28%
EV003882,E00472,salary_adjust,2025-01-12,2025-01,D01,D01,L5,L5,,10.16%
EV003883,E02719,salary_adjust,2025-01-31,2025-01,D09,D09,L5,L5,,5.27%
EV003884,E00270,salary_adjust,2025-01-08,2025-01,D02,D02,L1,L1,,4.53%
EV003885,E00667,salary_adjust,2025-01-09,2025-01,D01,D01,L4,L4,,4.85%
EV003886,E01168,salary_adjust,2025-01-12,2025-01,D03,D03,L1,L1,,3.37%
EV003887,E00068,salary_adjust,2025-01-21,2025-01,D06,D06,L5,L5,,9.46%
EV003888,E02892,leave,2025-02-14,2025-02,D12,,L2,,R01,vol
EV003889,E01824,leave,2025-02-21,2025-02,D07,,L1,,R02,vol
EV003890,E01751,leave,2025-02-28,2025-02,D04,,L2,,R02,vol
EV003891,E00399,leave,2025-02-18,2025-02,D11,,L2,,R01,vol
EV003892,E02376,leave,2025-02-18,2025-02,D11,,L7,,R01,vol
EV003893,E03278,leave,2025-02-10,2025-02,D03,,L3,,R01,vol
EV003894,E02737,leave,2025-02-03,2025-02,D02,,L6,,R01,vol
EV003895,E03300,leave,2025-02-07,2025-02,D01,,L2,,R02,vol
EV003896,E01075,leave,2025-02-12,2025-02,D02,,L3,,R02,vol
EV003897,E00312,leave,2025-02-22,2025-02,D02,,L1,,R06,invol
EV003898,E01158,leave,2025-02-19,2025-02,D01,,L2,,R01,vol
EV003899,E02044,leave,2025-02-04,2025-02,D05,,L2,,R01,vol
EV003900,E03496,leave,2025-02-28,2025-02,D03,,L6,,R02,vol
EV003901,E01558,leave,2025-02-19,2025-02,D03,,L1,,R01,vol
EV003902,E02977,leave,2025-02-19,2025-02,D02,,L3,,R03,vol
EV003903,E01987,leave,2025-02-27,2025-02,D08,,L4,,R03,vol
EV003904,E02228,leave,2025-02-06,2025-02,D01,,L4,,R04,vol
EV003905,E00064,leave,2025-02-02,2025-02,D01,,L6,,R01,vol
EV003906,E02279,leave,2025-02-05,2025-02,D03,,L3,,R04,vol
EV003907,E00701,leave,2025-02-17,2025-02,D06,,L7,,R01,vol
EV003908,E00557,leave,2025-02-02,2025-02,D05,,L3,,R03,vol
EV003909,E01036,leave,2025-02-18,2025-02,D02,,L4,,R02,vol
EV003910,E02772,leave,2025-02-10,2025-02,D01,,L1,,R02,vol
EV003911,E00003,leave,2025-02-11,2025-02,D01,,L2,,R02,vol
EV003912,E02963,leave,2025-02-28,2025-02,D04,,L3,,R02,vol
EV003913,E01316,leave,2025-02-18,2025-02,D03,,L3,,R05,vol
EV003914,E02202,leave,2025-02-16,2025-02,D04,,L2,,R04,vol
EV003915,E01612,leave,2025-02-14,2025-02,D01,,L1,,R02,vol
EV003916,E01190,leave,2025-02-13,2025-02,D01,,L3,,R01,vol
EV003917,E03560,leave,2025-02-27,2025-02,D01,,L1,,R02,vol
EV003918,E03310,leave,2025-02-11,2025-02,D03,,L4,,R01,vol
EV003919,E01008,leave,2025-02-09,2025-02,D05,,L4,,R01,vol
EV003920,E02743,leave,2025-02-28,2025-02,D01,,L1,,R04,vol
EV003921,E01700,leave,2025-02-28,2025-02,D01,,L3,,R02,vol
EV003922,E02115,leave,2025-02-14,2025-02,D01,,L3,,R04,vol
EV003923,E01924,leave,2025-02-21,2025-02,D03,,L4,,R01,vol
EV003924,E01727,leave,2025-02-01,2025-02,D07,,L6,,R02,vol
EV003925,E00506,leave,2025-02-18,2025-02,D06,,L5,,R03,vol
EV003926,E02150,leave,2025-02-28,2025-02,D01,,L5,,R03,vol
EV003927,E02880,leave,2025-02-22,2025-02,D11,,L4,,R01,vol
EV003928,E03164,leave,2025-02-07,2025-02,D02,,L1,,R01,vol
EV003929,E00890,leave,2025-02-19,2025-02,D05,,L2,,R02,vol
EV003930,E02372,leave,2025-02-26,2025-02,D12,,L5,,R02,vol
EV003931,E00114,leave,2025-02-04,2025-02,D01,,L2,,R02,vol
EV003932,E00261,leave,2025-02-10,2025-02,D10,,L3,,R01,vol
EV003933,E02239,leave,2025-02-06,2025-02,D05,,L1,,R01,vol
EV003934,E01154,leave,2025-02-01,2025-02,D04,,L5,,R02,vol
EV003935,E02060,leave,2025-02-20,2025-02,D01,,L5,,R01,vol
EV003936,E03072,leave,2025-02-07,2025-02,D03,,L1,,R01,vol
EV003937,E00982,leave,2025-02-07,2025-02,D05,,L2,,R01,vol
EV003938,E01947,leave,2025-02-19,2025-02,D03,,L1,,R06,invol
EV003939,E00894,leave,2025-02-25,2025-02,D01,,L4,,R08,invol
EV003940,E02708,leave,2025-02-27,2025-02,D11,,L4,,R06,invol
EV003941,E01025,leave,2025-02-17,2025-02,D04,,L5,,R06,invol
EV003942,E02169,leave,2025-02-23,2025-02,D05,,L1,,R06,invol
EV003943,E03608,leave,2025-02-10,2025-02,D01,,L1,,R09,invol
EV003944,E03445,leave,2025-02-23,2025-02,D11,,L2,,R06,invol
EV003945,E03196,leave,2025-02-24,2025-02,D09,,L3,,R06,invol
EV003946,E00278,leave,2025-02-15,2025-02,D03,,L7,,R07,invol
EV003947,E00059,leave,2025-02-15,2025-02,D12,,L4,,R09,invol
EV003948,E00362,leave,2025-02-22,2025-02,D01,,L1,,R06,invol
EV003949,E02835,leave,2025-02-14,2025-02,D03,,L1,,R07,invol
EV003950,E01828,leave,2025-02-11,2025-02,D01,,L1,,R06,invol
EV003951,E03478,leave,2025-02-04,2025-02,D06,,L3,,R07,invol
EV003952,E01889,leave,2025-02-01,2025-02,D05,,L1,,R08,invol
EV003953,E00930,leave,2025-02-02,2025-02,D06,,L1,,R06,invol
EV003954,E03371,leave,2025-02-19,2025-02,D12,,L2,,R08,invol
EV003955,E03097,leave,2025-02-15,2025-02,D03,,L3,,R07,invol
EV003956,E00527,leave,2025-02-23,2025-02,D11,,L1,,R09,invol
EV003957,E02382,leave,2025-02-10,2025-02,D03,,L1,,R07,invol
EV003958,E01435,leave,2025-02-19,2025-02,D03,,L1,,R06,invol
EV003959,E01417,leave,2025-02-04,2025-02,D03,,L6,,R06,invol
EV003960,E02863,leave,2025-02-03,2025-02,D02,,L7,,R06,invol
EV003961,E03052,leave,2025-02-27,2025-02,D02,,L1,,R07,invol
EV003962,E03020,leave,2025-02-19,2025-02,D01,,L2,,R07,invol
EV003963,E00953,leave,2025-02-12,2025-02,D02,,L2,,R07,invol
EV003964,E00127,leave,2025-02-02,2025-02,D01,,L1,,R06,invol
EV003965,E02769,leave,2025-02-10,2025-02,D03,,L1,,R08,invol
EV003966,E01733,leave,2025-02-26,2025-02,D01,,L2,,R07,invol
EV003967,E03730,hire,2025-02-18,2025-02,,D05,,L4,,
EV003968,E03731,hire,2025-02-10,2025-02,,D01,,L3,,
EV003969,E03732,hire,2025-02-10,2025-02,,D05,,L2,,
EV003970,E03733,hire,2025-02-26,2025-02,,D05,,L1,,
EV003971,E03734,hire,2025-02-09,2025-02,,D04,,L2,,
EV003972,E03735,hire,2025-02-13,2025-02,,D01,,L4,,
EV003973,E03736,hire,2025-02-17,2025-02,,D11,,L4,,
EV003974,E03737,hire,2025-02-22,2025-02,,D02,,L3,,
EV003975,E03738,hire,2025-02-21,2025-02,,D08,,L2,,
EV003976,E03739,hire,2025-02-23,2025-02,,D06,,L3,,
EV003977,E03740,hire,2025-02-18,2025-02,,D01,,L1,,
EV003978,E03741,hire,2025-02-11,2025-02,,D02,,L2,,
EV003979,E03742,hire,2025-02-15,2025-02,,D09,,L5,,
EV003980,E03743,hire,2025-02-23,2025-02,,D02,,L4,,
EV003981,E03744,hire,2025-02-19,2025-02,,D07,,L1,,
EV003982,E03745,hire,2025-02-14,2025-02,,D03,,L1,,
EV003983,E03746,hire,2025-02-20,2025-02,,D03,,L4,,
EV003984,E03747,hire,2025-02-02,2025-02,,D06,,L4,,
EV003985,E03748,hire,2025-02-20,2025-02,,D04,,L6,,
EV003986,E03749,hire,2025-02-18,2025-02,,D02,,L4,,
EV003987,E03750,hire,2025-02-09,2025-02,,D04,,L1,,
EV003988,E03751,hire,2025-02-04,2025-02,,D01,,L1,,
EV003989,E03752,hire,2025-02-17,2025-02,,D01,,L2,,
EV003990,E03753,hire,2025-02-14,2025-02,,D02,,L2,,
EV003991,E03754,hire,2025-02-02,2025-02,,D03,,L4,,
EV003992,E03755,hire,2025-02-27,2025-02,,D01,,L5,,
EV003993,E03756,hire,2025-02-16,2025-02,,D03,,L3,,
EV003994,E03757,hire,2025-02-14,2025-02,,D04,,L7,,
EV003995,E03758,hire,2025-02-07,2025-02,,D01,,L2,,
EV003996,E03759,hire,2025-02-05,2025-02,,D01,,L1,,
EV003997,E03760,hire,2025-02-13,2025-02,,D01,,L4,,
EV003998,E03761,hire,2025-02-02,2025-02,,D01,,L3,,
EV003999,E03762,hire,2025-02-01,2025-02,,D01,,L5,,
EV004000,E03763,hire,2025-02-28,2025-02,,D08,,L2,,
EV004001,E03764,hire,2025-02-28,2025-02,,D09,,L1,,
EV004002,E03765,hire,2025-02-22,2025-02,,D01,,L2,,
EV004003,E03766,hire,2025-02-15,2025-02,,D06,,L2,,
EV004004,E03767,hire,2025-02-17,2025-02,,D03,,L3,,
EV004005,E03768,hire,2025-02-16,2025-02,,D06,,L2,,
EV004006,E03769,hire,2025-02-11,2025-02,,D01,,L2,,
EV004007,E03770,hire,2025-02-11,2025-02,,D07,,L1,,
EV004008,E03771,hire,2025-02-07,2025-02,,D06,,L2,,
EV004009,E03772,hire,2025-02-05,2025-02,,D09,,L1,,
EV004010,E03773,hire,2025-02-11,2025-02,,D01,,L3,,
EV004011,E03774,hire,2025-02-11,2025-02,,D01,,L5,,
EV004012,E03775,hire,2025-02-16,2025-02,,D05,,L3,,
EV004013,E03776,hire,2025-02-02,2025-02,,D01,,L2,,
EV004014,E03777,hire,2025-02-16,2025-02,,D01,,L2,,
EV004015,E03778,hire,2025-02-02,2025-02,,D01,,L6,,
EV004016,E03779,hire,2025-02-06,2025-02,,D02,,L2,,
EV004017,E03780,hire,2025-02-04,2025-02,,D02,,L3,,
EV004018,E03781,hire,2025-02-09,2025-02,,D05,,L4,,
EV004019,E03782,hire,2025-02-27,2025-02,,D11,,L5,,
EV004020,E03783,hire,2025-02-23,2025-02,,D05,,L1,,
EV004021,E03784,hire,2025-02-07,2025-02,,D05,,L1,,
EV004022,E03785,hire,2025-02-08,2025-02,,D06,,L3,,
EV004023,E03786,hire,2025-02-05,2025-02,,D02,,L2,,
EV004024,E03787,hire,2025-02-04,2025-02,,D03,,L5,,
EV004025,E03788,hire,2025-02-22,2025-02,,D07,,L3,,
EV004026,E03789,hire,2025-02-09,2025-02,,D01,,L1,,
EV004027,E03790,hire,2025-02-18,2025-02,,D04,,L6,,
EV004028,E03791,hire,2025-02-17,2025-02,,D12,,L6,,
EV004029,E03792,hire,2025-02-06,2025-02,,D02,,L4,,
EV004030,E03793,hire,2025-02-27,2025-02,,D03,,L1,,
EV004031,E03794,hire,2025-02-03,2025-02,,D03,,L1,,
EV004032,E03795,hire,2025-02-03,2025-02,,D06,,L1,,
EV004033,E03796,hire,2025-02-09,2025-02,,D05,,L3,,
EV004034,E03797,hire,2025-02-28,2025-02,,D07,,L1,,
EV004035,E03798,hire,2025-02-02,2025-02,,D01,,L1,,
EV004036,E03799,hire,2025-02-17,2025-02,,D01,,L4,,
EV004037,E03800,hire,2025-02-06,2025-02,,D06,,L1,,
EV004038,E03801,hire,2025-02-23,2025-02,,D01,,L3,,
EV004039,E03802,hire,2025-02-01,2025-02,,D03,,L2,,
EV004040,E03803,hire,2025-02-12,2025-02,,D05,,L2,,
EV004041,E03804,hire,2025-02-25,2025-02,,D08,,L1,,
EV004042,E03805,hire,2025-02-11,2025-02,,D01,,L3,,
EV004043,E03806,hire,2025-02-15,2025-02,,D01,,L1,,
EV004044,E03807,hire,2025-02-14,2025-02,,D09,,L5,,
EV004045,E03808,hire,2025-02-04,2025-02,,D02,,L1,,
EV004046,E03809,hire,2025-02-04,2025-02,,D01,,L5,,
EV004047,E03810,hire,2025-02-06,2025-02,,D01,,L4,,
EV004048,E03811,hire,2025-02-12,2025-02,,D01,,L6,,
EV004049,E03812,hire,2025-02-20,2025-02,,D01,,L1,,
EV004050,E03813,hire,2025-02-26,2025-02,,D02,,L2,,
EV004051,E03814,hire,2025-02-19,2025-02,,D11,,L3,,
EV004052,E03815,hire,2025-02-03,2025-02,,D12,,L1,,
EV004053,E03816,hire,2025-02-23,2025-02,,D11,,L5,,
EV004054,E03817,hire,2025-02-02,2025-02,,D05,,L1,,
EV004055,E03818,hire,2025-02-18,2025-02,,D04,,L3,,
EV004056,E03819,hire,2025-02-14,2025-02,,D04,,L5,,
EV004057,E03820,hire,2025-02-22,2025-02,,D02,,L7,,
EV004058,E03821,hire,2025-02-24,2025-02,,D01,,L4,,
EV004059,E03822,hire,2025-02-16,2025-02,,D04,,L6,,
EV004060,E03823,hire,2025-02-11,2025-02,,D04,,L4,,
EV004061,E03824,hire,2025-02-10,2025-02,,D05,,L1,,
EV004062,E03825,hire,2025-02-24,2025-02,,D08,,L1,,
EV004063,E03826,hire,2025-02-10,2025-02,,D01,,L3,,
EV004064,E03827,hire,2025-02-26,2025-02,,D11,,L1,,
EV004065,E03828,hire,2025-02-01,2025-02,,D03,,L1,,
EV004066,E03829,hire,2025-02-07,2025-02,,D04,,L1,,
EV004067,E03830,hire,2025-02-06,2025-02,,D04,,L2,,
EV004068,E03831,hire,2025-02-27,2025-02,,D05,,L4,,
EV004069,E03832,hire,2025-02-13,2025-02,,D05,,L5,,
EV004070,E03833,hire,2025-02-14,2025-02,,D02,,L2,,
EV004071,E03834,hire,2025-02-03,2025-02,,D05,,L3,,
EV004072,E03835,hire,2025-02-11,2025-02,,D07,,L4,,
EV004073,E03836,hire,2025-02-28,2025-02,,D01,,L4,,
EV004074,E03837,hire,2025-02-24,2025-02,,D01,,L3,,
EV004075,E03838,hire,2025-02-27,2025-02,,D05,,L1,,
EV004076,E03839,hire,2025-02-18,2025-02,,D01,,L2,,
EV004077,E03840,hire,2025-02-14,2025-02,,D03,,L1,,
EV004078,E03841,hire,2025-02-01,2025-02,,D08,,L1,,
EV004079,E03842,hire,2025-02-25,2025-02,,D06,,L1,,
EV004080,E03843,hire,2025-02-01,2025-02,,D11,,L1,,
EV004081,E03844,hire,2025-02-21,2025-02,,D06,,L2,,
EV004082,E03845,hire,2025-02-09,2025-02,,D02,,L5,,
EV004083,E03846,hire,2025-02-10,2025-02,,D03,,L6,,
EV004084,E03847,hire,2025-02-21,2025-02,,D01,,L1,,
EV004085,E01236,transfer,2025-02-24,2025-02,D01,D08,L6,L6,,
EV004086,E02887,transfer,2025-02-21,2025-02,D03,D04,L5,L5,,
EV004087,E01789,transfer,2025-02-20,2025-02,D01,D08,L5,L5,,
EV004088,E01655,transfer,2025-02-24,2025-02,D02,D01,L1,L1,,
EV004089,E02407,transfer,2025-02-27,2025-02,D07,D03,L1,L1,,
EV004090,E01115,transfer,2025-02-10,2025-02,D10,D02,L5,L5,,
EV004091,E02821,transfer,2025-02-22,2025-02,D01,D03,L2,L2,,
EV004092,E02768,transfer,2025-02-15,2025-02,D02,D05,L2,L2,,
EV004093,E03050,transfer,2025-02-13,2025-02,D06,D05,L1,L1,,
EV004094,E01616,transfer,2025-02-22,2025-02,D12,D06,L2,L2,,
EV004095,E00187,transfer,2025-02-21,2025-02,D03,D06,L1,L1,,
EV004096,E01346,transfer,2025-02-13,2025-02,D02,D01,L3,L3,,
EV004097,E03152,transfer,2025-02-23,2025-02,D01,D05,L3,L3,,
EV004098,E02248,transfer,2025-02-14,2025-02,D01,D07,L3,L3,,
EV004099,E02591,transfer,2025-02-09,2025-02,D01,D06,L3,L3,,
EV004100,E02509,transfer,2025-02-13,2025-02,D12,D03,L3,L3,,
EV004101,E01042,transfer,2025-02-07,2025-02,D01,D06,L4,L4,,
EV004102,E00055,transfer,2025-02-14,2025-02,D04,D01,L3,L3,,
EV004103,E00209,transfer,2025-02-03,2025-02,D01,D06,L1,L1,,
EV004104,E02884,transfer,2025-02-15,2025-02,D03,D01,L7,L7,,
EV004105,E03761,transfer,2025-02-21,2025-02,D01,D03,L3,L3,,
EV004106,E03680,transfer,2025-02-15,2025-02,D05,D11,L3,L3,,
EV004107,E03471,transfer,2025-02-23,2025-02,D12,D03,L1,L1,,
EV004108,E02679,transfer,2025-02-10,2025-02,D03,D09,L6,L6,,
EV004109,E00864,transfer,2025-02-21,2025-02,D10,D02,L1,L1,,
EV004110,E02411,transfer,2025-02-27,2025-02,D01,D02,L4,L4,,
EV004111,E01120,promotion,2025-02-20,2025-02,D03,D03,L5,L6,,
EV004112,E01411,promotion,2025-02-02,2025-02,D05,D05,L3,L4,,
EV004113,E00945,promotion,2025-02-23,2025-02,D02,D02,L2,L3,,
EV004114,E02939,promotion,2025-02-19,2025-02,D03,D03,L1,L2,,
EV004115,E00512,promotion,2025-02-27,2025-02,D12,D12,L3,L4,,
EV004116,E00616,promotion,2025-02-14,2025-02,D01,D01,L2,L3,,
EV004117,E02218,promotion,2025-02-07,2025-02,D12,D12,L4,L5,,
EV004118,E02244,promotion,2025-02-15,2025-02,D07,D07,L1,L2,,
EV004119,E02640,promotion,2025-02-12,2025-02,D01,D01,L1,L2,,
EV004120,E03419,promotion,2025-02-10,2025-02,D03,D03,L1,L2,,
EV004121,E01550,salary_adjust,2025-02-07,2025-02,D04,D04,L2,L2,,11.50%
EV004122,E02693,salary_adjust,2025-02-07,2025-02,D12,D12,L1,L1,,3.47%
EV004123,E03163,salary_adjust,2025-02-02,2025-02,D01,D01,L1,L1,,7.86%
EV004124,E00384,salary_adjust,2025-02-11,2025-02,D04,D04,L3,L3,,9.61%
EV004125,E00717,salary_adjust,2025-02-03,2025-02,D01,D01,L1,L1,,9.32%
EV004126,E02310,salary_adjust,2025-02-04,2025-02,D03,D03,L3,L3,,4.28%
EV004127,E01939,salary_adjust,2025-02-17,2025-02,D01,D01,L2,L2,,4.18%
EV004128,E02596,salary_adjust,2025-02-16,2025-02,D01,D01,L2,L2,,5.45%
EV004129,E02092,salary_adjust,2025-02-16,2025-02,D05,D05,L2,L2,,6.49%
EV004130,E02004,salary_adjust,2025-02-19,2025-02,D02,D02,L3,L3,,5.25%
EV004131,E02412,salary_adjust,2025-02-19,2025-02,D11,D11,L6,L6,,3.28%
EV004132,E00159,salary_adjust,2025-02-15,2025-02,D06,D06,L1,L1,,11.24%
EV004133,E01508,salary_adjust,2025-02-06,2025-02,D01,D01,L1,L1,,7.93%
EV004134,E02149,salary_adjust,2025-02-07,2025-02,D01,D01,L4,L4,,5.75%
EV004135,E00404,salary_adjust,2025-02-27,2025-02,D01,D01,L6,L6,,6.61%
EV004136,E01845,salary_adjust,2025-02-13,2025-02,D01,D01,L1,L1,,4.12%
EV004137,E03330,salary_adjust,2025-02-14,2025-02,D01,D01,L4,L4,,3.02%
EV004138,E03122,salary_adjust,2025-02-07,2025-02,D12,D12,L5,L5,,10.67%
EV004139,E00158,salary_adjust,2025-02-06,2025-02,D01,D01,L5,L5,,3.56%
EV004140,E03044,salary_adjust,2025-02-27,2025-02,D03,D03,L2,L2,,6.25%
EV004141,E00787,salary_adjust,2025-02-13,2025-02,D06,D06,L2,L2,,5.14%
EV004142,E02926,salary_adjust,2025-02-23,2025-02,D03,D03,L5,L5,,10.78%
EV004143,E03068,salary_adjust,2025-02-26,2025-02,D01,D01,L1,L1,,11.44%
EV004144,E00806,salary_adjust,2025-02-05,2025-02,D01,D01,L3,L3,,7.95%
EV004145,E03633,salary_adjust,2025-02-02,2025-02,D01,D01,L2,L2,,9.05%
EV004146,E01423,salary_adjust,2025-02-25,2025-02,D08,D08,L1,L1,,6.47%
EV004147,E01192,salary_adjust,2025-02-24,2025-02,D01,D01,L5,L5,,10.90%
EV004148,E02951,salary_adjust,2025-02-08,2025-02,D01,D01,L5,L5,,7.66%
EV004149,E00351,salary_adjust,2025-02-24,2025-02,D02,D02,L3,L3,,10.45%
EV004150,E01835,salary_adjust,2025-02-14,2025-02,D06,D06,L4,L4,,6.91%
EV004151,E02284,salary_adjust,2025-02-16,2025-02,D02,D02,L5,L5,,3.60%
EV004152,E03265,salary_adjust,2025-02-20,2025-02,D05,D05,L5,L5,,5.58%
EV004153,E01152,salary_adjust,2025-02-08,2025-02,D11,D11,L3,L3,,10.54%
EV004154,E01068,salary_adjust,2025-02-15,2025-02,D02,D02,L1,L1,,7.73%
EV004155,E03543,salary_adjust,2025-02-19,2025-02,D03,D03,L3,L3,,6.63%
EV004156,E02474,salary_adjust,2025-02-20,2025-02,D01,D01,L5,L5,,7.71%
EV004157,E00451,leave,2025-03-28,2025-03,D03,,L1,,R02,vol
EV004158,E01831,leave,2025-03-27,2025-03,D03,,L5,,R01,vol
EV004159,E02649,leave,2025-03-26,2025-03,D12,,L7,,R06,invol
EV004160,E01870,leave,2025-03-06,2025-03,D12,,L2,,R03,vol
EV004161,E03644,leave,2025-03-13,2025-03,D08,,L2,,R06,invol
EV004162,E00078,leave,2025-03-01,2025-03,D12,,L2,,R01,vol
EV004163,E00757,leave,2025-03-17,2025-03,D08,,L3,,R05,vol
EV004164,E00524,leave,2025-03-10,2025-03,D11,,L1,,R01,vol
EV004165,E02362,leave,2025-03-10,2025-03,D04,,L4,,R03,vol
EV004166,E02151,leave,2025-03-19,2025-03,D01,,L1,,R01,vol
EV004167,E01859,leave,2025-03-24,2025-03,D03,,L1,,R02,vol
EV004168,E00369,leave,2025-03-26,2025-03,D04,,L4,,R01,vol
EV004169,E01651,leave,2025-03-24,2025-03,D12,,L1,,R05,vol
EV004170,E03231,leave,2025-03-16,2025-03,D01,,L6,,R01,vol
EV004171,E03503,leave,2025-03-06,2025-03,D06,,L2,,R01,vol
EV004172,E03497,leave,2025-03-29,2025-03,D01,,L5,,R03,vol
EV004173,E02050,leave,2025-03-31,2025-03,D07,,L1,,R01,vol
EV004174,E02664,leave,2025-03-09,2025-03,D06,,L2,,R04,vol
EV004175,E02539,leave,2025-03-18,2025-03,D05,,L5,,R01,vol
EV004176,E00254,leave,2025-03-23,2025-03,D01,,L2,,R02,vol
EV004177,E03283,leave,2025-03-28,2025-03,D06,,L3,,R03,vol
EV004178,E01175,leave,2025-03-07,2025-03,D02,,L1,,R02,vol
EV004179,E03122,leave,2025-03-15,2025-03,D12,,L5,,R01,vol
EV004180,E01408,leave,2025-03-07,2025-03,D05,,L4,,R01,vol
EV004181,E03690,leave,2025-03-12,2025-03,D12,,L3,,R02,vol
EV004182,E00285,leave,2025-03-09,2025-03,D03,,L3,,R03,vol
EV004183,E02878,leave,2025-03-26,2025-03,D03,,L2,,R05,vol
EV004184,E01357,leave,2025-03-11,2025-03,D01,,L4,,R05,vol
EV004185,E01807,leave,2025-03-30,2025-03,D07,,L2,,R01,vol
EV004186,E03685,leave,2025-03-25,2025-03,D03,,L3,,R06,invol
EV004187,E00022,leave,2025-03-12,2025-03,D01,,L3,,R03,vol
EV004188,E01768,leave,2025-03-24,2025-03,D03,,L4,,R02,vol
EV004189,E00576,leave,2025-03-10,2025-03,D04,,L6,,R02,vol
EV004190,E03338,leave,2025-03-23,2025-03,D03,,L3,,R02,vol
EV004191,E00987,leave,2025-03-06,2025-03,D05,,L5,,R01,vol
EV004192,E01126,leave,2025-03-02,2025-03,D01,,L2,,R03,vol
EV004193,E01365,leave,2025-03-06,2025-03,D12,,L3,,R01,vol
EV004194,E01033,leave,2025-03-07,2025-03,D10,,L1,,R01,vol
EV004195,E00327,leave,2025-03-07,2025-03,D12,,L4,,R03,vol
EV004196,E03645,leave,2025-03-13,2025-03,D12,,L1,,R06,invol
EV004197,E01971,leave,2025-03-21,2025-03,D02,,L3,,R02,vol
EV004198,E02097,leave,2025-03-06,2025-03,D05,,L1,,R01,vol
EV004199,E02575,leave,2025-03-14,2025-03,D12,,L1,,R01,vol
EV004200,E00072,leave,2025-03-16,2025-03,D05,,L2,,R03,vol
EV004201,E02628,leave,2025-03-17,2025-03,D01,,L2,,R02,vol
EV004202,E00719,leave,2025-03-13,2025-03,D06,,L2,,R01,vol
EV004203,E02379,leave,2025-03-14,2025-03,D02,,L1,,R04,vol
EV004204,E03674,leave,2025-03-12,2025-03,D05,,L2,,R01,vol
EV004205,E02000,leave,2025-03-05,2025-03,D12,,L2,,R02,vol
EV004206,E00486,leave,2025-03-14,2025-03,D03,,L2,,R01,vol
EV004207,E03398,leave,2025-03-21,2025-03,D01,,L4,,R05,vol
EV004208,E01599,leave,2025-03-20,2025-03,D03,,L2,,R05,vol
EV004209,E03243,leave,2025-03-31,2025-03,D07,,L4,,R01,vol
EV004210,E01437,leave,2025-03-25,2025-03,D01,,L1,,R02,vol
EV004211,E01219,leave,2025-03-12,2025-03,D06,,L5,,R06,invol
EV004212,E00928,leave,2025-03-07,2025-03,D04,,L2,,R02,vol
EV004213,E01801,leave,2025-03-27,2025-03,D03,,L2,,R01,vol
EV004214,E00624,leave,2025-03-28,2025-03,D02,,L5,,R05,vol
EV004215,E03677,leave,2025-03-08,2025-03,D12,,L5,,R01,vol
EV004216,E01275,leave,2025-03-25,2025-03,D02,,L1,,R02,vol
EV004217,E03135,leave,2025-03-09,2025-03,D05,,L3,,R01,vol
EV004218,E00728,leave,2025-03-05,2025-03,D02,,L1,,R01,vol
EV004219,E02606,leave,2025-03-20,2025-03,D02,,L6,,R04,vol
EV004220,E00833,leave,2025-03-18,2025-03,D02,,L5,,R05,vol
EV004221,E01130,leave,2025-03-31,2025-03,D01,,L1,,R05,vol
EV004222,E03027,leave,2025-03-28,2025-03,D11,,L3,,R01,vol
EV004223,E00682,leave,2025-03-19,2025-03,D03,,L4,,R01,vol
EV004224,E03831,leave,2025-03-16,2025-03,D05,,L4,,R01,vol
EV004225,E00892,leave,2025-03-08,2025-03,D03,,L1,,R01,vol
EV004226,E00755,leave,2025-03-15,2025-03,D01,,L1,,R02,vol
EV004227,E00729,leave,2025-03-11,2025-03,D01,,L1,,R05,vol
EV004228,E01326,leave,2025-03-23,2025-03,D01,,L2,,R05,vol
EV004229,E00542,leave,2025-03-07,2025-03,D04,,L4,,R02,vol
EV004230,E01278,leave,2025-03-09,2025-03,D06,,L1,,R05,vol
EV004231,E03229,leave,2025-03-10,2025-03,D04,,L3,,R09,invol
EV004232,E00958,leave,2025-03-25,2025-03,D01,,L4,,R09,invol
EV004233,E00985,leave,2025-03-10,2025-03,D01,,L5,,R06,invol
EV004234,E01283,leave,2025-03-15,2025-03,D01,,L4,,R06,invol
EV004235,E01765,leave,2025-03-20,2025-03,D03,,L1,,R06,invol
EV004236,E02949,leave,2025-03-02,2025-03,D01,,L4,,R06,invol
EV004237,E01474,leave,2025-03-13,2025-03,D02,,L2,,R08,invol
EV004238,E00648,leave,2025-03-07,2025-03,D03,,L5,,R06,invol
EV004239,E02321,leave,2025-03-21,2025-03,D12,,L1,,R08,invol
EV004240,E01944,leave,2025-03-30,2025-03,D03,,L5,,R07,invol
EV004241,E02237,leave,2025-03-03,2025-03,D02,,L1,,R06,invol
EV004242,E02868,leave,2025-03-18,2025-03,D01,,L5,,R07,invol
EV004243,E00053,leave,2025-03-06,2025-03,D12,,L2,,R07,invol
EV004244,E02612,leave,2025-03-23,2025-03,D12,,L2,,R07,invol
EV004245,E02976,leave,2025-03-18,2025-03,D05,,L3,,R08,invol
EV004246,E00391,leave,2025-03-11,2025-03,D02,,L6,,R07,invol
EV004247,E03029,leave,2025-03-14,2025-03,D01,,L3,,R06,invol
EV004248,E02930,leave,2025-03-05,2025-03,D11,,L4,,R07,invol
EV004249,E02432,leave,2025-03-31,2025-03,D03,,L2,,R07,invol
EV004250,E02732,leave,2025-03-25,2025-03,D01,,L1,,R08,invol
EV004251,E03089,leave,2025-03-11,2025-03,D01,,L2,,R09,invol
EV004252,E01185,leave,2025-03-06,2025-03,D09,,L3,,R07,invol
EV004253,E01564,leave,2025-03-20,2025-03,D05,,L1,,R07,invol
EV004254,E00139,leave,2025-03-31,2025-03,D07,,L3,,R06,invol
EV004255,E01203,leave,2025-03-14,2025-03,D01,,L2,,R07,invol
EV004256,E02374,leave,2025-03-08,2025-03,D11,,L5,,R07,invol
EV004257,E03764,leave,2025-03-12,2025-03,D09,,L1,,R06,invol
EV004258,E03295,leave,2025-03-20,2025-03,D01,,L3,,R07,invol
EV004259,E03744,leave,2025-03-13,2025-03,D07,,L1,,R06,invol
EV004260,E01802,leave,2025-03-30,2025-03,D03,,L4,,R06,invol
EV004261,E02724,leave,2025-03-14,2025-03,D02,,L5,,R07,invol
EV004262,E01135,leave,2025-03-19,2025-03,D03,,L1,,R07,invol
EV004263,E03228,leave,2025-03-11,2025-03,D02,,L5,,R06,invol
EV004264,E03098,leave,2025-03-14,2025-03,D06,,L5,,R06,invol
EV004265,E00056,leave,2025-03-23,2025-03,D05,,L3,,R07,invol
EV004266,E00501,leave,2025-03-08,2025-03,D12,,L2,,R08,invol
EV004267,E01449,leave,2025-03-11,2025-03,D02,,L3,,R06,invol
EV004268,E03240,leave,2025-03-28,2025-03,D01,,L6,,R08,invol
EV004269,E03848,hire,2025-03-25,2025-03,,D12,,L1,,
EV004270,E03849,hire,2025-03-03,2025-03,,D09,,L6,,
EV004271,E03850,hire,2025-03-13,2025-03,,D11,,L1,,
EV004272,E03851,hire,2025-03-29,2025-03,,D01,,L1,,
EV004273,E03852,hire,2025-03-04,2025-03,,D11,,L2,,
EV004274,E03853,hire,2025-03-01,2025-03,,D01,,L3,,
EV004275,E03854,hire,2025-03-07,2025-03,,D12,,L5,,
EV004276,E03855,hire,2025-03-30,2025-03,,D07,,L2,,
EV004277,E03856,hire,2025-03-04,2025-03,,D01,,L2,,
EV004278,E03857,hire,2025-03-30,2025-03,,D02,,L3,,
EV004279,E03858,hire,2025-03-17,2025-03,,D04,,L6,,
EV004280,E03859,hire,2025-03-17,2025-03,,D02,,L1,,
EV004281,E03860,hire,2025-03-13,2025-03,,D03,,L1,,
EV004282,E03861,hire,2025-03-17,2025-03,,D03,,L7,,
EV004283,E03862,hire,2025-03-30,2025-03,,D03,,L1,,
EV004284,E03863,hire,2025-03-10,2025-03,,D05,,L2,,
EV004285,E03864,hire,2025-03-07,2025-03,,D03,,L4,,
EV004286,E03865,hire,2025-03-12,2025-03,,D03,,L2,,
EV004287,E03866,hire,2025-03-17,2025-03,,D05,,L1,,
EV004288,E03867,hire,2025-03-16,2025-03,,D12,,L2,,
EV004289,E03868,hire,2025-03-02,2025-03,,D11,,L2,,
EV004290,E03869,hire,2025-03-02,2025-03,,D02,,L6,,
EV004291,E03870,hire,2025-03-17,2025-03,,D05,,L1,,
EV004292,E03871,hire,2025-03-04,2025-03,,D04,,L4,,
EV004293,E03872,hire,2025-03-21,2025-03,,D01,,L3,,
EV004294,E03873,hire,2025-03-03,2025-03,,D09,,L1,,
EV004295,E03874,hire,2025-03-01,2025-03,,D01,,L1,,
EV004296,E03875,hire,2025-03-31,2025-03,,D01,,L1,,
EV004297,E03876,hire,2025-03-25,2025-03,,D10,,L5,,
EV004298,E03877,hire,2025-03-04,2025-03,,D09,,L5,,
EV004299,E03878,hire,2025-03-15,2025-03,,D01,,L1,,
EV004300,E03879,hire,2025-03-04,2025-03,,D02,,L3,,
EV004301,E03880,hire,2025-03-03,2025-03,,D07,,L4,,
EV004302,E03881,hire,2025-03-13,2025-03,,D01,,L3,,
EV004303,E03882,hire,2025-03-13,2025-03,,D06,,L1,,
EV004304,E03883,hire,2025-03-30,2025-03,,D01,,L2,,
EV004305,E03884,hire,2025-03-31,2025-03,,D11,,L2,,
EV004306,E03885,hire,2025-03-18,2025-03,,D04,,L5,,
EV004307,E03886,hire,2025-03-03,2025-03,,D11,,L5,,
EV004308,E03887,hire,2025-03-03,2025-03,,D01,,L1,,
EV004309,E03888,hire,2025-03-22,2025-03,,D02,,L3,,
EV004310,E03889,hire,2025-03-14,2025-03,,D02,,L2,,
EV004311,E03890,hire,2025-03-19,2025-03,,D05,,L1,,
EV004312,E03891,hire,2025-03-12,2025-03,,D08,,L2,,
EV004313,E03892,hire,2025-03-16,2025-03,,D03,,L1,,
EV004314,E03893,hire,2025-03-14,2025-03,,D01,,L1,,
EV004315,E03894,hire,2025-03-26,2025-03,,D11,,L4,,
EV004316,E03895,hire,2025-03-03,2025-03,,D12,,L6,,
EV004317,E03896,hire,2025-03-15,2025-03,,D03,,L5,,
EV004318,E03897,hire,2025-03-10,2025-03,,D03,,L6,,
EV004319,E03898,hire,2025-03-29,2025-03,,D08,,L3,,
EV004320,E03899,hire,2025-03-05,2025-03,,D06,,L1,,
EV004321,E03900,hire,2025-03-07,2025-03,,D06,,L4,,
EV004322,E03901,hire,2025-03-02,2025-03,,D06,,L4,,
EV004323,E03902,hire,2025-03-15,2025-03,,D05,,L6,,
EV004324,E03903,hire,2025-03-22,2025-03,,D06,,L2,,
EV004325,E03904,hire,2025-03-26,2025-03,,D04,,L1,,
EV004326,E03905,hire,2025-03-04,2025-03,,D04,,L1,,
EV004327,E03906,hire,2025-03-19,2025-03,,D02,,L2,,
EV004328,E03907,hire,2025-03-23,2025-03,,D06,,L5,,
EV004329,E03908,hire,2025-03-29,2025-03,,D01,,L5,,
EV004330,E03909,hire,2025-03-26,2025-03,,D01,,L5,,
EV004331,E03910,hire,2025-03-29,2025-03,,D02,,L3,,
EV004332,E03911,hire,2025-03-20,2025-03,,D02,,L3,,
EV004333,E03912,hire,2025-03-15,2025-03,,D01,,L1,,
EV004334,E03913,hire,2025-03-22,2025-03,,D09,,L2,,
EV004335,E03914,hire,2025-03-27,2025-03,,D01,,L1,,
EV004336,E03915,hire,2025-03-27,2025-03,,D01,,L1,,
EV004337,E03916,hire,2025-03-25,2025-03,,D05,,L1,,
EV004338,E03917,hire,2025-03-22,2025-03,,D01,,L1,,
EV004339,E03918,hire,2025-03-16,2025-03,,D01,,L2,,
EV004340,E03919,hire,2025-03-22,2025-03,,D01,,L2,,
EV004341,E03920,hire,2025-03-12,2025-03,,D05,,L2,,
EV004342,E03921,hire,2025-03-14,2025-03,,D06,,L6,,
EV004343,E03922,hire,2025-03-05,2025-03,,D10,,L1,,
EV004344,E03923,hire,2025-03-23,2025-03,,D04,,L2,,
EV004345,E03924,hire,2025-03-28,2025-03,,D01,,L3,,
EV004346,E03925,hire,2025-03-23,2025-03,,D03,,L1,,
EV004347,E03926,hire,2025-03-09,2025-03,,D07,,L1,,
EV004348,E03927,hire,2025-03-08,2025-03,,D11,,L5,,
EV004349,E03928,hire,2025-03-07,2025-03,,D01,,L3,,
EV004350,E03929,hire,2025-03-30,2025-03,,D02,,L1,,
EV004351,E03930,hire,2025-03-16,2025-03,,D11,,L3,,
EV004352,E03931,hire,2025-03-03,2025-03,,D01,,L7,,
EV004353,E03932,hire,2025-03-29,2025-03,,D03,,L3,,
EV004354,E03933,hire,2025-03-04,2025-03,,D01,,L2,,
EV004355,E03934,hire,2025-03-08,2025-03,,D01,,L1,,
EV004356,E03935,hire,2025-03-31,2025-03,,D10,,L4,,
EV004357,E03936,hire,2025-03-19,2025-03,,D10,,L6,,
EV004358,E03937,hire,2025-03-28,2025-03,,D09,,L2,,
EV004359,E03938,hire,2025-03-04,2025-03,,D11,,L1,,
EV004360,E03939,hire,2025-03-09,2025-03,,D01,,L3,,
EV004361,E03940,hire,2025-03-23,2025-03,,D12,,L2,,
EV004362,E03941,hire,2025-03-17,2025-03,,D01,,L6,,
EV004363,E03942,hire,2025-03-25,2025-03,,D06,,L2,,
EV004364,E03943,hire,2025-03-28,2025-03,,D01,,L1,,
EV004365,E03944,hire,2025-03-04,2025-03,,D11,,L6,,
EV004366,E03945,hire,2025-03-16,2025-03,,D08,,L4,,
EV004367,E03946,hire,2025-03-06,2025-03,,D01,,L1,,
EV004368,E03947,hire,2025-03-19,2025-03,,D06,,L1,,
EV004369,E03948,hire,2025-03-02,2025-03,,D03,,L2,,
EV004370,E03949,hire,2025-03-21,2025-03,,D12,,L2,,
EV004371,E03950,hire,2025-03-20,2025-03,,D01,,L5,,
EV004372,E03951,hire,2025-03-26,2025-03,,D01,,L5,,
EV004373,E03952,hire,2025-03-23,2025-03,,D01,,L3,,
EV004374,E03953,hire,2025-03-29,2025-03,,D04,,L2,,
EV004375,E03954,hire,2025-03-18,2025-03,,D07,,L1,,
EV004376,E03955,hire,2025-03-09,2025-03,,D11,,L2,,
EV004377,E03956,hire,2025-03-09,2025-03,,D02,,L6,,
EV004378,E03957,hire,2025-03-08,2025-03,,D01,,L3,,
EV004379,E03958,hire,2025-03-02,2025-03,,D02,,L3,,
EV004380,E03959,hire,2025-03-24,2025-03,,D01,,L2,,
EV004381,E03960,hire,2025-03-24,2025-03,,D12,,L2,,
EV004382,E03961,hire,2025-03-10,2025-03,,D03,,L1,,
EV004383,E03962,hire,2025-03-27,2025-03,,D11,,L1,,
EV004384,E03963,hire,2025-03-27,2025-03,,D11,,L5,,
EV004385,E03964,hire,2025-03-30,2025-03,,D02,,L1,,
EV004386,E03965,hire,2025-03-31,2025-03,,D04,,L1,,
EV004387,E03966,hire,2025-03-12,2025-03,,D05,,L1,,
EV004388,E03967,hire,2025-03-29,2025-03,,D02,,L5,,
EV004389,E03968,hire,2025-03-06,2025-03,,D09,,L4,,
EV004390,E03969,hire,2025-03-04,2025-03,,D02,,L2,,
EV004391,E03970,hire,2025-03-04,2025-03,,D12,,L3,,
EV004392,E03971,hire,2025-03-20,2025-03,,D05,,L1,,
EV004393,E03972,hire,2025-03-28,2025-03,,D03,,L5,,
EV004394,E03973,hire,2025-03-08,2025-03,,D01,,L2,,
EV004395,E03974,hire,2025-03-25,2025-03,,D06,,L4,,
EV004396,E03975,hire,2025-03-08,2025-03,,D01,,L3,,
EV004397,E03976,hire,2025-03-04,2025-03,,D02,,L3,,
EV004398,E03977,hire,2025-03-12,2025-03,,D05,,L1,,
EV004399,E03978,hire,2025-03-16,2025-03,,D05,,L5,,
EV004400,E03979,hire,2025-03-13,2025-03,,D05,,L4,,
EV004401,E03980,hire,2025-03-09,2025-03,,D05,,L3,,
EV004402,E03981,hire,2025-03-07,2025-03,,D08,,L1,,
EV004403,E03982,hire,2025-03-21,2025-03,,D06,,L1,,
EV004404,E03983,hire,2025-03-23,2025-03,,D04,,L3,,
EV004405,E03984,hire,2025-03-01,2025-03,,D11,,L3,,
EV004406,E03985,hire,2025-03-10,2025-03,,D12,,L1,,
EV004407,E03986,hire,2025-03-07,2025-03,,D08,,L7,,
EV004408,E03987,hire,2025-03-13,2025-03,,D12,,L3,,
EV004409,E03988,hire,2025-03-29,2025-03,,D03,,L1,,
EV004410,E03989,hire,2025-03-05,2025-03,,D05,,L2,,
EV004411,E03990,hire,2025-03-11,2025-03,,D01,,L1,,
EV004412,E03991,hire,2025-03-11,2025-03,,D04,,L2,,
EV004413,E03992,hire,2025-03-12,2025-03,,D01,,L2,,
EV004414,E03993,hire,2025-03-20,2025-03,,D04,,L3,,
EV004415,E03994,hire,2025-03-03,2025-03,,D05,,L2,,
EV004416,E03995,hire,2025-03-29,2025-03,,D07,,L4,,
EV004417,E03996,hire,2025-03-28,2025-03,,D01,,L6,,
EV004418,E03997,hire,2025-03-28,2025-03,,D10,,L2,,
EV004419,E03998,hire,2025-03-16,2025-03,,D01,,L4,,
EV004420,E03999,hire,2025-03-20,2025-03,,D03,,L2,,
EV004421,E04000,hire,2025-03-14,2025-03,,D10,,L4,,
EV004422,E04001,hire,2025-03-19,2025-03,,D01,,L3,,
EV004423,E04002,hire,2025-03-16,2025-03,,D11,,L1,,
EV004424,E04003,hire,2025-03-09,2025-03,,D01,,L1,,
EV004425,E04004,hire,2025-03-05,2025-03,,D01,,L4,,
EV004426,E04005,hire,2025-03-15,2025-03,,D06,,L3,,
EV004427,E04006,hire,2025-03-14,2025-03,,D05,,L1,,
EV004428,E04007,hire,2025-03-12,2025-03,,D03,,L3,,
EV004429,E04008,hire,2025-03-02,2025-03,,D10,,L3,,
EV004430,E04009,hire,2025-03-19,2025-03,,D01,,L4,,
EV004431,E04010,hire,2025-03-03,2025-03,,D01,,L2,,
EV004432,E04011,hire,2025-03-28,2025-03,,D03,,L6,,
EV004433,E04012,hire,2025-03-14,2025-03,,D01,,L4,,
EV004434,E04013,hire,2025-03-10,2025-03,,D02,,L1,,
EV004435,E04014,hire,2025-03-10,2025-03,,D01,,L3,,
EV004436,E04015,hire,2025-03-21,2025-03,,D06,,L1,,
EV004437,E04016,hire,2025-03-03,2025-03,,D01,,L1,,
EV004438,E04017,hire,2025-03-01,2025-03,,D05,,L2,,
EV004439,E04018,hire,2025-03-23,2025-03,,D01,,L4,,
EV004440,E04019,hire,2025-03-17,2025-03,,D10,,L6,,
EV004441,E04020,hire,2025-03-05,2025-03,,D03,,L1,,
EV004442,E04021,hire,2025-03-06,2025-03,,D09,,L2,,
EV004443,E04022,hire,2025-03-21,2025-03,,D03,,L2,,
EV004444,E04023,hire,2025-03-16,2025-03,,D11,,L2,,
EV004445,E04024,hire,2025-03-18,2025-03,,D05,,L5,,
EV004446,E04025,hire,2025-03-25,2025-03,,D06,,L6,,
EV004447,E04026,hire,2025-03-06,2025-03,,D09,,L3,,
EV004448,E04027,hire,2025-03-19,2025-03,,D01,,L5,,
EV004449,E04028,hire,2025-03-20,2025-03,,D01,,L3,,
EV004450,E04029,hire,2025-03-20,2025-03,,D01,,L2,,
EV004451,E02017,transfer,2025-03-16,2025-03,D06,D02,L5,L5,,
EV004452,E01259,transfer,2025-03-26,2025-03,D01,D11,L1,L1,,
EV004453,E01462,transfer,2025-03-22,2025-03,D11,D02,L1,L1,,
EV004454,E02109,transfer,2025-03-26,2025-03,D05,D01,L3,L3,,
EV004455,E01261,transfer,2025-03-17,2025-03,D02,D01,L3,L3,,
EV004456,E03076,transfer,2025-03-04,2025-03,D11,D01,L3,L3,,
EV004457,E03232,transfer,2025-03-07,2025-03,D01,D11,L3,L3,,
EV004458,E02290,transfer,2025-03-03,2025-03,D02,D04,L2,L2,,
EV004459,E01857,transfer,2025-03-19,2025-03,D06,D07,L1,L1,,
EV004460,E03708,transfer,2025-03-06,2025-03,D02,D03,L1,L1,,
EV004461,E01534,transfer,2025-03-24,2025-03,D01,D08,L4,L4,,
EV004462,E01372,transfer,2025-03-08,2025-03,D05,D01,L4,L4,,
EV004463,E03822,transfer,2025-03-25,2025-03,D04,D03,L6,L6,,
EV004464,E00338,transfer,2025-03-07,2025-03,D02,D06,L1,L1,,
EV004465,E02533,transfer,2025-03-16,2025-03,D03,D08,L5,L5,,
EV004466,E00971,transfer,2025-03-08,2025-03,D02,D03,L1,L1,,
EV004467,E02584,transfer,2025-03-13,2025-03,D03,D01,L7,L7,,
EV004468,E00348,transfer,2025-03-07,2025-03,D04,D01,L2,L2,,
EV004469,E02179,transfer,2025-03-21,2025-03,D01,D02,L1,L1,,
EV004470,E00456,transfer,2025-03-22,2025-03,D11,D02,L1,L1,,
EV004471,E00340,transfer,2025-03-18,2025-03,D12,D08,L1,L1,,
EV004472,E03924,transfer,2025-03-14,2025-03,D01,D05,L3,L3,,
EV004473,E01078,transfer,2025-03-13,2025-03,D10,D07,L2,L2,,
EV004474,E01262,transfer,2025-03-24,2025-03,D11,D01,L1,L1,,
EV004475,E01543,transfer,2025-03-07,2025-03,D03,D02,L6,L6,,
EV004476,E03602,transfer,2025-03-22,2025-03,D02,D01,L6,L6,,
EV004477,E02652,transfer,2025-03-25,2025-03,D01,D02,L3,L3,,
EV004478,E03987,transfer,2025-03-10,2025-03,D12,D04,L3,L3,,
EV004479,E02777,promotion,2025-03-01,2025-03,D01,D01,L2,L3,,
EV004480,E03770,promotion,2025-03-16,2025-03,D07,D07,L1,L2,,
EV004481,E02442,promotion,2025-03-24,2025-03,D01,D01,L6,L7,,
EV004482,E01705,promotion,2025-03-01,2025-03,D02,D02,L4,L5,,
EV004483,E00096,promotion,2025-03-11,2025-03,D06,D06,L2,L3,,
EV004484,E00627,promotion,2025-03-22,2025-03,D04,D04,L5,L6,,
EV004485,E03628,promotion,2025-03-17,2025-03,D01,D01,L5,L6,,
EV004486,E02455,promotion,2025-03-18,2025-03,D01,D01,L6,L7,,
EV004487,E03252,promotion,2025-03-16,2025-03,D12,D12,L3,L4,,
EV004488,E02480,promotion,2025-03-28,2025-03,D10,D10,L5,L6,,
EV004489,E01713,salary_adjust,2025-03-11,2025-03,D02,D02,L2,L2,,4.32%
EV004490,E02255,salary_adjust,2025-03-07,2025-03,D06,D06,L1,L1,,8.62%
EV004491,E03788,salary_adjust,2025-03-16,2025-03,D07,D07,L3,L3,,9.08%
EV004492,E03473,salary_adjust,2025-03-26,2025-03,D01,D01,L3,L3,,6.71%
EV004493,E00637,salary_adjust,2025-03-10,2025-03,D11,D11,L1,L1,,6.58%
EV004494,E02955,salary_adjust,2025-03-24,2025-03,D05,D05,L1,L1,,11.23%
EV004495,E03055,salary_adjust,2025-03-30,2025-03,D07,D07,L2,L2,,5.39%
EV004496,E03930,salary_adjust,2025-03-11,2025-03,D11,D11,L3,L3,,5.09%
EV004497,E03074,salary_adjust,2025-03-17,2025-03,D11,D11,L3,L3,,7.14%
EV004498,E02442,salary_adjust,2025-03-23,2025-03,D01,D01,L7,L7,,3.76%
EV004499,E00001,salary_adjust,2025-03-31,2025-03,D01,D01,L1,L1,,6.22%
EV004500,E03979,salary_adjust,2025-03-02,2025-03,D05,D05,L4,L4,,4.23%
EV004501,E02021,salary_adjust,2025-03-10,2025-03,D01,D01,L1,L1,,10.47%
EV004502,E01884,salary_adjust,2025-03-02,2025-03,D03,D03,L5,L5,,5.27%
EV004503,E03391,salary_adjust,2025-03-26,2025-03,D02,D02,L6,L6,,3.42%
EV004504,E03913,salary_adjust,2025-03-04,2025-03,D09,D09,L2,L2,,7.96%
EV004505,E01431,salary_adjust,2025-03-20,2025-03,D02,D02,L2,L2,,3.38%
EV004506,E00034,salary_adjust,2025-03-10,2025-03,D05,D05,L2,L2,,10.12%
EV004507,E03601,salary_adjust,2025-03-15,2025-03,D04,D04,L4,L4,,5.34%
EV004508,E01793,salary_adjust,2025-03-29,2025-03,D01,D01,L1,L1,,8.55%
EV004509,E03919,salary_adjust,2025-03-20,2025-03,D01,D01,L2,L2,,6.28%
EV004510,E04006,salary_adjust,2025-03-29,2025-03,D05,D05,L1,L1,,6.92%
EV004511,E02071,salary_adjust,2025-03-10,2025-03,D06,D06,L5,L5,,11.79%
EV004512,E03402,salary_adjust,2025-03-30,2025-03,D12,D12,L1,L1,,10.33%
EV004513,E01964,salary_adjust,2025-03-18,2025-03,D02,D02,L3,L3,,8.68%
EV004514,E03657,salary_adjust,2025-03-03,2025-03,D06,D06,L1,L1,,10.79%
EV004515,E04003,salary_adjust,2025-03-28,2025-03,D01,D01,L1,L1,,8.93%
EV004516,E00397,salary_adjust,2025-03-24,2025-03,D03,D03,L2,L2,,6.90%
EV004517,E00199,salary_adjust,2025-03-01,2025-03,D03,D03,L2,L2,,8.19%
EV004518,E01281,salary_adjust,2025-03-08,2025-03,D11,D11,L2,L2,,4.39%
EV004519,E00401,salary_adjust,2025-03-31,2025-03,D11,D11,L5,L5,,3.09%
EV004520,E02553,salary_adjust,2025-03-03,2025-03,D05,D05,L3,L3,,6.10%
EV004521,E02274,salary_adjust,2025-03-25,2025-03,D02,D02,L5,L5,,7.34%
EV004522,E00674,salary_adjust,2025-03-21,2025-03,D05,D05,L6,L6,,11.46%
EV004523,E03118,salary_adjust,2025-03-30,2025-03,D03,D03,L1,L1,,7.91%
EV004524,E01176,salary_adjust,2025-03-05,2025-03,D01,D01,L6,L6,,9.47%
EV004525,E03989,salary_adjust,2025-03-21,2025-03,D05,D05,L2,L2,,3.10%
EV004526,E03421,leave,2025-04-07,2025-04,D01,,L4,,R02,vol
EV004527,E03859,leave,2025-04-25,2025-04,D02,,L1,,R06,invol
EV004528,E00955,leave,2025-04-14,2025-04,D12,,L1,,R04,vol
EV004529,E01323,leave,2025-04-03,2025-04,D01,,L2,,R02,vol
EV004530,E02051,leave,2025-04-19,2025-04,D02,,L4,,R02,vol
EV004531,E02527,leave,2025-04-12,2025-04,D01,,L3,,R04,vol
EV004532,E00268,leave,2025-04-08,2025-04,D03,,L2,,R04,vol
EV004533,E03269,leave,2025-04-29,2025-04,D07,,L2,,R04,vol
EV004534,E01988,leave,2025-04-25,2025-04,D01,,L2,,R04,vol
EV004535,E04021,leave,2025-04-28,2025-04,D09,,L2,,R04,vol
EV004536,E01261,leave,2025-04-10,2025-04,D01,,L3,,R01,vol
EV004537,E03409,leave,2025-04-30,2025-04,D02,,L2,,R03,vol
EV004538,E01174,leave,2025-04-11,2025-04,D08,,L6,,R01,vol
EV004539,E01313,leave,2025-04-09,2025-04,D12,,L4,,R04,vol
EV004540,E03622,leave,2025-04-07,2025-04,D01,,L1,,R06,invol
EV004541,E00521,leave,2025-04-13,2025-04,D10,,L4,,R02,vol
EV004542,E03901,leave,2025-04-08,2025-04,D06,,L4,,R02,vol
EV004543,E02462,leave,2025-04-22,2025-04,D01,,L5,,R05,vol
EV004544,E00508,leave,2025-04-23,2025-04,D02,,L3,,R02,vol
EV004545,E00154,leave,2025-04-03,2025-04,D01,,L2,,R01,vol
EV004546,E03877,leave,2025-04-21,2025-04,D09,,L5,,R01,vol
EV004547,E03176,leave,2025-04-06,2025-04,D11,,L4,,R04,vol
EV004548,E00128,leave,2025-04-02,2025-04,D03,,L4,,R01,vol
EV004549,E00452,leave,2025-04-23,2025-04,D06,,L4,,R01,vol
EV004550,E02520,leave,2025-04-04,2025-04,D01,,L5,,R03,vol
EV004551,E03116,leave,2025-04-04,2025-04,D05,,L4,,R01,vol
EV004552,E03306,leave,2025-04-29,2025-04,D01,,L4,,R05,vol
EV004553,E03230,leave,2025-04-01,2025-04,D03,,L3,,R02,vol
EV004554,E00382,leave,2025-04-19,2025-04,D01,,L4,,R03,vol
EV004555,E01083,leave,2025-04-09,2025-04,D12,,L1,,R01,vol
EV004556,E02997,leave,2025-04-17,2025-04,D07,,L1,,R01,vol
EV004557,E03356,leave,2025-04-09,2025-04,D03,,L1,,R03,vol
EV004558,E01311,leave,2025-04-19,2025-04,D05,,L2,,R05,vol
EV004559,E03994,leave,2025-04-03,2025-04,D05,,L2,,R06,invol
EV004560,E03951,leave,2025-04-02,2025-04,D01,,L5,,R06,invol
EV004561,E03146,leave,2025-04-13,2025-04,D10,,L3,,R01,vol
EV004562,E01027,leave,2025-04-17,2025-04,D01,,L6,,R01,vol
EV004563,E01687,leave,2025-04-13,2025-04,D03,,L1,,R02,vol
EV004564,E00298,leave,2025-04-28,2025-04,D08,,L3,,R04,vol
EV004565,E03023,leave,2025-04-20,2025-04,D01,,L1,,R04,vol
EV004566,E02173,leave,2025-04-28,2025-04,D01,,L3,,R03,vol
EV004567,E00817,leave,2025-04-07,2025-04,D03,,L1,,R02,vol
EV004568,E02757,leave,2025-04-21,2025-04,D01,,L6,,R01,vol
EV004569,E02692,leave,2025-04-18,2025-04,D04,,L1,,R05,vol
EV004570,E02222,leave,2025-04-03,2025-04,D01,,L1,,R03,vol
EV004571,E02898,leave,2025-04-29,2025-04,D11,,L2,,R01,vol
EV004572,E03616,leave,2025-04-28,2025-04,D11,,L2,,R06,invol
EV004573,E03544,leave,2025-04-09,2025-04,D02,,L1,,R02,vol
EV004574,E01819,leave,2025-04-09,2025-04,D10,,L4,,R02,vol
EV004575,E01282,leave,2025-04-26,2025-04,D01,,L4,,R03,vol
EV004576,E00480,leave,2025-04-05,2025-04,D01,,L4,,R01,vol
EV004577,E04016,leave,2025-04-13,2025-04,D01,,L1,,R05,vol
EV004578,E02040,leave,2025-04-26,2025-04,D03,,L5,,R01,vol
EV004579,E00821,leave,2025-04-04,2025-04,D01,,L4,,R01,vol
EV004580,E03423,leave,2025-04-03,2025-04,D02,,L2,,R08,invol
EV004581,E03352,leave,2025-04-21,2025-04,D06,,L4,,R07,invol
EV004582,E01766,leave,2025-04-15,2025-04,D03,,L2,,R06,invol
EV004583,E01317,leave,2025-04-26,2025-04,D04,,L3,,R08,invol
EV004584,E03922,leave,2025-04-24,2025-04,D10,,L1,,R06,invol
EV004585,E02277,leave,2025-04-18,2025-04,D01,,L3,,R06,invol
EV004586,E03061,leave,2025-04-30,2025-04,D01,,L4,,R09,invol
EV004587,E00857,leave,2025-04-08,2025-04,D01,,L1,,R08,invol
EV004588,E02960,leave,2025-04-13,2025-04,D04,,L3,,R07,invol
EV004589,E00136,leave,2025-04-29,2025-04,D01,,L1,,R08,invol
EV004590,E02449,leave,2025-04-17,2025-04,D06,,L1,,R07,invol
EV004591,E01077,leave,2025-04-16,2025-04,D03,,L4,,R06,invol
EV004592,E01584,leave,2025-04-28,2025-04,D02,,L7,,R06,invol
EV004593,E00347,leave,2025-04-25,2025-04,D02,,L5,,R07,invol
EV004594,E02439,leave,2025-04-12,2025-04,D01,,L2,,R07,invol
EV004595,E00503,leave,2025-04-28,2025-04,D01,,L4,,R08,invol
EV004596,E01330,leave,2025-04-29,2025-04,D11,,L1,,R08,invol
EV004597,E00547,leave,2025-04-19,2025-04,D03,,L3,,R06,invol
EV004598,E02991,leave,2025-04-26,2025-04,D01,,L2,,R06,invol
EV004599,E01591,leave,2025-04-18,2025-04,D11,,L1,,R09,invol
EV004600,E01674,leave,2025-04-13,2025-04,D10,,L1,,R06,invol
EV004601,E02672,leave,2025-04-06,2025-04,D01,,L2,,R06,invol
EV004602,E00477,leave,2025-04-04,2025-04,D01,,L2,,R07,invol
EV004603,E02268,leave,2025-04-11,2025-04,D09,,L2,,R06,invol
EV004604,E01578,leave,2025-04-12,2025-04,D05,,L4,,R09,invol
EV004605,E02798,leave,2025-04-14,2025-04,D01,,L4,,R06,invol
EV004606,E03304,leave,2025-04-14,2025-04,D01,,L2,,R08,invol
EV004607,E02936,leave,2025-04-05,2025-04,D12,,L2,,R06,invol
EV004608,E00708,leave,2025-04-14,2025-04,D04,,L5,,R06,invol
EV004609,E03921,leave,2025-04-09,2025-04,D06,,L6,,R06,invol
EV004610,E01329,leave,2025-04-02,2025-04,D01,,L4,,R06,invol
EV004611,E00979,leave,2025-04-08,2025-04,D05,,L5,,R08,invol
EV004612,E01566,leave,2025-04-02,2025-04,D01,,L1,,R06,invol
EV004613,E02490,leave,2025-04-22,2025-04,D02,,L2,,R06,invol
EV004614,E01262,leave,2025-04-13,2025-04,D01,,L1,,R08,invol
EV004615,E04030,hire,2025-04-24,2025-04,,D03,,L2,,
EV004616,E04031,hire,2025-04-03,2025-04,,D04,,L2,,
EV004617,E04032,hire,2025-04-21,2025-04,,D01,,L3,,
EV004618,E04033,hire,2025-04-19,2025-04,,D05,,L4,,
EV004619,E04034,hire,2025-04-08,2025-04,,D09,,L1,,
EV004620,E04035,hire,2025-04-28,2025-04,,D05,,L1,,
EV004621,E04036,hire,2025-04-21,2025-04,,D06,,L4,,
EV004622,E04037,hire,2025-04-12,2025-04,,D01,,L4,,
EV004623,E04038,hire,2025-04-23,2025-04,,D01,,L2,,
EV004624,E04039,hire,2025-04-09,2025-04,,D10,,L6,,
EV004625,E04040,hire,2025-04-06,2025-04,,D02,,L1,,
EV004626,E04041,hire,2025-04-11,2025-04,,D03,,L2,,
EV004627,E04042,hire,2025-04-26,2025-04,,D12,,L7,,
EV004628,E04043,hire,2025-04-18,2025-04,,D07,,L3,,
EV004629,E04044,hire,2025-04-28,2025-04,,D02,,L1,,
EV004630,E04045,hire,2025-04-26,2025-04,,D03,,L3,,
EV004631,E04046,hire,2025-04-07,2025-04,,D04,,L1,,
EV004632,E04047,hire,2025-04-18,2025-04,,D12,,L3,,
EV004633,E04048,hire,2025-04-05,2025-04,,D01,,L2,,
EV004634,E04049,hire,2025-04-08,2025-04,,D11,,L1,,
EV004635,E04050,hire,2025-04-12,2025-04,,D03,,L5,,
EV004636,E04051,hire,2025-04-04,2025-04,,D11,,L2,,
EV004637,E04052,hire,2025-04-27,2025-04,,D01,,L5,,
EV004638,E04053,hire,2025-04-05,2025-04,,D11,,L6,,
EV004639,E04054,hire,2025-04-10,2025-04,,D05,,L2,,
EV004640,E04055,hire,2025-04-30,2025-04,,D04,,L1,,
EV004641,E04056,hire,2025-04-07,2025-04,,D12,,L1,,
EV004642,E04057,hire,2025-04-06,2025-04,,D10,,L1,,
EV004643,E04058,hire,2025-04-29,2025-04,,D03,,L5,,
EV004644,E04059,hire,2025-04-09,2025-04,,D02,,L4,,
EV004645,E04060,hire,2025-04-20,2025-04,,D06,,L1,,
EV004646,E04061,hire,2025-04-30,2025-04,,D01,,L4,,
EV004647,E04062,hire,2025-04-25,2025-04,,D10,,L5,,
EV004648,E04063,hire,2025-04-27,2025-04,,D05,,L2,,
EV004649,E04064,hire,2025-04-04,2025-04,,D01,,L4,,
EV004650,E04065,hire,2025-04-05,2025-04,,D02,,L1,,
EV004651,E04066,hire,2025-04-30,2025-04,,D02,,L2,,
EV004652,E04067,hire,2025-04-26,2025-04,,D03,,L3,,
EV004653,E04068,hire,2025-04-10,2025-04,,D12,,L4,,
EV004654,E04069,hire,2025-04-08,2025-04,,D01,,L3,,
EV004655,E04070,hire,2025-04-18,2025-04,,D03,,L2,,
EV004656,E04071,hire,2025-04-13,2025-04,,D03,,L1,,
EV004657,E04072,hire,2025-04-21,2025-04,,D12,,L3,,
EV004658,E04073,hire,2025-04-26,2025-04,,D05,,L2,,
EV004659,E04074,hire,2025-04-08,2025-04,,D11,,L2,,
EV004660,E04075,hire,2025-04-04,2025-04,,D02,,L1,,
EV004661,E04076,hire,2025-04-15,2025-04,,D10,,L2,,
EV004662,E04077,hire,2025-04-04,2025-04,,D01,,L2,,
EV004663,E04078,hire,2025-04-01,2025-04,,D01,,L1,,
EV004664,E04079,hire,2025-04-21,2025-04,,D05,,L1,,
EV004665,E04080,hire,2025-04-03,2025-04,,D03,,L2,,
EV004666,E04081,hire,2025-04-11,2025-04,,D03,,L1,,
EV004667,E04082,hire,2025-04-07,2025-04,,D05,,L2,,
EV004668,E04083,hire,2025-04-08,2025-04,,D07,,L2,,
EV004669,E04084,hire,2025-04-05,2025-04,,D02,,L3,,
EV004670,E04085,hire,2025-04-29,2025-04,,D11,,L1,,
EV004671,E04086,hire,2025-04-08,2025-04,,D01,,L1,,
EV004672,E04087,hire,2025-04-25,2025-04,,D06,,L1,,
EV004673,E04088,hire,2025-04-03,2025-04,,D08,,L3,,
EV004674,E04089,hire,2025-04-23,2025-04,,D01,,L6,,
EV004675,E04090,hire,2025-04-28,2025-04,,D08,,L7,,
EV004676,E04091,hire,2025-04-27,2025-04,,D03,,L4,,
EV004677,E04092,hire,2025-04-17,2025-04,,D09,,L5,,
EV004678,E04093,hire,2025-04-06,2025-04,,D01,,L1,,
EV004679,E04094,hire,2025-04-27,2025-04,,D08,,L4,,
EV004680,E04095,hire,2025-04-16,2025-04,,D06,,L2,,
EV004681,E04096,hire,2025-04-13,2025-04,,D01,,L3,,
EV004682,E04097,hire,2025-04-01,2025-04,,D03,,L6,,
EV004683,E04098,hire,2025-04-01,2025-04,,D03,,L3,,
EV004684,E04099,hire,2025-04-06,2025-04,,D01,,L1,,
EV004685,E04100,hire,2025-04-17,2025-04,,D04,,L2,,
EV004686,E04101,hire,2025-04-18,2025-04,,D08,,L2,,
EV004687,E04102,hire,2025-04-07,2025-04,,D12,,L1,,
EV004688,E04103,hire,2025-04-08,2025-04,,D02,,L1,,
EV004689,E04104,hire,2025-04-15,2025-04,,D03,,L1,,
EV004690,E04105,hire,2025-04-10,2025-04,,D06,,L1,,
EV004691,E04106,hire,2025-04-05,2025-04,,D03,,L2,,
EV004692,E04107,hire,2025-04-18,2025-04,,D05,,L5,,
EV004693,E04108,hire,2025-04-09,2025-04,,D09,,L1,,
EV004694,E04109,hire,2025-04-02,2025-04,,D08,,L4,,
EV004695,E04110,hire,2025-04-12,2025-04,,D11,,L1,,
EV004696,E04111,hire,2025-04-15,2025-04,,D07,,L1,,
EV004697,E04112,hire,2025-04-11,2025-04,,D02,,L3,,
EV004698,E04113,hire,2025-04-13,2025-04,,D09,,L2,,
EV004699,E04114,hire,2025-04-07,2025-04,,D06,,L4,,
EV004700,E04115,hire,2025-04-30,2025-04,,D01,,L1,,
EV004701,E04116,hire,2025-04-03,2025-04,,D04,,L3,,
EV004702,E04117,hire,2025-04-30,2025-04,,D11,,L2,,
EV004703,E04118,hire,2025-04-05,2025-04,,D06,,L3,,
EV004704,E04119,hire,2025-04-23,2025-04,,D09,,L1,,
EV004705,E04120,hire,2025-04-17,2025-04,,D01,,L3,,
EV004706,E04121,hire,2025-04-23,2025-04,,D01,,L2,,
EV004707,E04122,hire,2025-04-23,2025-04,,D05,,L5,,
EV004708,E04123,hire,2025-04-05,2025-04,,D12,,L2,,
EV004709,E04124,hire,2025-04-25,2025-04,,D01,,L2,,
EV004710,E04125,hire,2025-04-23,2025-04,,D11,,L4,,
EV004711,E04126,hire,2025-04-04,2025-04,,D10,,L2,,
EV004712,E04127,hire,2025-04-26,2025-04,,D02,,L1,,
EV004713,E04128,hire,2025-04-23,2025-04,,D01,,L6,,
EV004714,E04129,hire,2025-04-05,2025-04,,D01,,L5,,
EV004715,E04130,hire,2025-04-24,2025-04,,D07,,L2,,
EV004716,E04131,hire,2025-04-15,2025-04,,D04,,L4,,
EV004717,E04132,hire,2025-04-23,2025-04,,D11,,L1,,
EV004718,E04133,hire,2025-04-21,2025-04,,D11,,L5,,
EV004719,E04134,hire,2025-04-30,2025-04,,D01,,L2,,
EV004720,E04135,hire,2025-04-28,2025-04,,D03,,L2,,
EV004721,E04136,hire,2025-04-26,2025-04,,D05,,L3,,
EV004722,E04137,hire,2025-04-04,2025-04,,D08,,L5,,
EV004723,E04138,hire,2025-04-05,2025-04,,D05,,L1,,
EV004724,E04139,hire,2025-04-27,2025-04,,D06,,L4,,
EV004725,E04140,hire,2025-04-01,2025-04,,D10,,L4,,
EV004726,E04141,hire,2025-04-27,2025-04,,D08,,L1,,
EV004727,E04142,hire,2025-04-22,2025-04,,D04,,L4,,
EV004728,E04143,hire,2025-04-30,2025-04,,D02,,L5,,
EV004729,E04144,hire,2025-04-11,2025-04,,D10,,L5,,
EV004730,E04145,hire,2025-04-30,2025-04,,D01,,L1,,
EV004731,E04146,hire,2025-04-15,2025-04,,D04,,L3,,
EV004732,E04147,hire,2025-04-26,2025-04,,D07,,L4,,
EV004733,E04148,hire,2025-04-10,2025-04,,D01,,L6,,
EV004734,E04149,hire,2025-04-14,2025-04,,D11,,L1,,
EV004735,E04150,hire,2025-04-23,2025-04,,D06,,L3,,
EV004736,E04151,hire,2025-04-27,2025-04,,D08,,L4,,
EV004737,E04152,hire,2025-04-02,2025-04,,D07,,L1,,
EV004738,E04153,hire,2025-04-15,2025-04,,D04,,L6,,
EV004739,E04154,hire,2025-04-25,2025-04,,D05,,L1,,
EV004740,E04155,hire,2025-04-21,2025-04,,D02,,L6,,
EV004741,E04156,hire,2025-04-04,2025-04,,D12,,L4,,
EV004742,E04157,hire,2025-04-01,2025-04,,D09,,L1,,
EV004743,E04158,hire,2025-04-13,2025-04,,D06,,L1,,
EV004744,E04159,hire,2025-04-05,2025-04,,D03,,L1,,
EV004745,E04160,hire,2025-04-14,2025-04,,D01,,L3,,
EV004746,E04161,hire,2025-04-20,2025-04,,D01,,L4,,
EV004747,E04162,hire,2025-04-03,2025-04,,D03,,L2,,
EV004748,E04163,hire,2025-04-09,2025-04,,D06,,L4,,
EV004749,E04164,hire,2025-04-12,2025-04,,D12,,L3,,
EV004750,E04165,hire,2025-04-20,2025-04,,D05,,L3,,
EV004751,E04166,hire,2025-04-24,2025-04,,D08,,L6,,
EV004752,E04167,hire,2025-04-03,2025-04,,D01,,L3,,
EV004753,E04168,hire,2025-04-17,2025-04,,D03,,L4,,
EV004754,E04169,hire,2025-04-01,2025-04,,D12,,L6,,
EV004755,E04170,hire,2025-04-11,2025-04,,D11,,L1,,
EV004756,E04171,hire,2025-04-11,2025-04,,D07,,L1,,
EV004757,E04172,hire,2025-04-21,2025-04,,D06,,L1,,
EV004758,E04173,hire,2025-04-23,2025-04,,D03,,L1,,
EV004759,E04174,hire,2025-04-15,2025-04,,D04,,L5,,
EV004760,E04175,hire,2025-04-04,2025-04,,D03,,L2,,
EV004761,E01372,transfer,2025-04-30,2025-04,D01,D12,L4,L4,,
EV004762,E01059,transfer,2025-04-23,2025-04,D03,D05,L2,L2,,
EV004763,E01725,transfer,2025-04-30,2025-04,D01,D02,L6,L6,,
EV004764,E03925,transfer,2025-04-28,2025-04,D03,D04,L1,L1,,
EV004765,E00087,transfer,2025-04-13,2025-04,D12,D03,L6,L6,,
EV004766,E01071,transfer,2025-04-18,2025-04,D08,D01,L6,L6,,
EV004767,E03038,transfer,2025-04-21,2025-04,D04,D11,L1,L1,,
EV004768,E03694,transfer,2025-04-04,2025-04,D09,D10,L1,L1,,
EV004769,E03545,transfer,2025-04-30,2025-04,D01,D05,L4,L4,,
EV004770,E00963,transfer,2025-04-01,2025-04,D07,D05,L5,L5,,
EV004771,E03472,transfer,2025-04-29,2025-04,D01,D12,L5,L5,,
EV004772,E00763,transfer,2025-04-09,2025-04,D03,D01,L1,L1,,
EV004773,E02012,transfer,2025-04-10,2025-04,D06,D02,L3,L3,,
EV004774,E03499,transfer,2025-04-12,2025-04,D06,D05,L4,L4,,
EV004775,E02514,transfer,2025-04-29,2025-04,D10,D06,L3,L3,,
EV004776,E03689,transfer,2025-04-03,2025-04,D12,D02,L1,L1,,
EV004777,E00878,transfer,2025-04-20,2025-04,D01,D03,L2,L2,,
EV004778,E03387,transfer,2025-04-26,2025-04,D12,D01,L4,L4,,
EV004779,E01791,transfer,2025-04-11,2025-04,D09,D04,L2,L2,,
EV004780,E03850,transfer,2025-04-04,2025-04,D11,D05,L1,L1,,
EV004781,E03738,transfer,2025-04-02,2025-04,D08,D06,L2,L2,,
EV004782,E01397,transfer,2025-04-15,2025-04,D06,D01,L1,L1,,
EV004783,E02289,transfer,2025-04-13,2025-04,D05,D03,L4,L4,,
EV004784,E02133,transfer,2025-04-22,2025-04,D04,D03,L1,L1,,
EV004785,E00740,transfer,2025-04-20,2025-04,D01,D06,L2,L2,,
EV004786,E01855,transfer,2025-04-07,2025-04,D12,D11,L6,L6,,
EV004787,E03643,promotion,2025-04-03,2025-04,D01,D01,L3,L4,,
EV004788,E02453,promotion,2025-04-01,2025-04,D01,D01,L4,L5,,
EV004789,E03786,promotion,2025-04-23,2025-04,D02,D02,L2,L3,,
EV004790,E01512,promotion,2025-04-06,2025-04,D12,D12,L1,L2,,
EV004791,E00263,promotion,2025-04-05,2025-04,D09,D09,L2,L3,,
EV004792,E00596,promotion,2025-04-22,2025-04,D01,D01,L3,L4,,
EV004793,E02194,promotion,2025-04-15,2025-04,D05,D05,L1,L2,,
EV004794,E02887,promotion,2025-04-17,2025-04,D04,D04,L5,L6,,
EV004795,E01069,promotion,2025-04-08,2025-04,D05,D05,L2,L3,,
EV004796,E04137,promotion,2025-04-05,2025-04,D08,D08,L5,L6,,
EV004797,E02442,salary_adjust,2025-04-08,2025-04,D01,D01,L7,L7,,8.81%
EV004798,E02537,salary_adjust,2025-04-12,2025-04,D12,D12,L6,L6,,11.48%
EV004799,E02405,salary_adjust,2025-04-07,2025-04,D05,D05,L3,L3,,10.30%
EV004800,E02156,salary_adjust,2025-04-19,2025-04,D01,D01,L1,L1,,7.30%
EV004801,E03239,salary_adjust,2025-04-23,2025-04,D01,D01,L1,L1,,3.91%
EV004802,E03587,salary_adjust,2025-04-14,2025-04,D05,D05,L1,L1,,9.16%
EV004803,E01095,salary_adjust,2025-04-29,2025-04,D01,D01,L2,L2,,7.59%
EV004804,E02640,salary_adjust,2025-04-07,2025-04,D01,D01,L2,L2,,7.33%
EV004805,E01604,salary_adjust,2025-04-14,2025-04,D03,D03,L1,L1,,7.82%
EV004806,E00585,salary_adjust,2025-04-08,2025-04,D01,D01,L2,L2,,10.94%
EV004807,E03433,salary_adjust,2025-04-27,2025-04,D01,D01,L1,L1,,4.47%
EV004808,E02135,salary_adjust,2025-04-04,2025-04,D01,D01,L1,L1,,6.13%
EV004809,E03041,salary_adjust,2025-04-02,2025-04,D12,D12,L3,L3,,5.52%
EV004810,E02285,salary_adjust,2025-04-17,2025-04,D10,D10,L2,L2,,7.75%
EV004811,E03080,salary_adjust,2025-04-23,2025-04,D01,D01,L7,L7,,3.84%
EV004812,E01806,salary_adjust,2025-04-22,2025-04,D05,D05,L4,L4,,8.66%
EV004813,E02775,salary_adjust,2025-04-16,2025-04,D06,D06,L6,L6,,3.70%
EV004814,E04058,salary_adjust,2025-04-20,2025-04,D03,D03,L5,L5,,3.67%
EV004815,E02251,salary_adjust,2025-04-17,2025-04,D05,D05,L3,L3,,5.24%
EV004816,E03619,salary_adjust,2025-04-23,2025-04,D03,D03,L1,L1,,5.24%
EV004817,E02876,salary_adjust,2025-04-18,2025-04,D02,D02,L1,L1,,4.33%
EV004818,E00760,salary_adjust,2025-04-09,2025-04,D01,D01,L5,L5,,4.29%
EV004819,E02638,salary_adjust,2025-04-21,2025-04,D01,D01,L1,L1,,5.07%
EV004820,E02895,salary_adjust,2025-04-24,2025-04,D01,D01,L1,L1,,4.72%
EV004821,E01562,salary_adjust,2025-04-22,2025-04,D01,D01,L6,L6,,4.75%
EV004822,E03100,salary_adjust,2025-04-15,2025-04,D01,D01,L2,L2,,11.13%
EV004823,E02659,salary_adjust,2025-04-27,2025-04,D01,D01,L2,L2,,3.11%
EV004824,E00861,salary_adjust,2025-04-06,2025-04,D03,D03,L2,L2,,10.89%
EV004825,E03651,salary_adjust,2025-04-09,2025-04,D04,D04,L4,L4,,10.33%
EV004826,E00277,salary_adjust,2025-04-15,2025-04,D02,D02,L1,L1,,9.21%
EV004827,E00724,salary_adjust,2025-04-04,2025-04,D02,D02,L4,L4,,7.21%
EV004828,E01808,salary_adjust,2025-04-20,2025-04,D07,D07,L4,L4,,6.93%
EV004829,E04034,salary_adjust,2025-04-23,2025-04,D09,D09,L1,L1,,10.11%
EV004830,E03980,salary_adjust,2025-04-05,2025-04,D05,D05,L3,L3,,3.77%
EV004831,E03589,salary_adjust,2025-04-12,2025-04,D07,D07,L2,L2,,11.87%
EV004832,E03038,salary_adjust,2025-04-07,2025-04,D11,D11,L1,L1,,7.36%
EV004833,E00747,salary_adjust,2025-04-22,2025-04,D06,D06,L1,L1,,10.56%
EV004834,E02944,salary_adjust,2025-04-26,2025-04,D04,D04,L1,L1,,7.71%
EV004835,E00467,salary_adjust,2025-04-10,2025-04,D01,D01,L2,L2,,9.70%
EV004836,E04140,salary_adjust,2025-04-23,2025-04,D10,D10,L4,L4,,5.04%
EV004837,E03387,salary_adjust,2025-04-19,2025-04,D01,D01,L4,L4,,9.37%
EV004838,E02636,salary_adjust,2025-04-18,2025-04,D02,D02,L1,L1,,3.03%
EV004839,E00029,salary_adjust,2025-04-08,2025-04,D01,D01,L2,L2,,4.84%
EV004840,E03572,salary_adjust,2025-04-16,2025-04,D06,D06,L1,L1,,10.81%
EV004841,E03318,salary_adjust,2025-04-05,2025-04,D01,D01,L1,L1,,7.60%
EV004842,E03065,salary_adjust,2025-04-07,2025-04,D01,D01,L5,L5,,5.02%
EV004843,E04003,salary_adjust,2025-04-18,2025-04,D01,D01,L1,L1,,4.66%
EV004844,E01547,salary_adjust,2025-04-30,2025-04,D04,D04,L4,L4,,7.53%
EV004845,E00686,salary_adjust,2025-04-22,2025-04,D02,D02,L2,L2,,6.48%
EV004846,E03341,salary_adjust,2025-04-05,2025-04,D01,D01,L3,L3,,5.01%
EV004847,E02855,salary_adjust,2025-04-27,2025-04,D12,D12,L2,L2,,6.98%
EV004848,E01400,salary_adjust,2025-04-06,2025-04,D09,D09,L1,L1,,3.66%
EV004849,E00488,salary_adjust,2025-04-15,2025-04,D11,D11,L3,L3,,5.82%
EV004850,E03142,salary_adjust,2025-04-06,2025-04,D01,D01,L6,L6,,8.17%
EV004851,E00269,salary_adjust,2025-04-26,2025-04,D01,D01,L4,L4,,9.57%
EV004852,E00099,salary_adjust,2025-04-23,2025-04,D09,D09,L2,L2,,7.28%
EV004853,E02834,salary_adjust,2025-04-25,2025-04,D02,D02,L4,L4,,10.19%
EV004854,E02576,salary_adjust,2025-04-19,2025-04,D02,D02,L2,L2,,5.75%
EV004855,E03194,salary_adjust,2025-04-19,2025-04,D04,D04,L2,L2,,3.68%
EV004856,E03681,salary_adjust,2025-04-27,2025-04,D01,D01,L6,L6,,8.81%
EV004857,E00130,salary_adjust,2025-04-28,2025-04,D01,D01,L2,L2,,5.22%
EV004858,E01433,salary_adjust,2025-04-30,2025-04,D02,D02,L1,L1,,8.26%
EV004859,E01573,salary_adjust,2025-04-28,2025-04,D03,D03,L1,L1,,6.35%
EV004860,E00004,salary_adjust,2025-04-13,2025-04,D03,D03,L4,L4,,4.40%
EV004861,E03768,salary_adjust,2025-04-01,2025-04,D06,D06,L2,L2,,3.43%
EV004862,E02481,salary_adjust,2025-04-21,2025-04,D09,D09,L7,L7,,9.50%
EV004863,E03392,salary_adjust,2025-04-29,2025-04,D01,D01,L2,L2,,5.50%
EV004864,E02412,salary_adjust,2025-04-30,2025-04,D11,D11,L6,L6,,8.82%
EV004865,E01318,salary_adjust,2025-04-10,2025-04,D01,D01,L4,L4,,4.89%
EV004866,E03372,salary_adjust,2025-04-21,2025-04,D07,D07,L7,L7,,6.46%
EV004867,E00211,salary_adjust,2025-04-14,2025-04,D01,D01,L3,L3,,10.66%
EV004868,E00796,salary_adjust,2025-04-13,2025-04,D09,D09,L5,L5,,5.01%
EV004869,E03033,salary_adjust,2025-04-20,2025-04,D02,D02,L4,L4,,8.84%
EV004870,E02927,salary_adjust,2025-04-21,2025-04,D03,D03,L1,L1,,7.03%
EV004871,E03264,salary_adjust,2025-04-02,2025-04,D08,D08,L5,L5,,11.96%
EV004872,E00469,salary_adjust,2025-04-27,2025-04,D03,D03,L3,L3,,7.50%
EV004873,E03763,salary_adjust,2025-04-08,2025-04,D08,D08,L2,L2,,8.95%
EV004874,E01565,salary_adjust,2025-04-27,2025-04,D06,D06,L1,L1,,3.60%
EV004875,E02326,salary_adjust,2025-04-17,2025-04,D04,D04,L1,L1,,6.76%
EV004876,E03424,salary_adjust,2025-04-02,2025-04,D04,D04,L4,L4,,5.72%
EV004877,E02195,salary_adjust,2025-04-12,2025-04,D11,D11,L5,L5,,5.23%
EV004878,E03568,salary_adjust,2025-04-17,2025-04,D06,D06,L2,L2,,8.50%
EV004879,E00637,salary_adjust,2025-04-12,2025-04,D11,D11,L1,L1,,7.77%
EV004880,E03337,salary_adjust,2025-04-29,2025-04,D03,D03,L2,L2,,9.43%
EV004881,E01232,salary_adjust,2025-04-09,2025-04,D03,D03,L2,L2,,6.67%
EV004882,E01045,salary_adjust,2025-04-25,2025-04,D07,D07,L5,L5,,5.69%
EV004883,E00784,salary_adjust,2025-04-19,2025-04,D02,D02,L1,L1,,11.84%
EV004884,E01500,salary_adjust,2025-04-25,2025-04,D01,D01,L1,L1,,6.07%
EV004885,E03939,salary_adjust,2025-04-09,2025-04,D01,D01,L3,L3,,7.76%
EV004886,E01895,salary_adjust,2025-04-01,2025-04,D01,D01,L1,L1,,11.98%
EV004887,E00206,salary_adjust,2025-04-20,2025-04,D11,D11,L3,L3,,6.28%
EV004888,E00381,salary_adjust,2025-04-30,2025-04,D08,D08,L1,L1,,7.13%
EV004889,E01291,salary_adjust,2025-04-30,2025-04,D06,D06,L1,L1,,7.20%
EV004890,E01097,salary_adjust,2025-04-30,2025-04,D11,D11,L2,L2,,3.20%
EV004891,E01454,salary_adjust,2025-04-20,2025-04,D03,D03,L1,L1,,10.69%
EV004892,E02806,salary_adjust,2025-04-08,2025-04,D03,D03,L2,L2,,11.58%
EV004893,E02469,salary_adjust,2025-04-24,2025-04,D04,D04,L2,L2,,4.81%
EV004894,E02784,salary_adjust,2025-04-25,2025-04,D01,D01,L6,L6,,6.72%
EV004895,E01508,salary_adjust,2025-04-05,2025-04,D01,D01,L1,L1,,8.01%
EV004896,E03930,salary_adjust,2025-04-15,2025-04,D11,D11,L3,L3,,10.57%
EV004897,E00801,salary_adjust,2025-04-01,2025-04,D04,D04,L3,L3,,4.52%
EV004898,E00235,salary_adjust,2025-04-20,2025-04,D03,D03,L6,L6,,6.53%
EV004899,E00591,salary_adjust,2025-04-25,2025-04,D08,D08,L5,L5,,11.43%
EV004900,E01434,salary_adjust,2025-04-15,2025-04,D01,D01,L1,L1,,5.89%
EV004901,E02419,salary_adjust,2025-04-04,2025-04,D06,D06,L3,L3,,3.00%
EV004902,E03549,salary_adjust,2025-04-03,2025-04,D01,D01,L1,L1,,11.84%
EV004903,E03851,salary_adjust,2025-04-24,2025-04,D01,D01,L1,L1,,8.82%
EV004904,E00650,salary_adjust,2025-04-28,2025-04,D06,D06,L6,L6,,11.55%
EV004905,E04061,salary_adjust,2025-04-11,2025-04,D01,D01,L4,L4,,6.68%
EV004906,E02553,salary_adjust,2025-04-23,2025-04,D05,D05,L3,L3,,9.33%
EV004907,E02359,salary_adjust,2025-04-24,2025-04,D06,D06,L2,L2,,5.37%
EV004908,E02134,salary_adjust,2025-04-15,2025-04,D01,D01,L2,L2,,3.36%
EV004909,E03713,salary_adjust,2025-04-13,2025-04,D10,D10,L2,L2,,5.52%
EV004910,E00271,salary_adjust,2025-04-30,2025-04,D01,D01,L1,L1,,5.15%
EV004911,E01369,salary_adjust,2025-04-17,2025-04,D03,D03,L5,L5,,10.94%
EV004912,E01034,salary_adjust,2025-04-14,2025-04,D12,D12,L1,L1,,10.89%
EV004913,E00875,salary_adjust,2025-04-22,2025-04,D03,D03,L2,L2,,4.76%
EV004914,E02750,salary_adjust,2025-04-07,2025-04,D03,D03,L4,L4,,6.71%
EV004915,E00120,salary_adjust,2025-04-06,2025-04,D01,D01,L2,L2,,11.88%
EV004916,E02319,salary_adjust,2025-04-13,2025-04,D05,D05,L2,L2,,6.10%
EV004917,E00672,salary_adjust,2025-04-17,2025-04,D01,D01,L1,L1,,3.69%
EV004918,E01754,salary_adjust,2025-04-29,2025-04,D01,D01,L2,L2,,7.77%
EV004919,E01141,salary_adjust,2025-04-20,2025-04,D03,D03,L1,L1,,7.43%
EV004920,E03070,salary_adjust,2025-04-05,2025-04,D12,D12,L1,L1,,7.87%
EV004921,E02615,salary_adjust,2025-04-23,2025-04,D03,D03,L7,L7,,11.81%
EV004922,E00474,salary_adjust,2025-04-14,2025-04,D02,D02,L3,L3,,3.12%
EV004923,E03389,salary_adjust,2025-04-18,2025-04,D04,D04,L1,L1,,6.63%
EV004924,E00791,salary_adjust,2025-04-12,2025-04,D03,D03,L2,L2,,8.61%
EV004925,E00733,salary_adjust,2025-04-27,2025-04,D01,D01,L2,L2,,6.58%
EV004926,E03250,salary_adjust,2025-04-10,2025-04,D12,D12,L1,L1,,4.11%
EV004927,E01441,salary_adjust,2025-04-04,2025-04,D01,D01,L2,L2,,8.92%
EV004928,E02269,salary_adjust,2025-04-20,2025-04,D11,D11,L4,L4,,8.59%
EV004929,E03941,salary_adjust,2025-04-01,2025-04,D01,D01,L6,L6,,4.17%
EV004930,E03492,salary_adjust,2025-04-21,2025-04,D02,D02,L6,L6,,9.37%
EV004931,E00129,salary_adjust,2025-04-14,2025-04,D04,D04,L7,L7,,6.48%
EV004932,E00146,salary_adjust,2025-04-19,2025-04,D06,D06,L1,L1,,11.41%
EV004933,E03806,salary_adjust,2025-04-23,2025-04,D01,D01,L1,L1,,7.42%
EV004934,E03486,salary_adjust,2025-04-26,2025-04,D11,D11,L1,L1,,9.60%
EV004935,E00111,salary_adjust,2025-04-16,2025-04,D12,D12,L3,L3,,3.59%
EV004936,E00494,salary_adjust,2025-04-13,2025-04,D06,D06,L1,L1,,6.74%
EV004937,E00016,salary_adjust,2025-04-26,2025-04,D03,D03,L2,L2,,7.89%
EV004938,E02341,salary_adjust,2025-04-04,2025-04,D06,D06,L2,L2,,9.03%
EV004939,E02130,salary_adjust,2025-04-04,2025-04,D02,D02,L4,L4,,8.55%
EV004940,E01173,salary_adjust,2025-04-24,2025-04,D01,D01,L2,L2,,9.40%
EV004941,E00916,salary_adjust,2025-04-16,2025-04,D01,D01,L4,L4,,7.28%
EV004942,E02183,salary_adjust,2025-04-20,2025-04,D07,D07,L6,L6,,7.01%
EV004943,E02714,salary_adjust,2025-04-14,2025-04,D03,D03,L2,L2,,11.86%
EV004944,E02098,salary_adjust,2025-04-01,2025-04,D06,D06,L1,L1,,10.75%
EV004945,E03749,salary_adjust,2025-04-18,2025-04,D02,D02,L4,L4,,10.38%
EV004946,E01885,salary_adjust,2025-04-03,2025-04,D04,D04,L3,L3,,3.76%
EV004947,E03438,salary_adjust,2025-04-29,2025-04,D05,D05,L4,L4,,4.78%
EV004948,E01763,salary_adjust,2025-04-06,2025-04,D01,D01,L1,L1,,6.20%
EV004949,E00875,leave,2025-05-08,2025-05,D03,,L2,,R03,vol
EV004950,E00329,leave,2025-05-20,2025-05,D03,,L1,,R05,vol
EV004951,E03784,leave,2025-05-14,2025-05,D05,,L1,,R05,vol
EV004952,E01035,leave,2025-05-02,2025-05,D11,,L5,,R04,vol
EV004953,E03849,leave,2025-05-27,2025-05,D09,,L6,,R06,invol
EV004954,E03100,leave,2025-05-04,2025-05,D01,,L2,,R01,vol
EV004955,E01609,leave,2025-05-24,2025-05,D01,,L5,,R01,vol
EV004956,E01681,leave,2025-05-08,2025-05,D03,,L6,,R01,vol
EV004957,E00659,leave,2025-05-06,2025-05,D06,,L6,,R01,vol
EV004958,E01572,leave,2025-05-21,2025-05,D05,,L1,,R02,vol
EV004959,E00047,leave,2025-05-31,2025-05,D02,,L3,,R04,vol
EV004960,E03491,leave,2025-05-05,2025-05,D12,,L2,,R01,vol
EV004961,E03806,leave,2025-05-02,2025-05,D01,,L1,,R06,invol
EV004962,E00722,leave,2025-05-10,2025-05,D02,,L6,,R01,vol
EV004963,E04064,leave,2025-05-26,2025-05,D01,,L4,,R06,invol
EV004964,E03841,leave,2025-05-08,2025-05,D08,,L1,,R01,vol
EV004965,E04013,leave,2025-05-07,2025-05,D02,,L1,,R02,vol
EV004966,E01854,leave,2025-05-16,2025-05,D04,,L1,,R05,vol
EV004967,E03378,leave,2025-05-13,2025-05,D01,,L1,,R01,vol
EV004968,E02729,leave,2025-05-18,2025-05,D01,,L1,,R01,vol
EV004969,E02943,leave,2025-05-05,2025-05,D01,,L2,,R01,vol
EV004970,E01037,leave,2025-05-05,2025-05,D01,,L1,,R03,vol
EV004971,E01399,leave,2025-05-22,2025-05,D01,,L1,,R03,vol
EV004972,E00403,leave,2025-05-05,2025-05,D03,,L3,,R02,vol
EV004973,E01836,leave,2025-05-04,2025-05,D05,,L2,,R01,vol
EV004974,E03740,leave,2025-05-21,2025-05,D01,,L1,,R01,vol
EV004975,E00826,leave,2025-05-29,2025-05,D03,,L2,,R01,vol
EV004976,E00616,leave,2025-05-20,2025-05,D01,,L3,,R05,vol
EV004977,E03912,leave,2025-05-21,2025-05,D01,,L1,,R06,invol
EV004978,E01192,leave,2025-05-03,2025-05,D01,,L5,,R03,vol
EV004979,E01530,leave,2025-05-23,2025-05,D01,,L4,,R01,vol
EV004980,E03470,leave,2025-05-22,2025-05,D02,,L2,,R01,vol
EV004981,E00845,leave,2025-05-24,2025-05,D04,,L5,,R01,vol
EV004982,E00768,leave,2025-05-02,2025-05,D03,,L1,,R03,vol
EV004983,E00623,leave,2025-05-26,2025-05,D05,,L2,,R05,vol
EV004984,E04127,leave,2025-05-02,2025-05,D02,,L1,,R04,vol
EV004985,E01305,leave,2025-05-22,2025-05,D03,,L4,,R02,vol
EV004986,E02916,leave,2025-05-29,2025-05,D07,,L3,,R03,vol
EV004987,E01691,leave,2025-05-18,2025-05,D01,,L5,,R01,vol
EV004988,E01881,leave,2025-05-17,2025-05,D09,,L1,,R04,vol
EV004989,E00677,leave,2025-05-06,2025-05,D06,,L2,,R01,vol
EV004990,E04102,leave,2025-05-09,2025-05,D12,,L1,,R06,invol
EV004991,E00073,leave,2025-05-13,2025-05,D01,,L1,,R03,vol
EV004992,E02861,leave,2025-05-09,2025-05,D07,,L3,,R03,vol
EV004993,E03863,leave,2025-05-12,2025-05,D05,,L2,,R05,vol
EV004994,E03332,leave,2025-05-12,2025-05,D01,,L2,,R03,vol
EV004995,E02148,leave,2025-05-17,2025-05,D01,,L3,,R01,vol
EV004996,E02034,leave,2025-05-18,2025-05,D06,,L2,,R02,vol
EV004997,E00764,leave,2025-05-15,2025-05,D02,,L3,,R01,vol
EV004998,E02141,leave,2025-05-11,2025-05,D03,,L3,,R01,vol
EV004999,E01792,leave,2025-05-27,2025-05,D03,,L3,,R01,vol
EV005000,E00089,leave,2025-05-25,2025-05,D11,,L3,,R07,invol
EV005001,E03375,leave,2025-05-01,2025-05,D07,,L1,,R08,invol
EV005002,E02846,leave,2025-05-21,2025-05,D01,,L2,,R09,invol
EV005003,E01045,leave,2025-05-22,2025-05,D07,,L5,,R08,invol
EV005004,E01771,leave,2025-05-26,2025-05,D06,,L4,,R07,invol
EV005005,E00428,leave,2025-05-02,2025-05,D01,,L4,,R06,invol
EV005006,E01907,leave,2025-05-23,2025-05,D06,,L2,,R06,invol
EV005007,E01760,leave,2025-05-13,2025-05,D02,,L1,,R07,invol
EV005008,E00693,leave,2025-05-07,2025-05,D02,,L1,,R07,invol
EV005009,E03339,leave,2025-05-30,2025-05,D11,,L1,,R08,invol
EV005010,E03914,leave,2025-05-06,2025-05,D01,,L1,,R08,invol
EV005011,E02146,leave,2025-05-26,2025-05,D09,,L3,,R09,invol
EV005012,E01688,leave,2025-05-19,2025-05,D01,,L2,,R08,invol
EV005013,E00537,leave,2025-05-29,2025-05,D05,,L3,,R06,invol
EV005014,E01472,leave,2025-05-22,2025-05,D08,,L1,,R06,invol
EV005015,E01240,leave,2025-05-03,2025-05,D02,,L1,,R07,invol
EV005016,E02512,leave,2025-05-17,2025-05,D06,,L4,,R07,invol
EV005017,E04033,leave,2025-05-01,2025-05,D05,,L4,,R06,invol
EV005018,E03985,leave,2025-05-02,2025-05,D12,,L1,,R07,invol
EV005019,E03312,leave,2025-05-21,2025-05,D11,,L4,,R07,invol
EV005020,E03513,leave,2025-05-16,2025-05,D01,,L1,,R07,invol
EV005021,E02198,leave,2025-05-02,2025-05,D03,,L2,,R06,invol
EV005022,E03845,leave,2025-05-15,2025-05,D02,,L5,,R06,invol
EV005023,E02297,leave,2025-05-18,2025-05,D01,,L2,,R07,invol
EV005024,E02697,leave,2025-05-14,2025-05,D03,,L4,,R08,invol
EV005025,E00265,leave,2025-05-05,2025-05,D02,,L4,,R06,invol
EV005026,E01953,leave,2025-05-14,2025-05,D05,,L4,,R06,invol
EV005027,E03205,leave,2025-05-09,2025-05,D07,,L4,,R07,invol
EV005028,E01237,leave,2025-05-13,2025-05,D01,,L6,,R08,invol
EV005029,E02504,leave,2025-05-12,2025-05,D01,,L4,,R06,invol
EV005030,E01375,leave,2025-05-05,2025-05,D01,,L4,,R06,invol
EV005031,E01790,leave,2025-05-02,2025-05,D09,,L2,,R06,invol
EV005032,E01586,leave,2025-05-30,2025-05,D09,,L4,,R06,invol
EV005033,E02499,leave,2025-05-06,2025-05,D07,,L2,,R09,invol
EV005034,E02507,leave,2025-05-25,2025-05,D05,,L6,,R07,invol
EV005035,E01042,leave,2025-05-31,2025-05,D06,,L4,,R06,invol
EV005036,E01112,leave,2025-05-29,2025-05,D06,,L1,,R07,invol
EV005037,E04176,hire,2025-05-19,2025-05,,D03,,L2,,
EV005038,E04177,hire,2025-05-22,2025-05,,D06,,L2,,
EV005039,E04178,hire,2025-05-10,2025-05,,D08,,L2,,
EV005040,E04179,hire,2025-05-25,2025-05,,D06,,L3,,
EV005041,E04180,hire,2025-05-09,2025-05,,D12,,L3,,
EV005042,E04181,hire,2025-05-03,2025-05,,D12,,L4,,
EV005043,E04182,hire,2025-05-09,2025-05,,D08,,L5,,
EV005044,E04183,hire,2025-05-23,2025-05,,D01,,L1,,
EV005045,E04184,hire,2025-05-27,2025-05,,D03,,L1,,
EV005046,E04185,hire,2025-05-21,2025-05,,D06,,L2,,
EV005047,E04186,hire,2025-05-04,2025-05,,D03,,L2,,
EV005048,E04187,hire,2025-05-18,2025-05,,D01,,L1,,
EV005049,E04188,hire,2025-05-13,2025-05,,D01,,L2,,
EV005050,E04189,hire,2025-05-25,2025-05,,D03,,L1,,
EV005051,E04190,hire,2025-05-10,2025-05,,D01,,L1,,
EV005052,E04191,hire,2025-05-06,2025-05,,D01,,L2,,
EV005053,E04192,hire,2025-05-22,2025-05,,D04,,L4,,
EV005054,E04193,hire,2025-05-21,2025-05,,D01,,L1,,
EV005055,E04194,hire,2025-05-28,2025-05,,D01,,L1,,
EV005056,E04195,hire,2025-05-24,2025-05,,D01,,L2,,
EV005057,E04196,hire,2025-05-15,2025-05,,D11,,L4,,
EV005058,E04197,hire,2025-05-26,2025-05,,D10,,L6,,
EV005059,E04198,hire,2025-05-13,2025-05,,D03,,L2,,
EV005060,E04199,hire,2025-05-04,2025-05,,D05,,L5,,
EV005061,E04200,hire,2025-05-31,2025-05,,D03,,L5,,
EV005062,E04201,hire,2025-05-26,2025-05,,D01,,L3,,
EV005063,E04202,hire,2025-05-06,2025-05,,D09,,L2,,
EV005064,E04203,hire,2025-05-17,2025-05,,D06,,L2,,
EV005065,E04204,hire,2025-05-25,2025-05,,D02,,L3,,
EV005066,E04205,hire,2025-05-24,2025-05,,D12,,L4,,
EV005067,E04206,hire,2025-05-17,2025-05,,D05,,L3,,
EV005068,E04207,hire,2025-05-29,2025-05,,D01,,L4,,
EV005069,E04208,hire,2025-05-11,2025-05,,D03,,L4,,
EV005070,E04209,hire,2025-05-14,2025-05,,D11,,L2,,
EV005071,E04210,hire,2025-05-21,2025-05,,D01,,L1,,
EV005072,E04211,hire,2025-05-11,2025-05,,D03,,L4,,
EV005073,E04212,hire,2025-05-27,2025-05,,D12,,L1,,
EV005074,E04213,hire,2025-05-26,2025-05,,D07,,L2,,
EV005075,E04214,hire,2025-05-28,2025-05,,D03,,L2,,
EV005076,E04215,hire,2025-05-06,2025-05,,D01,,L1,,
EV005077,E04216,hire,2025-05-24,2025-05,,D01,,L1,,
EV005078,E04217,hire,2025-05-03,2025-05,,D12,,L4,,
EV005079,E04218,hire,2025-05-28,2025-05,,D03,,L3,,
EV005080,E04219,hire,2025-05-17,2025-05,,D02,,L2,,
EV005081,E04220,hire,2025-05-07,2025-05,,D02,,L2,,
EV005082,E04221,hire,2025-05-02,2025-05,,D07,,L1,,
EV005083,E04222,hire,2025-05-27,2025-05,,D01,,L3,,
EV005084,E04223,hire,2025-05-17,2025-05,,D01,,L1,,
EV005085,E04224,hire,2025-05-25,2025-05,,D02,,L1,,
EV005086,E04225,hire,2025-05-01,2025-05,,D01,,L6,,
EV005087,E04226,hire,2025-05-16,2025-05,,D11,,L1,,
EV005088,E04227,hire,2025-05-14,2025-05,,D06,,L6,,
EV005089,E04228,hire,2025-05-14,2025-05,,D05,,L3,,
EV005090,E04229,hire,2025-05-15,2025-05,,D03,,L2,,
EV005091,E04230,hire,2025-05-22,2025-05,,D12,,L1,,
EV005092,E04231,hire,2025-05-11,2025-05,,D01,,L2,,
EV005093,E04232,hire,2025-05-16,2025-05,,D07,,L4,,
EV005094,E04233,hire,2025-05-10,2025-05,,D01,,L2,,
EV005095,E04234,hire,2025-05-15,2025-05,,D04,,L5,,
EV005096,E04235,hire,2025-05-15,2025-05,,D01,,L4,,
EV005097,E04236,hire,2025-05-11,2025-05,,D01,,L3,,
EV005098,E04237,hire,2025-05-13,2025-05,,D09,,L4,,
EV005099,E04238,hire,2025-05-29,2025-05,,D02,,L4,,
EV005100,E04239,hire,2025-05-22,2025-05,,D12,,L1,,
EV005101,E04240,hire,2025-05-19,2025-05,,D01,,L1,,
EV005102,E04241,hire,2025-05-10,2025-05,,D06,,L3,,
EV005103,E04242,hire,2025-05-26,2025-05,,D06,,L3,,
EV005104,E04243,hire,2025-05-04,2025-05,,D03,,L7,,
EV005105,E04244,hire,2025-05-09,2025-05,,D01,,L4,,
EV005106,E04245,hire,2025-05-04,2025-05,,D02,,L1,,
EV005107,E04246,hire,2025-05-02,2025-05,,D01,,L5,,
EV005108,E04247,hire,2025-05-30,2025-05,,D06,,L1,,
EV005109,E04248,hire,2025-05-17,2025-05,,D05,,L5,,
EV005110,E04249,hire,2025-05-31,2025-05,,D01,,L2,,
EV005111,E04250,hire,2025-05-20,2025-05,,D05,,L3,,
EV005112,E04251,hire,2025-05-14,2025-05,,D01,,L4,,
EV005113,E04252,hire,2025-05-27,2025-05,,D01,,L2,,
EV005114,E04253,hire,2025-05-19,2025-05,,D06,,L2,,
EV005115,E04254,hire,2025-05-31,2025-05,,D01,,L4,,
EV005116,E04255,hire,2025-05-16,2025-05,,D04,,L1,,
EV005117,E04256,hire,2025-05-22,2025-05,,D03,,L3,,
EV005118,E04257,hire,2025-05-30,2025-05,,D01,,L3,,
EV005119,E04258,hire,2025-05-02,2025-05,,D04,,L2,,
EV005120,E04259,hire,2025-05-14,2025-05,,D01,,L3,,
EV005121,E04260,hire,2025-05-13,2025-05,,D01,,L3,,
EV005122,E04261,hire,2025-05-30,2025-05,,D05,,L2,,
EV005123,E04262,hire,2025-05-26,2025-05,,D11,,L3,,
EV005124,E04263,hire,2025-05-21,2025-05,,D05,,L1,,
EV005125,E04264,hire,2025-05-01,2025-05,,D03,,L1,,
EV005126,E04265,hire,2025-05-07,2025-05,,D01,,L3,,
EV005127,E04266,hire,2025-05-07,2025-05,,D02,,L4,,
EV005128,E04267,hire,2025-05-21,2025-05,,D02,,L2,,
EV005129,E04268,hire,2025-05-28,2025-05,,D06,,L2,,
EV005130,E04269,hire,2025-05-11,2025-05,,D03,,L2,,
EV005131,E04270,hire,2025-05-19,2025-05,,D11,,L3,,
EV005132,E04271,hire,2025-05-25,2025-05,,D12,,L1,,
EV005133,E04272,hire,2025-05-04,2025-05,,D01,,L1,,
EV005134,E04273,hire,2025-05-01,2025-05,,D02,,L4,,
EV005135,E04274,hire,2025-05-11,2025-05,,D02,,L1,,
EV005136,E04275,hire,2025-05-23,2025-05,,D01,,L4,,
EV005137,E04276,hire,2025-05-23,2025-05,,D01,,L1,,
EV005138,E04277,hire,2025-05-30,2025-05,,D01,,L4,,
EV005139,E04278,hire,2025-05-22,2025-05,,D11,,L2,,
EV005140,E04279,hire,2025-05-20,2025-05,,D03,,L5,,
EV005141,E04280,hire,2025-05-28,2025-05,,D10,,L4,,
EV005142,E04281,hire,2025-05-16,2025-05,,D02,,L1,,
EV005143,E04282,hire,2025-05-31,2025-05,,D01,,L2,,
EV005144,E04283,hire,2025-05-16,2025-05,,D02,,L4,,
EV005145,E04284,hire,2025-05-04,2025-05,,D01,,L5,,
EV005146,E04285,hire,2025-05-24,2025-05,,D06,,L4,,
EV005147,E04286,hire,2025-05-09,2025-05,,D07,,L4,,
EV005148,E04287,hire,2025-05-31,2025-05,,D02,,L4,,
EV005149,E04288,hire,2025-05-08,2025-05,,D01,,L4,,
EV005150,E04289,hire,2025-05-03,2025-05,,D02,,L2,,
EV005151,E04290,hire,2025-05-15,2025-05,,D09,,L2,,
EV005152,E04291,hire,2025-05-03,2025-05,,D02,,L1,,
EV005153,E04292,hire,2025-05-03,2025-05,,D01,,L1,,
EV005154,E04293,hire,2025-05-26,2025-05,,D08,,L1,,
EV005155,E04294,hire,2025-05-07,2025-05,,D12,,L3,,
EV005156,E04295,hire,2025-05-07,2025-05,,D04,,L4,,
EV005157,E04296,hire,2025-05-28,2025-05,,D04,,L7,,
EV005158,E04297,hire,2025-05-04,2025-05,,D04,,L2,,
EV005159,E04298,hire,2025-05-18,2025-05,,D01,,L1,,
EV005160,E04299,hire,2025-05-18,2025-05,,D12,,L2,,
EV005161,E04300,hire,2025-05-30,2025-05,,D02,,L3,,
EV005162,E04301,hire,2025-05-12,2025-05,,D12,,L2,,
EV005163,E04302,hire,2025-05-31,2025-05,,D12,,L5,,
EV005164,E04303,hire,2025-05-01,2025-05,,D01,,L2,,
EV005165,E04304,hire,2025-05-14,2025-05,,D01,,L1,,
EV005166,E04305,hire,2025-05-08,2025-05,,D01,,L2,,
EV005167,E04306,hire,2025-05-23,2025-05,,D11,,L4,,
EV005168,E04307,hire,2025-05-01,2025-05,,D08,,L5,,
EV005169,E04308,hire,2025-05-26,2025-05,,D03,,L2,,
EV005170,E02338,transfer,2025-05-27,2025-05,D09,D05,L2,L2,,
EV005171,E02823,transfer,2025-05-01,2025-05,D01,D05,L1,L1,,
EV005172,E03658,transfer,2025-05-17,2025-05,D08,D01,L1,L1,,
EV005173,E02989,transfer,2025-05-31,2025-05,D01,D05,L3,L3,,
EV005174,E00221,transfer,2025-05-19,2025-05,D09,D08,L1,L1,,
EV005175,E00843,transfer,2025-05-10,2025-05,D03,D10,L2,L2,,
EV005176,E03669,transfer,2025-05-26,2025-05,D12,D01,L1,L1,,
EV005177,E01610,transfer,2025-05-20,2025-05,D06,D07,L4,L4,,
EV005178,E00872,transfer,2025-05-09,2025-05,D04,D03,L3,L3,,
EV005179,E00848,transfer,2025-05-01,2025-05,D01,D11,L2,L2,,
EV005180,E01443,transfer,2025-05-29,2025-05,D06,D03,L3,L3,,
EV005181,E01103,transfer,2025-05-04,2025-05,D05,D02,L4,L4,,
EV005182,E03665,transfer,2025-05-26,2025-05,D02,D05,L2,L2,,
EV005183,E00801,transfer,2025-05-27,2025-05,D04,D02,L3,L3,,
EV005184,E00834,transfer,2025-05-16,2025-05,D03,D04,L4,L4,,
EV005185,E03123,transfer,2025-05-28,2025-05,D08,D02,L1,L1,,
EV005186,E02366,transfer,2025-05-11,2025-05,D11,D03,L2,L2,,
EV005187,E00555,transfer,2025-05-10,2025-05,D09,D02,L6,L6,,
EV005188,E03248,transfer,2025-05-22,2025-05,D01,D06,L3,L3,,
EV005189,E01302,transfer,2025-05-08,2025-05,D01,D09,L1,L1,,
EV005190,E00326,transfer,2025-05-02,2025-05,D01,D12,L1,L1,,
EV005191,E02933,transfer,2025-05-11,2025-05,D01,D04,L2,L2,,
EV005192,E02155,transfer,2025-05-29,2025-05,D01,D09,L1,L1,,
EV005193,E01010,transfer,2025-05-21,2025-05,D03,D01,L4,L4,,
EV005194,E01444,transfer,2025-05-25,2025-05,D01,D06,L1,L1,,
EV005195,E00618,transfer,2025-05-09,2025-05,D01,D06,L4,L4,,
EV005196,E04270,promotion,2025-05-29,2025-05,D11,D11,L3,L4,,
EV005197,E01498,promotion,2025-05-08,2025-05,D04,D04,L2,L3,,
EV005198,E04120,promotion,2025-05-23,2025-05,D01,D01,L3,L4,,
EV005199,E00280,promotion,2025-05-21,2025-05,D01,D01,L3,L4,,
EV005200,E04034,promotion,2025-05-05,2025-05,D09,D09,L1,L2,,
EV005201,E00791,promotion,2025-05-31,2025-05,D03,D03,L2,L3,,
EV005202,E02440,promotion,2025-05-23,2025-05,D10,D10,L1,L2,,
EV005203,E04169,promotion,2025-05-04,2025-05,D12,D12,L6,L7,,
EV005204,E04047,promotion,2025-05-27,2025-05,D12,D12,L3,L4,,
EV005205,E00134,salary_adjust,2025-05-22,2025-05,D03,D03,L4,L4,,5.22%
EV005206,E03005,salary_adjust,2025-05-03,2025-05,D09,D09,L1,L1,,3.94%
EV005207,E01772,salary_adjust,2025-05-16,2025-05,D10,D10,L6,L6,,9.95%
EV005208,E03916,salary_adjust,2025-05-17,2025-05,D05,D05,L1,L1,,6.09%
EV005209,E01959,salary_adjust,2025-05-07,2025-05,D03,D03,L4,L4,,7.10%
EV005210,E02176,salary_adjust,2025-05-12,2025-05,D01,D01,L2,L2,,6.48%
EV005211,E01882,salary_adjust,2025-05-12,2025-05,D03,D03,L3,L3,,10.68%
EV005212,E01143,salary_adjust,2025-05-18,2025-05,D03,D03,L1,L1,,7.55%
EV005213,E03174,salary_adjust,2025-05-05,2025-05,D03,D03,L3,L3,,5.70%
EV005214,E01217,salary_adjust,2025-05-17,2025-05,D09,D09,L4,L4,,9.07%
EV005215,E04097,salary_adjust,2025-05-17,2025-05,D03,D03,L6,L6,,11.81%
EV005216,E02987,salary_adjust,2025-05-14,2025-05,D01,D01,L5,L5,,6.78%
EV005217,E00803,salary_adjust,2025-05-08,2025-05,D01,D01,L4,L4,,11.89%
EV005218,E00321,salary_adjust,2025-05-07,2025-05,D01,D01,L1,L1,,11.56%
EV005219,E00444,salary_adjust,2025-05-29,2025-05,D04,D04,L6,L6,,7.25%
EV005220,E02946,salary_adjust,2025-05-17,2025-05,D07,D07,L3,L3,,3.95%
EV005221,E02149,salary_adjust,2025-05-03,2025-05,D01,D01,L4,L4,,10.33%
EV005222,E00010,salary_adjust,2025-05-28,2025-05,D02,D02,L4,L4,,5.48%
EV005223,E01310,salary_adjust,2025-05-26,2025-05,D06,D06,L4,L4,,10.64%
EV005224,E01110,salary_adjust,2025-05-26,2025-05,D11,D11,L1,L1,,5.02%
EV005225,E02104,salary_adjust,2025-05-04,2025-05,D03,D03,L2,L2,,8.63%
EV005226,E00851,salary_adjust,2025-05-14,2025-05,D01,D01,L2,L2,,10.27%
EV005227,E00067,salary_adjust,2025-05-19,2025-05,D02,D02,L2,L2,,9.44%
EV005228,E03747,salary_adjust,2025-05-27,2025-05,D06,D06,L4,L4,,4.83%
EV005229,E04176,salary_adjust,2025-05-05,2025-05,D03,D03,L2,L2,,5.91%
EV005230,E01480,salary_adjust,2025-05-23,2025-05,D02,D02,L4,L4,,7.66%
EV005231,E04031,salary_adjust,2025-05-02,2025-05,D04,D04,L2,L2,,8.16%
EV005232,E01917,salary_adjust,2025-05-25,2025-05,D03,D03,L1,L1,,11.30%
EV005233,E03790,salary_adjust,2025-05-06,2025-05,D04,D04,L6,L6,,7.50%
EV005234,E03807,salary_adjust,2025-05-16,2025-05,D09,D09,L5,L5,,11.74%
EV005235,E00200,salary_adjust,2025-05-21,2025-05,D01,D01,L3,L3,,8.15%
EV005236,E04000,salary_adjust,2025-05-30,2025-05,D10,D10,L4,L4,,6.45%
EV005237,E01857,salary_adjust,2025-05-25,2025-05,D07,D07,L1,L1,,7.44%
EV005238,E03598,salary_adjust,2025-05-27,2025-05,D02,D02,L2,L2,,7.30%
EV005239,E01714,salary_adjust,2025-05-25,2025-05,D07,D07,L1,L1,,4.64%
EV005240,E02441,salary_adjust,2025-05-21,2025-05,D01,D01,L4,L4,,3.05%
EV005241,E00431,salary_adjust,2025-05-17,2025-05,D05,D05,L3,L3,,11.85%
EV005242,E04090,salary_adjust,2025-05-21,2025-05,D08,D08,L7,L7,,9.26%
EV005243,E00188,leave,2025-06-03,2025-06,D02,,L2,,R03,vol
EV005244,E03437,leave,2025-06-16,2025-06,D03,,L1,,R05,vol
EV005245,E01229,leave,2025-06-08,2025-06,D11,,L3,,R03,vol
EV005246,E00221,leave,2025-06-25,2025-06,D08,,L1,,R05,vol
EV005247,E04292,leave,2025-06-13,2025-06,D01,,L1,,R05,vol
EV005248,E04124,leave,2025-06-07,2025-06,D01,,L2,,R03,vol
EV005249,E01318,leave,2025-06-03,2025-06,D01,,L4,,R02,vol
EV005250,E04104,leave,2025-06-05,2025-06,D03,,L1,,R01,vol
EV005251,E00993,leave,2025-06-10,2025-06,D08,,L1,,R03,vol
EV005252,E04186,leave,2025-06-09,2025-06,D03,,L2,,R06,invol
EV005253,E04133,leave,2025-06-10,2025-06,D11,,L5,,R06,invol
EV005254,E02070,leave,2025-06-26,2025-06,D11,,L5,,R02,vol
EV005255,E01108,leave,2025-06-10,2025-06,D01,,L1,,R02,vol
EV005256,E04118,leave,2025-06-14,2025-06,D06,,L3,,R03,vol
EV005257,E03969,leave,2025-06-01,2025-06,D02,,L2,,R06,invol
EV005258,E02068,leave,2025-06-04,2025-06,D01,,L1,,R02,vol
EV005259,E04059,leave,2025-06-28,2025-06,D02,,L4,,R03,vol
EV005260,E00929,leave,2025-06-07,2025-06,D08,,L1,,R03,vol
EV005261,E04258,leave,2025-06-02,2025-06,D04,,L2,,R06,invol
EV005262,E01062,leave,2025-06-19,2025-06,D01,,L3,,R03,vol
EV005263,E00466,leave,2025-06-07,2025-06,D01,,L1,,R01,vol
EV005264,E04198,leave,2025-06-21,2025-06,D03,,L2,,R01,vol
EV005265,E03548,leave,2025-06-14,2025-06,D02,,L4,,R02,vol
EV005266,E02601,leave,2025-06-30,2025-06,D01,,L2,,R03,vol
EV005267,E03604,leave,2025-06-04,2025-06,D02,,L2,,R01,vol
EV005268,E01728,leave,2025-06-06,2025-06,D11,,L4,,R05,vol
EV005269,E01425,leave,2025-06-07,2025-06,D01,,L4,,R04,vol
EV005270,E02303,leave,2025-06-08,2025-06,D03,,L1,,R01,vol
EV005271,E00995,leave,2025-06-16,2025-06,D06,,L7,,R02,vol
EV005272,E01312,leave,2025-06-19,2025-06,D01,,L2,,R05,vol
EV005273,E00585,leave,2025-06-02,2025-06,D01,,L2,,R01,vol
EV005274,E01195,leave,2025-06-30,2025-06,D11,,L3,,R03,vol
EV005275,E01157,leave,2025-06-29,2025-06,D06,,L4,,R04,vol
EV005276,E03154,leave,2025-06-21,2025-06,D01,,L1,,R04,vol
EV005277,E03481,leave,2025-06-23,2025-06,D01,,L1,,R02,vol
EV005278,E01233,leave,2025-06-23,2025-06,D10,,L5,,R02,vol
EV005279,E04034,leave,2025-06-05,2025-06,D09,,L2,,R06,invol
EV005280,E03680,leave,2025-06-05,2025-06,D11,,L3,,R01,vol
EV005281,E03188,leave,2025-06-28,2025-06,D06,,L2,,R01,vol
EV005282,E01143,leave,2025-06-22,2025-06,D03,,L1,,R01,vol
EV005283,E02149,leave,2025-06-20,2025-06,D01,,L4,,R04,vol
EV005284,E03195,leave,2025-06-15,2025-06,D05,,L2,,R01,vol
EV005285,E00588,leave,2025-06-23,2025-06,D05,,L1,,R02,vol
EV005286,E00827,leave,2025-06-02,2025-06,D01,,L3,,R02,vol
EV005287,E04023,leave,2025-06-23,2025-06,D11,,L2,,R02,vol
EV005288,E03005,leave,2025-06-26,2025-06,D09,,L1,,R04,vol
EV005289,E01447,leave,2025-06-07,2025-06,D06,,L5,,R01,vol
EV005290,E03991,leave,2025-06-21,2025-06,D04,,L2,,R02,vol
EV005291,E01635,leave,2025-06-11,2025-06,D12,,L1,,R01,vol
EV005292,E00831,leave,2025-06-20,2025-06,D06,,L3,,R02,vol
EV005293,E00856,leave,2025-06-20,2025-06,D02,,L6,,R02,vol
EV005294,E01291,leave,2025-06-07,2025-06,D06,,L1,,R01,vol
EV005295,E01928,leave,2025-06-17,2025-06,D01,,L3,,R01,vol
EV005296,E02194,leave,2025-06-28,2025-06,D05,,L2,,R01,vol
EV005297,E03330,leave,2025-06-27,2025-06,D01,,L4,,R02,vol
EV005298,E03015,leave,2025-06-16,2025-06,D07,,L4,,R07,invol
EV005299,E01981,leave,2025-06-10,2025-06,D06,,L5,,R07,invol
EV005300,E02444,leave,2025-06-29,2025-06,D04,,L4,,R09,invol
EV005301,E00622,leave,2025-06-10,2025-06,D04,,L3,,R07,invol
EV005302,E03846,leave,2025-06-06,2025-06,D03,,L6,,R08,invol
EV005303,E00214,leave,2025-06-13,2025-06,D07,,L1,,R09,invol
EV005304,E01685,leave,2025-06-13,2025-06,D03,,L3,,R06,invol
EV005305,E02971,leave,2025-06-02,2025-06,D11,,L7,,R07,invol
EV005306,E02206,leave,2025-06-13,2025-06,D02,,L3,,R08,invol
EV005307,E02685,leave,2025-06-10,2025-06,D01,,L3,,R06,invol
EV005308,E01302,leave,2025-06-01,2025-06,D09,,L1,,R08,invol
EV005309,E02261,leave,2025-06-27,2025-06,D03,,L2,,R08,invol
EV005310,E00315,leave,2025-06-23,2025-06,D06,,L1,,R07,invol
EV005311,E00702,leave,2025-06-27,2025-06,D01,,L1,,R07,invol
EV005312,E02532,leave,2025-06-22,2025-06,D01,,L3,,R08,invol
EV005313,E01051,leave,2025-06-18,2025-06,D02,,L4,,R06,invol
EV005314,E02253,leave,2025-06-29,2025-06,D05,,L3,,R06,invol
EV005315,E02730,leave,2025-06-21,2025-06,D03,,L1,,R07,invol
EV005316,E01043,leave,2025-06-06,2025-06,D01,,L2,,R06,invol
EV005317,E00841,leave,2025-06-09,2025-06,D01,,L6,,R06,invol
EV005318,E01983,leave,2025-06-19,2025-06,D01,,L3,,R09,invol
EV005319,E01236,leave,2025-06-13,2025-06,D08,,L6,,R06,invol
EV005320,E03511,leave,2025-06-23,2025-06,D10,,L3,,R08,invol
EV005321,E03649,leave,2025-06-24,2025-06,D02,,L3,,R08,invol
EV005322,E03656,leave,2025-06-04,2025-06,D06,,L1,,R07,invol
EV005323,E03427,leave,2025-06-26,2025-06,D01,,L2,,R07,invol
EV005324,E02455,leave,2025-06-04,2025-06,D01,,L7,,R08,invol
EV005325,E03694,leave,2025-06-12,2025-06,D10,,L1,,R06,invol
EV005326,E03111,leave,2025-06-14,2025-06,D12,,L1,,R07,invol
EV005327,E01200,leave,2025-06-16,2025-06,D03,,L1,,R06,invol
EV005328,E03123,leave,2025-06-25,2025-06,D02,,L1,,R08,invol
EV005329,E00783,leave,2025-06-26,2025-06,D06,,L4,,R06,invol
EV005330,E02334,leave,2025-06-04,2025-06,D04,,L2,,R07,invol
EV005331,E02865,leave,2025-06-14,2025-06,D04,,L3,,R08,invol
EV005332,E04031,leave,2025-06-09,2025-06,D04,,L2,,R06,invol
EV005333,E00564,leave,2025-06-03,2025-06,D12,,L5,,R07,invol
EV005334,E01499,leave,2025-06-05,2025-06,D07,,L3,,R06,invol
EV005335,E04309,hire,2025-06-29,2025-06,,D11,,L5,,
EV005336,E04310,hire,2025-06-03,2025-06,,D11,,L4,,
EV005337,E04311,hire,2025-06-22,2025-06,,D01,,L2,,
EV005338,E04312,hire,2025-06-13,2025-06,,D01,,L3,,
EV005339,E04313,hire,2025-06-10,2025-06,,D01,,L1,,
EV005340,E04314,hire,2025-06-03,2025-06,,D09,,L4,,
EV005341,E04315,hire,2025-06-11,2025-06,,D12,,L1,,
EV005342,E04316,hire,2025-06-11,2025-06,,D01,,L3,,
EV005343,E04317,hire,2025-06-23,2025-06,,D08,,L2,,
EV005344,E04318,hire,2025-06-21,2025-06,,D01,,L1,,
EV005345,E04319,hire,2025-06-10,2025-06,,D01,,L2,,
EV005346,E04320,hire,2025-06-12,2025-06,,D07,,L1,,
EV005347,E04321,hire,2025-06-27,2025-06,,D05,,L1,,
EV005348,E04322,hire,2025-06-08,2025-06,,D07,,L4,,
EV005349,E04323,hire,2025-06-15,2025-06,,D06,,L2,,
EV005350,E04324,hire,2025-06-13,2025-06,,D05,,L2,,
EV005351,E04325,hire,2025-06-09,2025-06,,D04,,L1,,
EV005352,E04326,hire,2025-06-21,2025-06,,D08,,L7,,
EV005353,E04327,hire,2025-06-16,2025-06,,D01,,L5,,
EV005354,E04328,hire,2025-06-20,2025-06,,D02,,L2,,
EV005355,E04329,hire,2025-06-03,2025-06,,D04,,L1,,
EV005356,E04330,hire,2025-06-02,2025-06,,D02,,L1,,
EV005357,E04331,hire,2025-06-07,2025-06,,D08,,L3,,
EV005358,E04332,hire,2025-06-23,2025-06,,D01,,L2,,
EV005359,E04333,hire,2025-06-08,2025-06,,D01,,L3,,
EV005360,E04334,hire,2025-06-17,2025-06,,D11,,L1,,
EV005361,E04335,hire,2025-06-27,2025-06,,D03,,L1,,
EV005362,E04336,hire,2025-06-22,2025-06,,D08,,L1,,
EV005363,E04337,hire,2025-06-15,2025-06,,D01,,L3,,
EV005364,E04338,hire,2025-06-02,2025-06,,D02,,L4,,
EV005365,E04339,hire,2025-06-13,2025-06,,D01,,L6,,
EV005366,E04340,hire,2025-06-15,2025-06,,D06,,L1,,
EV005367,E04341,hire,2025-06-13,2025-06,,D01,,L6,,
EV005368,E04342,hire,2025-06-29,2025-06,,D11,,L6,,
EV005369,E04343,hire,2025-06-03,2025-06,,D12,,L2,,
EV005370,E04344,hire,2025-06-23,2025-06,,D04,,L1,,
EV005371,E04345,hire,2025-06-23,2025-06,,D06,,L4,,
EV005372,E04346,hire,2025-06-08,2025-06,,D06,,L2,,
EV005373,E04347,hire,2025-06-07,2025-06,,D01,,L1,,
EV005374,E04348,hire,2025-06-23,2025-06,,D01,,L1,,
EV005375,E04349,hire,2025-06-22,2025-06,,D03,,L1,,
EV005376,E04350,hire,2025-06-05,2025-06,,D01,,L1,,
EV005377,E04351,hire,2025-06-28,2025-06,,D01,,L1,,
EV005378,E04352,hire,2025-06-19,2025-06,,D02,,L5,,
EV005379,E04353,hire,2025-06-01,2025-06,,D12,,L3,,
EV005380,E04354,hire,2025-06-25,2025-06,,D08,,L5,,
EV005381,E04355,hire,2025-06-28,2025-06,,D07,,L4,,
EV005382,E04356,hire,2025-06-29,2025-06,,D11,,L3,,
EV005383,E04357,hire,2025-06-26,2025-06,,D01,,L5,,
EV005384,E04358,hire,2025-06-25,2025-06,,D02,,L1,,
EV005385,E04359,hire,2025-06-11,2025-06,,D06,,L2,,
EV005386,E04360,hire,2025-06-04,2025-06,,D05,,L1,,
EV005387,E04361,hire,2025-06-25,2025-06,,D01,,L5,,
EV005388,E04362,hire,2025-06-24,2025-06,,D08,,L1,,
EV005389,E04363,hire,2025-06-06,2025-06,,D09,,L3,,
EV005390,E04364,hire,2025-06-29,2025-06,,D01,,L2,,
EV005391,E04365,hire,2025-06-07,2025-06,,D08,,L5,,
EV005392,E04366,hire,2025-06-09,2025-06,,D03,,L2,,
EV005393,E04367,hire,2025-06-25,2025-06,,D01,,L1,,
EV005394,E04368,hire,2025-06-12,2025-06,,D07,,L3,,
EV005395,E04369,hire,2025-06-23,2025-06,,D02,,L3,,
EV005396,E04370,hire,2025-06-21,2025-06,,D06,,L4,,
EV005397,E04371,hire,2025-06-13,2025-06,,D03,,L1,,
EV005398,E04372,hire,2025-06-12,2025-06,,D08,,L4,,
EV005399,E04373,hire,2025-06-30,2025-06,,D09,,L3,,
EV005400,E04374,hire,2025-06-16,2025-06,,D01,,L2,,
EV005401,E04375,hire,2025-06-13,2025-06,,D01,,L1,,
EV005402,E04376,hire,2025-06-17,2025-06,,D03,,L3,,
EV005403,E04377,hire,2025-06-29,2025-06,,D05,,L1,,
EV005404,E04378,hire,2025-06-25,2025-06,,D05,,L5,,
EV005405,E04379,hire,2025-06-20,2025-06,,D06,,L1,,
EV005406,E04380,hire,2025-06-17,2025-06,,D03,,L2,,
EV005407,E04381,hire,2025-06-24,2025-06,,D05,,L6,,
EV005408,E04382,hire,2025-06-10,2025-06,,D01,,L1,,
EV005409,E04383,hire,2025-06-17,2025-06,,D01,,L2,,
EV005410,E04384,hire,2025-06-30,2025-06,,D10,,L3,,
EV005411,E04385,hire,2025-06-19,2025-06,,D11,,L4,,
EV005412,E04386,hire,2025-06-19,2025-06,,D03,,L4,,
EV005413,E04387,hire,2025-06-11,2025-06,,D05,,L3,,
EV005414,E04388,hire,2025-06-19,2025-06,,D11,,L5,,
EV005415,E04389,hire,2025-06-28,2025-06,,D04,,L2,,
EV005416,E04390,hire,2025-06-02,2025-06,,D02,,L5,,
EV005417,E04391,hire,2025-06-05,2025-06,,D12,,L1,,
EV005418,E04392,hire,2025-06-25,2025-06,,D03,,L1,,
EV005419,E04393,hire,2025-06-14,2025-06,,D04,,L5,,
EV005420,E04394,hire,2025-06-14,2025-06,,D06,,L1,,
EV005421,E04395,hire,2025-06-01,2025-06,,D02,,L2,,
EV005422,E04396,hire,2025-06-12,2025-06,,D02,,L6,,
EV005423,E04397,hire,2025-06-09,2025-06,,D01,,L1,,
EV005424,E04398,hire,2025-06-05,2025-06,,D11,,L3,,
EV005425,E04399,hire,2025-06-21,2025-06,,D02,,L1,,
EV005426,E04400,hire,2025-06-09,2025-06,,D01,,L5,,
EV005427,E04401,hire,2025-06-13,2025-06,,D01,,L5,,
EV005428,E04402,hire,2025-06-01,2025-06,,D03,,L4,,
EV005429,E04403,hire,2025-06-03,2025-06,,D03,,L5,,
EV005430,E04404,hire,2025-06-24,2025-06,,D03,,L4,,
EV005431,E04405,hire,2025-06-11,2025-06,,D11,,L1,,
EV005432,E04406,hire,2025-06-18,2025-06,,D11,,L2,,
EV005433,E04407,hire,2025-06-09,2025-06,,D01,,L4,,
EV005434,E04408,hire,2025-06-07,2025-06,,D02,,L5,,
EV005435,E04409,hire,2025-06-27,2025-06,,D05,,L4,,
EV005436,E04410,hire,2025-06-16,2025-06,,D03,,L5,,
EV005437,E04411,hire,2025-06-01,2025-06,,D01,,L1,,
EV005438,E04412,hire,2025-06-09,2025-06,,D09,,L1,,
EV005439,E04413,hire,2025-06-03,2025-06,,D01,,L3,,
EV005440,E04414,hire,2025-06-28,2025-06,,D10,,L5,,
EV005441,E04415,hire,2025-06-29,2025-06,,D03,,L1,,
EV005442,E04416,hire,2025-06-08,2025-06,,D01,,L1,,
EV005443,E04417,hire,2025-06-26,2025-06,,D07,,L4,,
EV005444,E04418,hire,2025-06-21,2025-06,,D03,,L2,,
EV005445,E04419,hire,2025-06-03,2025-06,,D04,,L3,,
EV005446,E04420,hire,2025-06-27,2025-06,,D11,,L3,,
EV005447,E04421,hire,2025-06-16,2025-06,,D06,,L2,,
EV005448,E04422,hire,2025-06-04,2025-06,,D09,,L4,,
EV005449,E04423,hire,2025-06-05,2025-06,,D01,,L4,,
EV005450,E04424,hire,2025-06-19,2025-06,,D05,,L1,,
EV005451,E04425,hire,2025-06-15,2025-06,,D01,,L3,,
EV005452,E04426,hire,2025-06-07,2025-06,,D01,,L4,,
EV005453,E04427,hire,2025-06-17,2025-06,,D06,,L2,,
EV005454,E04428,hire,2025-06-24,2025-06,,D01,,L2,,
EV005455,E04429,hire,2025-06-08,2025-06,,D04,,L3,,
EV005456,E04430,hire,2025-06-14,2025-06,,D02,,L2,,
EV005457,E04431,hire,2025-06-15,2025-06,,D02,,L3,,
EV005458,E04432,hire,2025-06-29,2025-06,,D12,,L1,,
EV005459,E04433,hire,2025-06-12,2025-06,,D01,,L6,,
EV005460,E04434,hire,2025-06-26,2025-06,,D01,,L6,,
EV005461,E04435,hire,2025-06-28,2025-06,,D01,,L1,,
EV005462,E04436,hire,2025-06-03,2025-06,,D03,,L2,,
EV005463,E04437,hire,2025-06-24,2025-06,,D08,,L2,,
EV005464,E04438,hire,2025-06-19,2025-06,,D01,,L3,,
EV005465,E04439,hire,2025-06-20,2025-06,,D10,,L1,,
EV005466,E04440,hire,2025-06-21,2025-06,,D03,,L1,,
EV005467,E04441,hire,2025-06-07,2025-06,,D03,,L2,,
EV005468,E04442,hire,2025-06-09,2025-06,,D05,,L3,,
EV005469,E04443,hire,2025-06-27,2025-06,,D12,,L1,,
EV005470,E04444,hire,2025-06-25,2025-06,,D05,,L6,,
EV005471,E04445,hire,2025-06-22,2025-06,,D01,,L3,,
EV005472,E04446,hire,2025-06-19,2025-06,,D08,,L2,,
EV005473,E04447,hire,2025-06-15,2025-06,,D02,,L5,,
EV005474,E04448,hire,2025-06-25,2025-06,,D04,,L1,,
EV005475,E04449,hire,2025-06-07,2025-06,,D04,,L1,,
EV005476,E04450,hire,2025-06-24,2025-06,,D01,,L3,,
EV005477,E04451,hire,2025-06-16,2025-06,,D04,,L2,,
EV005478,E04452,hire,2025-06-04,2025-06,,D03,,L2,,
EV005479,E04453,hire,2025-06-17,2025-06,,D03,,L1,,
EV005480,E04454,hire,2025-06-11,2025-06,,D03,,L5,,
EV005481,E01866,transfer,2025-06-05,2025-06,D01,D03,L4,L4,,
EV005482,E02417,transfer,2025-06-23,2025-06,D01,D06,L4,L4,,
EV005483,E04411,transfer,2025-06-15,2025-06,D01,D03,L1,L1,,
EV005484,E01369,transfer,2025-06-12,2025-06,D03,D10,L5,L5,,
EV005485,E02380,transfer,2025-06-14,2025-06,D01,D06,L1,L1,,
EV005486,E03735,transfer,2025-06-21,2025-06,D01,D11,L4,L4,,
EV005487,E01156,transfer,2025-06-14,2025-06,D08,D01,L3,L3,,
EV005488,E01811,transfer,2025-06-08,2025-06,D02,D01,L3,L3,,
EV005489,E01864,transfer,2025-06-05,2025-06,D02,D03,L3,L3,,
EV005490,E01205,transfer,2025-06-19,2025-06,D01,D11,L1,L1,,
EV005491,E00658,transfer,2025-06-01,2025-06,D11,D12,L2,L2,,
EV005492,E00439,transfer,2025-06-19,2025-06,D04,D08,L1,L1,,
EV005493,E02956,transfer,2025-06-20,2025-06,D06,D08,L1,L1,,
EV005494,E02984,transfer,2025-06-02,2025-06,D01,D03,L6,L6,,
EV005495,E03545,transfer,2025-06-06,2025-06,D05,D01,L4,L4,,
EV005496,E02783,transfer,2025-06-29,2025-06,D02,D04,L4,L4,,
EV005497,E02470,transfer,2025-06-08,2025-06,D01,D06,L1,L1,,
EV005498,E02731,transfer,2025-06-21,2025-06,D01,D02,L1,L1,,
EV005499,E01423,transfer,2025-06-07,2025-06,D08,D12,L1,L1,,
EV005500,E01783,transfer,2025-06-12,2025-06,D12,D01,L5,L5,,
EV005501,E03733,transfer,2025-06-03,2025-06,D05,D02,L1,L1,,
EV005502,E01893,transfer,2025-06-07,2025-06,D12,D06,L1,L1,,
EV005503,E00695,transfer,2025-06-02,2025-06,D03,D02,L1,L1,,
EV005504,E00707,transfer,2025-06-23,2025-06,D01,D02,L3,L3,,
EV005505,E00583,transfer,2025-06-28,2025-06,D12,D06,L1,L1,,
EV005506,E00920,transfer,2025-06-30,2025-06,D09,D03,L6,L6,,
EV005507,E01354,transfer,2025-06-22,2025-06,D05,D06,L1,L1,,
EV005508,E02188,promotion,2025-06-01,2025-06,D12,D12,L1,L2,,
EV005509,E03058,promotion,2025-06-09,2025-06,D05,D05,L1,L2,,
EV005510,E00336,promotion,2025-06-12,2025-06,D05,D05,L1,L2,,
EV005511,E01896,promotion,2025-06-27,2025-06,D01,D01,L3,L4,,
EV005512,E01512,promotion,2025-06-19,2025-06,D12,D12,L2,L3,,
EV005513,E01939,promotion,2025-06-15,2025-06,D01,D01,L2,L3,,
EV005514,E02302,promotion,2025-06-08,2025-06,D11,D11,L4,L5,,
EV005515,E03475,promotion,2025-06-14,2025-06,D09,D09,L3,L4,,
EV005516,E00731,promotion,2025-06-20,2025-06,D11,D11,L5,L6,,
EV005517,E00069,promotion,2025-06-14,2025-06,D11,D11,L1,L2,,
EV005518,E04190,promotion,2025-06-28,2025-06,D01,D01,L1,L2,,
EV005519,E03130,promotion,2025-06-02,2025-06,D03,D03,L4,L5,,
EV005520,E01217,promotion,2025-06-16,2025-06,D09,D09,L4,L5,,
EV005521,E00551,promotion,2025-06-12,2025-06,D01,D01,L4,L5,,
EV005522,E02530,promotion,2025-06-20,2025-06,D02,D02,L2,L3,,
EV005523,E01344,salary_adjust,2025-06-19,2025-06,D03,D03,L1,L1,,6.48%
EV005524,E01598,salary_adjust,2025-06-03,2025-06,D07,D07,L1,L1,,9.27%
EV005525,E02837,salary_adjust,2025-06-06,2025-06,D06,D06,L3,L3,,6.10%
EV005526,E02928,salary_adjust,2025-06-26,2025-06,D07,D07,L2,L2,,8.00%
EV005527,E03107,salary_adjust,2025-06-13,2025-06,D01,D01,L4,L4,,11.69%
EV005528,E01935,salary_adjust,2025-06-12,2025-06,D03,D03,L3,L3,,5.00%
EV005529,E04331,salary_adjust,2025-06-21,2025-06,D08,D08,L3,L3,,4.95%
EV005530,E01538,salary_adjust,2025-06-22,2025-06,D01,D01,L1,L1,,8.56%
EV005531,E00485,salary_adjust,2025-06-27,2025-06,D04,D04,L3,L3,,10.32%
EV005532,E01803,salary_adjust,2025-06-05,2025-06,D02,D02,L1,L1,,8.81%
EV005533,E03823,salary_adjust,2025-06-27,2025-06,D04,D04,L4,L4,,11.66%
EV005534,E00054,salary_adjust,2025-06-11,2025-06,D02,D02,L4,L4,,4.40%
EV005535,E03678,salary_adjust,2025-06-21,2025-06,D06,D06,L6,L6,,8.46%
EV005536,E04269,salary_adjust,2025-06-23,2025-06,D03,D03,L2,L2,,9.12%
EV005537,E00548,salary_adjust,2025-06-21,2025-06,D03,D03,L3,L3,,8.37%
EV005538,E01805,salary_adjust,2025-06-17,2025-06,D03,D03,L3,L3,,7.29%
EV005539,E00846,salary_adjust,2025-06-30,2025-06,D02,D02,L1,L1,,8.56%
EV005540,E01197,salary_adjust,2025-06-19,2025-06,D07,D07,L3,L3,,7.71%
EV005541,E01253,salary_adjust,2025-06-06,2025-06,D05,D05,L3,L3,,5.10%
EV005542,E00008,salary_adjust,2025-06-26,2025-06,D03,D03,L1,L1,,6.17%
EV005543,E03731,salary_adjust,2025-06-02,2025-06,D01,D01,L3,L3,,6.97%
EV005544,E04315,salary_adjust,2025-06-23,2025-06,D12,D12,L1,L1,,9.38%
EV005545,E04120,salary_adjust,2025-06-26,2025-06,D01,D01,L4,L4,,8.21%
EV005546,E02937,salary_adjust,2025-06-07,2025-06,D01,D01,L1,L1,,6.48%
EV005547,E04440,salary_adjust,2025-06-18,2025-06,D03,D03,L1,L1,,3.41%
EV005548,E02782,salary_adjust,2025-06-08,2025-06,D02,D02,L2,L2,,3.28%
EV005549,E01428,salary_adjust,2025-06-08,2025-06,D11,D11,L2,L2,,4.86%
EV005550,E02686,salary_adjust,2025-06-21,2025-06,D02,D02,L6,L6,,7.47%
EV005551,E01950,salary_adjust,2025-06-07,2025-06,D04,D04,L4,L4,,7.47%
EV005552,E04097,salary_adjust,2025-06-30,2025-06,D03,D03,L6,L6,,11.13%
EV005553,E03798,salary_adjust,2025-06-28,2025-06,D01,D01,L1,L1,,10.26%
EV005554,E00029,salary_adjust,2025-06-05,2025-06,D01,D01,L2,L2,,6.68%
EV005555,E02320,salary_adjust,2025-06-18,2025-06,D01,D01,L1,L1,,10.03%
EV005556,E00642,salary_adjust,2025-06-15,2025-06,D04,D04,L2,L2,,6.12%
EV005557,E00626,salary_adjust,2025-06-07,2025-06,D05,D05,L1,L1,,5.37%
EV005558,E01218,salary_adjust,2025-06-16,2025-06,D01,D01,L2,L2,,10.01%
EV005559,E01577,salary_adjust,2025-06-07,2025-06,D01,D01,L3,L3,,9.94%
EV005560,E03260,salary_adjust,2025-06-30,2025-06,D02,D02,L3,L3,,5.53%
EV005561,E00534,salary_adjust,2025-06-12,2025-06,D03,D03,L2,L2,,10.58%
EV005562,E03819,leave,2025-07-23,2025-07,D04,,L5,,R05,vol
EV005563,E01100,leave,2025-07-11,2025-07,D06,,L6,,R02,vol
EV005564,E00747,leave,2025-07-21,2025-07,D06,,L1,,R01,vol
EV005565,E00336,leave,2025-07-05,2025-07,D05,,L2,,R03,vol
EV005566,E04225,leave,2025-07-29,2025-07,D01,,L6,,R01,vol
EV005567,E02250,leave,2025-07-27,2025-07,D01,,L2,,R03,vol
EV005568,E01371,leave,2025-07-06,2025-07,D01,,L3,,R04,vol
EV005569,E04355,leave,2025-07-19,2025-07,D07,,L4,,R06,invol
EV005570,E04324,leave,2025-07-22,2025-07,D05,,L2,,R06,invol
EV005571,E02229,leave,2025-07-27,2025-07,D01,,L1,,R04,vol
EV005572,E00813,leave,2025-07-08,2025-07,D10,,L2,,R01,vol
EV005573,E03936,leave,2025-07-20,2025-07,D10,,L6,,R01,vol
EV005574,E04266,leave,2025-07-02,2025-07,D02,,L4,,R06,invol
EV005575,E03931,leave,2025-07-17,2025-07,D01,,L7,,R03,vol
EV005576,E01893,leave,2025-07-13,2025-07,D06,,L1,,R02,vol
EV005577,E00912,leave,2025-07-09,2025-07,D06,,L2,,R05,vol
EV005578,E00076,leave,2025-07-13,2025-07,D02,,L3,,R01,vol
EV005579,E01020,leave,2025-07-14,2025-07,D09,,L2,,R03,vol
EV005580,E04275,leave,2025-07-09,2025-07,D01,,L4,,R03,vol
EV005581,E00544,leave,2025-07-05,2025-07,D01,,L1,,R02,vol
EV005582,E00463,leave,2025-07-11,2025-07,D01,,L3,,R04,vol
EV005583,E03257,leave,2025-07-08,2025-07,D01,,L3,,R02,vol
EV005584,E03913,leave,2025-07-05,2025-07,D09,,L2,,R02,vol
EV005585,E03959,leave,2025-07-12,2025-07,D01,,L2,,R01,vol
EV005586,E00471,leave,2025-07-21,2025-07,D12,,L4,,R02,vol
EV005587,E03323,leave,2025-07-20,2025-07,D06,,L1,,R02,vol
EV005588,E04414,leave,2025-07-26,2025-07,D10,,L5,,R02,vol
EV005589,E02079,leave,2025-07-08,2025-07,D03,,L1,,R01,vol
EV005590,E01028,leave,2025-07-27,2025-07,D01,,L1,,R02,vol
EV005591,E03138,leave,2025-07-26,2025-07,D01,,L2,,R02,vol
EV005592,E02933,leave,2025-07-01,2025-07,D04,,L2,,R03,vol
EV005593,E00956,leave,2025-07-18,2025-07,D01,,L1,,R02,vol
EV005594,E02359,leave,2025-07-10,2025-07,D06,,L2,,R03,vol
EV005595,E04310,leave,2025-07-27,2025-07,D11,,L4,,R01,vol
EV005596,E00900,leave,2025-07-20,2025-07,D01,,L1,,R02,vol
EV005597,E00904,leave,2025-07-25,2025-07,D12,,L3,,R01,vol
EV005598,E03776,leave,2025-07-09,2025-07,D01,,L2,,R05,vol
EV005599,E00245,leave,2025-07-21,2025-07,D01,,L6,,R02,vol
EV005600,E02443,leave,2025-07-11,2025-07,D11,,L4,,R05,vol
EV005601,E03897,leave,2025-07-13,2025-07,D03,,L6,,R03,vol
EV005602,E03542,leave,2025-07-05,2025-07,D01,,L4,,R01,vol
EV005603,E03970,leave,2025-07-18,2025-07,D12,,L3,,R01,vol
EV005604,E00088,leave,2025-07-20,2025-07,D01,,L1,,R04,vol
EV005605,E01034,leave,2025-07-08,2025-07,D12,,L1,,R03,vol
EV005606,E03125,leave,2025-07-12,2025-07,D01,,L2,,R02,vol
EV005607,E00550,leave,2025-07-11,2025-07,D01,,L2,,R02,vol
EV005608,E00947,leave,2025-07-16,2025-07,D09,,L6,,R01,vol
EV005609,E02264,leave,2025-07-12,2025-07,D06,,L4,,R03,vol
EV005610,E00032,leave,2025-07-25,2025-07,D03,,L1,,R05,vol
EV005611,E01995,leave,2025-07-15,2025-07,D06,,L1,,R01,vol
EV005612,E02093,leave,2025-07-01,2025-07,D07,,L4,,R03,vol
EV005613,E02695,leave,2025-07-10,2025-07,D06,,L1,,R01,vol
EV005614,E03178,leave,2025-07-26,2025-07,D02,,L3,,R06,invol
EV005615,E03256,leave,2025-07-04,2025-07,D11,,L1,,R08,invol
EV005616,E01754,leave,2025-07-26,2025-07,D01,,L2,,R08,invol
EV005617,E00843,leave,2025-07-02,2025-07,D10,,L2,,R07,invol
EV005618,E02010,leave,2025-07-24,2025-07,D01,,L1,,R07,invol
EV005619,E03348,leave,2025-07-22,2025-07,D03,,L1,,R07,invol
EV005620,E00697,leave,2025-07-28,2025-07,D03,,L2,,R07,invol
EV005621,E04005,leave,2025-07-17,2025-07,D06,,L3,,R08,invol
EV005622,E04143,leave,2025-07-12,2025-07,D02,,L5,,R09,invol
EV005623,E04152,leave,2025-07-27,2025-07,D07,,L1,,R07,invol
EV005624,E00888,leave,2025-07-06,2025-07,D07,,L6,,R07,invol
EV005625,E04184,leave,2025-07-06,2025-07,D03,,L1,,R06,invol
EV005626,E03726,leave,2025-07-01,2025-07,D12,,L2,,R07,invol
EV005627,E02525,leave,2025-07-31,2025-07,D09,,L3,,R06,invol
EV005628,E00304,leave,2025-07-02,2025-07,D01,,L3,,R06,invol
EV005629,E02290,leave,2025-07-22,2025-07,D04,,L2,,R09,invol
EV005630,E00970,leave,2025-07-15,2025-07,D07,,L5,,R06,invol
EV005631,E01808,leave,2025-07-21,2025-07,D07,,L4,,R06,invol
EV005632,E02726,leave,2025-07-12,2025-07,D02,,L3,,R06,invol
EV005633,E00788,leave,2025-07-09,2025-07,D03,,L4,,R07,invol
EV005634,E00642,leave,2025-07-26,2025-07,D04,,L2,,R07,invol
EV005635,E01061,leave,2025-07-11,2025-07,D03,,L4,,R07,invol
EV005636,E01703,leave,2025-07-05,2025-07,D01,,L1,,R07,invol
EV005637,E01743,leave,2025-07-10,2025-07,D01,,L1,,R08,invol
EV005638,E00492,leave,2025-07-05,2025-07,D04,,L5,,R06,invol
EV005639,E00377,leave,2025-07-18,2025-07,D10,,L2,,R06,invol
EV005640,E01131,leave,2025-07-02,2025-07,D06,,L4,,R08,invol
EV005641,E02635,leave,2025-07-08,2025-07,D01,,L4,,R07,invol
EV005642,E03992,leave,2025-07-30,2025-07,D01,,L2,,R06,invol
EV005643,E02517,leave,2025-07-31,2025-07,D12,,L2,,R07,invol
EV005644,E03523,leave,2025-07-31,2025-07,D03,,L1,,R06,invol
EV005645,E02633,leave,2025-07-17,2025-07,D11,,L4,,R06,invol
EV005646,E04455,hire,2025-07-13,2025-07,,D02,,L2,,
EV005647,E04456,hire,2025-07-06,2025-07,,D09,,L5,,
EV005648,E04457,hire,2025-07-23,2025-07,,D02,,L1,,
EV005649,E04458,hire,2025-07-05,2025-07,,D01,,L3,,
EV005650,E04459,hire,2025-07-20,2025-07,,D01,,L1,,
EV005651,E04460,hire,2025-07-17,2025-07,,D11,,L5,,
EV005652,E04461,hire,2025-07-18,2025-07,,D01,,L1,,
EV005653,E04462,hire,2025-07-30,2025-07,,D02,,L2,,
EV005654,E04463,hire,2025-07-14,2025-07,,D01,,L4,,
EV005655,E04464,hire,2025-07-17,2025-07,,D01,,L4,,
EV005656,E04465,hire,2025-07-01,2025-07,,D01,,L1,,
EV005657,E04466,hire,2025-07-17,2025-07,,D05,,L2,,
EV005658,E04467,hire,2025-07-19,2025-07,,D11,,L1,,
EV005659,E04468,hire,2025-07-15,2025-07,,D01,,L2,,
EV005660,E04469,hire,2025-07-23,2025-07,,D12,,L3,,
EV005661,E04470,hire,2025-07-07,2025-07,,D03,,L4,,
EV005662,E04471,hire,2025-07-03,2025-07,,D02,,L1,,
EV005663,E04472,hire,2025-07-02,2025-07,,D02,,L6,,
EV005664,E04473,hire,2025-07-29,2025-07,,D03,,L1,,
EV005665,E04474,hire,2025-07-25,2025-07,,D05,,L3,,
EV005666,E04475,hire,2025-07-24,2025-07,,D05,,L2,,
EV005667,E04476,hire,2025-07-18,2025-07,,D05,,L4,,
EV005668,E04477,hire,2025-07-25,2025-07,,D08,,L2,,
EV005669,E04478,hire,2025-07-09,2025-07,,D01,,L1,,
EV005670,E04479,hire,2025-07-24,2025-07,,D07,,L2,,
EV005671,E04480,hire,2025-07-26,2025-07,,D01,,L4,,
EV005672,E04481,hire,2025-07-17,2025-07,,D05,,L2,,
EV005673,E04482,hire,2025-07-15,2025-07,,D02,,L1,,
EV005674,E04483,hire,2025-07-12,2025-07,,D01,,L3,,
EV005675,E04484,hire,2025-07-08,2025-07,,D05,,L2,,
EV005676,E04485,hire,2025-07-15,2025-07,,D01,,L3,,
EV005677,E04486,hire,2025-07-21,2025-07,,D01,,L2,,
EV005678,E04487,hire,2025-07-28,2025-07,,D07,,L2,,
EV005679,E04488,hire,2025-07-21,2025-07,,D01,,L1,,
EV005680,E04489,hire,2025-07-24,2025-07,,D01,,L4,,
EV005681,E04490,hire,2025-07-25,2025-07,,D01,,L1,,
EV005682,E04491,hire,2025-07-09,2025-07,,D03,,L1,,
EV005683,E04492,hire,2025-07-08,2025-07,,D11,,L5,,
EV005684,E04493,hire,2025-07-09,2025-07,,D05,,L2,,
EV005685,E04494,hire,2025-07-07,2025-07,,D06,,L4,,
EV005686,E04495,hire,2025-07-16,2025-07,,D12,,L3,,
EV005687,E04496,hire,2025-07-02,2025-07,,D03,,L1,,
EV005688,E04497,hire,2025-07-26,2025-07,,D04,,L3,,
EV005689,E04498,hire,2025-07-27,2025-07,,D03,,L4,,
EV005690,E04499,hire,2025-07-11,2025-07,,D01,,L3,,
EV005691,E04500,hire,2025-07-12,2025-07,,D05,,L3,,
EV005692,E04501,hire,2025-07-29,2025-07,,D03,,L3,,
EV005693,E04502,hire,2025-07-18,2025-07,,D03,,L2,,
EV005694,E04503,hire,2025-07-29,2025-07,,D06,,L1,,
EV005695,E04504,hire,2025-07-11,2025-07,,D01,,L2,,
EV005696,E04505,hire,2025-07-31,2025-07,,D04,,L2,,
EV005697,E04506,hire,2025-07-09,2025-07,,D12,,L2,,
EV005698,E04507,hire,2025-07-29,2025-07,,D04,,L3,,
EV005699,E04508,hire,2025-07-24,2025-07,,D03,,L3,,
EV005700,E04509,hire,2025-07-09,2025-07,,D09,,L6,,
EV005701,E04510,hire,2025-07-18,2025-07,,D06,,L2,,
EV005702,E04511,hire,2025-07-30,2025-07,,D02,,L2,,
EV005703,E04512,hire,2025-07-20,2025-07,,D11,,L2,,
EV005704,E04513,hire,2025-07-14,2025-07,,D06,,L4,,
EV005705,E04514,hire,2025-07-09,2025-07,,D09,,L3,,
EV005706,E04515,hire,2025-07-11,2025-07,,D01,,L2,,
EV005707,E04516,hire,2025-07-10,2025-07,,D05,,L3,,
EV005708,E04517,hire,2025-07-29,2025-07,,D05,,L2,,
EV005709,E04518,hire,2025-07-30,2025-07,,D07,,L3,,
EV005710,E04519,hire,2025-07-06,2025-07,,D01,,L4,,
EV005711,E04520,hire,2025-07-08,2025-07,,D02,,L1,,
EV005712,E04521,hire,2025-07-15,2025-07,,D11,,L2,,
EV005713,E04522,hire,2025-07-10,2025-07,,D01,,L4,,
EV005714,E04523,hire,2025-07-19,2025-07,,D01,,L4,,
EV005715,E04524,hire,2025-07-13,2025-07,,D01,,L3,,
EV005716,E04525,hire,2025-07-19,2025-07,,D03,,L3,,
EV005717,E04526,hire,2025-07-09,2025-07,,D10,,L3,,
EV005718,E04527,hire,2025-07-18,2025-07,,D02,,L2,,
EV005719,E04528,hire,2025-07-16,2025-07,,D10,,L2,,
EV005720,E04529,hire,2025-07-12,2025-07,,D03,,L2,,
EV005721,E04530,hire,2025-07-31,2025-07,,D03,,L2,,
EV005722,E04531,hire,2025-07-08,2025-07,,D05,,L3,,
EV005723,E04532,hire,2025-07-25,2025-07,,D06,,L1,,
EV005724,E04533,hire,2025-07-08,2025-07,,D02,,L2,,
EV005725,E04534,hire,2025-07-11,2025-07,,D12,,L1,,
EV005726,E04535,hire,2025-07-20,2025-07,,D12,,L4,,
EV005727,E04536,hire,2025-07-06,2025-07,,D01,,L3,,
EV005728,E04537,hire,2025-07-06,2025-07,,D06,,L3,,
EV005729,E04538,hire,2025-07-16,2025-07,,D08,,L1,,
EV005730,E04539,hire,2025-07-07,2025-07,,D11,,L3,,
EV005731,E04540,hire,2025-07-14,2025-07,,D02,,L4,,
EV005732,E04541,hire,2025-07-09,2025-07,,D01,,L2,,
EV005733,E04542,hire,2025-07-18,2025-07,,D09,,L5,,
EV005734,E04543,hire,2025-07-19,2025-07,,D08,,L1,,
EV005735,E04544,hire,2025-07-08,2025-07,,D01,,L5,,
EV005736,E04545,hire,2025-07-15,2025-07,,D01,,L6,,
EV005737,E04546,hire,2025-07-24,2025-07,,D02,,L1,,
EV005738,E04547,hire,2025-07-03,2025-07,,D05,,L3,,
EV005739,E04548,hire,2025-07-27,2025-07,,D07,,L7,,
EV005740,E04549,hire,2025-07-31,2025-07,,D02,,L1,,
EV005741,E04550,hire,2025-07-12,2025-07,,D03,,L2,,
EV005742,E04551,hire,2025-07-07,2025-07,,D06,,L3,,
EV005743,E04552,hire,2025-07-04,2025-07,,D01,,L6,,
EV005744,E02072,transfer,2025-07-08,2025-07,D03,D01,L1,L1,,
EV005745,E01321,transfer,2025-07-18,2025-07,D11,D08,L2,L2,,
EV005746,E01160,transfer,2025-07-15,2025-07,D09,D01,L3,L3,,
EV005747,E02675,transfer,2025-07-16,2025-07,D04,D08,L1,L1,,
EV005748,E00917,transfer,2025-07-08,2025-07,D04,D10,L3,L3,,
EV005749,E01739,transfer,2025-07-19,2025-07,D07,D06,L6,L6,,
EV005750,E02784,transfer,2025-07-06,2025-07,D01,D12,L6,L6,,
EV005751,E01561,transfer,2025-07-27,2025-07,D03,D01,L5,L5,,
EV005752,E00144,transfer,2025-07-08,2025-07,D06,D01,L6,L6,,
EV005753,E04238,transfer,2025-07-13,2025-07,D02,D04,L4,L4,,
EV005754,E03379,transfer,2025-07-17,2025-07,D06,D03,L3,L3,,
EV005755,E02698,transfer,2025-07-20,2025-07,D01,D02,L2,L2,,
EV005756,E00422,transfer,2025-07-28,2025-07,D04,D02,L1,L1,,
EV005757,E03802,transfer,2025-07-18,2025-07,D03,D02,L2,L2,,
EV005758,E03884,transfer,2025-07-30,2025-07,D11,D02,L2,L2,,
EV005759,E02845,transfer,2025-07-13,2025-07,D08,D01,L4,L4,,
EV005760,E00776,transfer,2025-07-29,2025-07,D02,D01,L6,L6,,
EV005761,E00361,transfer,2025-07-04,2025-07,D01,D04,L1,L1,,
EV005762,E02049,transfer,2025-07-27,2025-07,D02,D12,L5,L5,,
EV005763,E04394,transfer,2025-07-07,2025-07,D06,D01,L1,L1,,
EV005764,E02831,transfer,2025-07-14,2025-07,D02,D03,L1,L1,,
EV005765,E01749,transfer,2025-07-12,2025-07,D02,D05,L4,L4,,
EV005766,E03161,transfer,2025-07-30,2025-07,D12,D06,L1,L1,,
EV005767,E03506,transfer,2025-07-04,2025-07,D02,D01,L1,L1,,
EV005768,E02176,transfer,2025-07-12,2025-07,D01,D09,L2,L2,,
EV005769,E00878,transfer,2025-07-02,2025-07,D03,D01,L2,L2,,
EV005770,E04358,promotion,2025-07-10,2025-07,D02,D02,L1,L2,,
EV005771,E00915,promotion,2025-07-20,2025-07,D02,D02,L2,L3,,
EV005772,E00665,promotion,2025-07-01,2025-07,D01,D01,L4,L5,,
EV005773,E03635,promotion,2025-07-14,2025-07,D06,D06,L3,L4,,
EV005774,E00794,promotion,2025-07-19,2025-07,D03,D03,L1,L2,,
EV005775,E03408,promotion,2025-07-22,2025-07,D05,D05,L5,L6,,
EV005776,E00644,promotion,2025-07-30,2025-07,D03,D03,L1,L2,,
EV005777,E02230,promotion,2025-07-21,2025-07,D02,D02,L2,L3,,
EV005778,E00086,salary_adjust,2025-07-12,2025-07,D07,D07,L4,L4,,10.45%
EV005779,E00538,salary_adjust,2025-07-23,2025-07,D01,D01,L1,L1,,9.00%
EV005780,E03060,salary_adjust,2025-07-02,2025-07,D06,D06,L1,L1,,9.56%
EV005781,E03389,salary_adjust,2025-07-01,2025-07,D04,D04,L1,L1,,7.49%
EV005782,E02548,salary_adjust,2025-07-25,2025-07,D12,D12,L2,L2,,3.23%
EV005783,E02392,salary_adjust,2025-07-17,2025-07,D05,D05,L2,L2,,7.09%
EV005784,E02783,salary_adjust,2025-07-03,2025-07,D04,D04,L4,L4,,6.16%
EV005785,E00065,salary_adjust,2025-07-25,2025-07,D04,D04,L2,L2,,4.39%
EV005786,E00830,salary_adjust,2025-07-23,2025-07,D05,D05,L1,L1,,4.49%
EV005787,E00197,salary_adjust,2025-07-30,2025-07,D01,D01,L4,L4,,5.76%
EV005788,E04515,salary_adjust,2025-07-28,2025-07,D01,D01,L2,L2,,6.20%
EV005789,E02760,salary_adjust,2025-07-07,2025-07,D04,D04,L2,L2,,3.66%
EV005790,E02942,salary_adjust,2025-07-04,2025-07,D02,D02,L2,L2,,11.63%
EV005791,E03942,salary_adjust,2025-07-04,2025-07,D06,D06,L2,L2,,10.30%
EV005792,E00915,salary_adjust,2025-07-17,2025-07,D02,D02,L3,L3,,6.12%
EV005793,E00449,salary_adjust,2025-07-21,2025-07,D03,D03,L2,L2,,11.72%
EV005794,E01626,salary_adjust,2025-07-15,2025-07,D08,D08,L1,L1,,4.62%
EV005795,E03252,salary_adjust,2025-07-12,2025-07,D12,D12,L4,L4,,9.54%
EV005796,E01916,salary_adjust,2025-07-10,2025-07,D03,D03,L3,L3,,9.06%
EV005797,E02782,salary_adjust,2025-07-26,2025-07,D02,D02,L2,L2,,5.30%
EV005798,E01863,salary_adjust,2025-07-16,2025-07,D03,D03,L3,L3,,3.05%
EV005799,E00087,salary_adjust,2025-07-25,2025-07,D03,D03,L6,L6,,11.05%
EV005800,E00478,salary_adjust,2025-07-23,2025-07,D03,D03,L3,L3,,11.64%
EV005801,E01242,salary_adjust,2025-07-18,2025-07,D01,D01,L6,L6,,5.23%
EV005802,E03143,salary_adjust,2025-07-20,2025-07,D01,D01,L5,L5,,10.34%
EV005803,E03468,salary_adjust,2025-07-28,2025-07,D01,D01,L2,L2,,3.91%
EV005804,E02596,salary_adjust,2025-07-21,2025-07,D01,D01,L2,L2,,4.59%
EV005805,E03752,salary_adjust,2025-07-24,2025-07,D01,D01,L2,L2,,4.44%
EV005806,E00223,salary_adjust,2025-07-04,2025-07,D02,D02,L4,L4,,9.42%
EV005807,E01314,salary_adjust,2025-07-31,2025-07,D03,D03,L2,L2,,11.91%
EV005808,E03881,salary_adjust,2025-07-29,2025-07,D01,D01,L3,L3,,10.27%
EV005809,E04425,salary_adjust,2025-07-16,2025-07,D01,D01,L3,L3,,11.81%
EV005810,E00162,salary_adjust,2025-07-30,2025-07,D03,D03,L3,L3,,6.04%
EV005811,E03093,salary_adjust,2025-07-02,2025-07,D06,D06,L2,L2,,9.00%
EV005812,E04007,salary_adjust,2025-07-23,2025-07,D03,D03,L3,L3,,11.88%
EV005813,E03032,salary_adjust,2025-07-27,2025-07,D04,D04,L4,L4,,10.21%
EV005814,E01670,salary_adjust,2025-07-17,2025-07,D03,D03,L2,L2,,11.96%
EV005815,E02877,salary_adjust,2025-07-18,2025-07,D06,D06,L5,L5,,4.64%
EV005816,E01450,salary_adjust,2025-07-23,2025-07,D12,D12,L3,L3,,7.36%
EV005817,E02204,leave,2025-08-09,2025-08,D12,,L3,,R02,vol
EV005818,E04513,leave,2025-08-06,2025-08,D06,,L4,,R06,invol
EV005819,E01402,leave,2025-08-02,2025-08,D02,,L3,,R01,vol
EV005820,E04469,leave,2025-08-13,2025-08,D12,,L3,,R06,invol
EV005821,E03389,leave,2025-08-30,2025-08,D04,,L1,,R04,vol
EV005822,E03192,leave,2025-08-16,2025-08,D03,,L1,,R01,vol
EV005823,E03964,leave,2025-08-04,2025-08,D02,,L1,,R03,vol
EV005824,E03004,leave,2025-08-10,2025-08,D01,,L4,,R01,vol
EV005825,E00055,leave,2025-08-09,2025-08,D01,,L3,,R02,vol
EV005826,E04526,leave,2025-08-23,2025-08,D10,,L3,,R01,vol
EV005827,E02299,leave,2025-08-24,2025-08,D08,,L4,,R01,vol
EV005828,E02678,leave,2025-08-16,2025-08,D03,,L3,,R02,vol
EV005829,E04229,leave,2025-08-21,2025-08,D03,,L2,,R01,vol
EV005830,E04506,leave,2025-08-09,2025-08,D12,,L2,,R04,vol
EV005831,E04410,leave,2025-08-29,2025-08,D03,,L5,,R02,vol
EV005832,E01649,leave,2025-08-09,2025-08,D01,,L1,,R01,vol
EV005833,E03104,leave,2025-08-23,2025-08,D12,,L3,,R03,vol
EV005834,E04277,leave,2025-08-07,2025-08,D01,,L4,,R04,vol
EV005835,E01487,leave,2025-08-06,2025-08,D10,,L4,,R04,vol
EV005836,E04460,leave,2025-08-04,2025-08,D11,,L5,,R05,vol
EV005837,E03182,leave,2025-08-05,2025-08,D04,,L3,,R03,vol
EV005838,E03750,leave,2025-08-31,2025-08,D04,,L1,,R04,vol
EV005839,E00074,leave,2025-08-07,2025-08,D01,,L2,,R04,vol
EV005840,E01491,leave,2025-08-05,2025-08,D03,,L5,,R01,vol
EV005841,E00994,leave,2025-08-10,2025-08,D03,,L3,,R01,vol
EV005842,E03600,leave,2025-08-01,2025-08,D10,,L5,,R03,vol
EV005843,E03774,leave,2025-08-29,2025-08,D01,,L5,,R01,vol
EV005844,E04063,leave,2025-08-19,2025-08,D05,,L2,,R01,vol
EV005845,E00839,leave,2025-08-06,2025-08,D02,,L3,,R03,vol
EV005846,E02723,leave,2025-08-09,2025-08,D09,,L1,,R03,vol
EV005847,E02281,leave,2025-08-22,2025-08,D06,,L3,,R02,vol
EV005848,E02704,leave,2025-08-11,2025-08,D01,,L4,,R05,vol
EV005849,E02368,leave,2025-08-24,2025-08,D12,,L5,,R01,vol
EV005850,E00093,leave,2025-08-11,2025-08,D01,,L5,,R01,vol
EV005851,E00148,leave,2025-08-05,2025-08,D01,,L3,,R05,vol
EV005852,E03785,leave,2025-08-10,2025-08,D06,,L3,,R05,vol
EV005853,E03016,leave,2025-08-06,2025-08,D01,,L4,,R03,vol
EV005854,E04098,leave,2025-08-18,2025-08,D03,,L3,,R02,vol
EV005855,E00610,leave,2025-08-10,2025-08,D01,,L1,,R02,vol
EV005856,E00119,leave,2025-08-05,2025-08,D04,,L3,,R01,vol
EV005857,E04003,leave,2025-08-13,2025-08,D01,,L1,,R02,vol
EV005858,E00016,leave,2025-08-29,2025-08,D03,,L2,,R04,vol
EV005859,E04458,leave,2025-08-01,2025-08,D01,,L3,,R06,invol
EV005860,E00400,leave,2025-08-04,2025-08,D03,,L4,,R01,vol
EV005861,E00594,leave,2025-08-25,2025-08,D09,,L6,,R05,vol
EV005862,E02877,leave,2025-08-14,2025-08,D06,,L5,,R06,invol
EV005863,E03833,leave,2025-08-07,2025-08,D02,,L2,,R09,invol
EV005864,E02311,leave,2025-08-28,2025-08,D04,,L1,,R07,invol
EV005865,E03693,leave,2025-08-23,2025-08,D03,,L2,,R06,invol
EV005866,E01882,leave,2025-08-14,2025-08,D03,,L3,,R07,invol
EV005867,E01220,leave,2025-08-22,2025-08,D04,,L1,,R09,invol
EV005868,E04381,leave,2025-08-23,2025-08,D05,,L6,,R06,invol
EV005869,E01040,leave,2025-08-29,2025-08,D04,,L4,,R09,invol
EV005870,E01605,leave,2025-08-28,2025-08,D01,,L1,,R08,invol
EV005871,E03804,leave,2025-08-17,2025-08,D08,,L1,,R06,invol
EV005872,E03301,leave,2025-08-25,2025-08,D09,,L4,,R07,invol
EV005873,E03343,leave,2025-08-05,2025-08,D06,,L2,,R07,invol
EV005874,E01180,leave,2025-08-08,2025-08,D01,,L2,,R08,invol
EV005875,E02428,leave,2025-08-09,2025-08,D02,,L5,,R08,invol
EV005876,E01171,leave,2025-08-14,2025-08,D07,,L3,,R06,invol
EV005877,E02112,leave,2025-08-11,2025-08,D12,,L1,,R06,invol
EV005878,E03051,leave,2025-08-23,2025-08,D01,,L1,,R07,invol
EV005879,E02740,leave,2025-08-05,2025-08,D06,,L2,,R07,invol
EV005880,E04227,leave,2025-08-18,2025-08,D06,,L6,,R06,invol
EV005881,E03673,leave,2025-08-13,2025-08,D01,,L3,,R07,invol
EV005882,E04318,leave,2025-08-31,2025-08,D01,,L1,,R06,invol
EV005883,E02088,leave,2025-08-24,2025-08,D04,,L2,,R07,invol
EV005884,E04365,leave,2025-08-02,2025-08,D08,,L5,,R06,invol
EV005885,E01412,leave,2025-08-08,2025-08,D06,,L1,,R06,invol
EV005886,E03692,leave,2025-08-07,2025-08,D05,,L3,,R06,invol
EV005887,E00194,leave,2025-08-29,2025-08,D02,,L6,,R08,invol
EV005888,E00535,leave,2025-08-05,2025-08,D11,,L1,,R07,invol
EV005889,E02670,leave,2025-08-31,2025-08,D11,,L1,,R06,invol
EV005890,E04239,leave,2025-08-06,2025-08,D12,,L1,,R07,invol
EV005891,E00634,leave,2025-08-30,2025-08,D01,,L4,,R07,invol
EV005892,E04553,hire,2025-08-30,2025-08,,D06,,L1,,
EV005893,E04554,hire,2025-08-29,2025-08,,D11,,L4,,
EV005894,E04555,hire,2025-08-17,2025-08,,D06,,L7,,
EV005895,E04556,hire,2025-08-16,2025-08,,D01,,L3,,
EV005896,E04557,hire,2025-08-18,2025-08,,D08,,L4,,
EV005897,E04558,hire,2025-08-10,2025-08,,D01,,L3,,
EV005898,E04559,hire,2025-08-25,2025-08,,D12,,L1,,
EV005899,E04560,hire,2025-08-17,2025-08,,D01,,L4,,
EV005900,E04561,hire,2025-08-20,2025-08,,D12,,L1,,
EV005901,E04562,hire,2025-08-16,2025-08,,D05,,L3,,
EV005902,E04563,hire,2025-08-28,2025-08,,D01,,L1,,
EV005903,E04564,hire,2025-08-02,2025-08,,D05,,L1,,
EV005904,E04565,hire,2025-08-06,2025-08,,D03,,L3,,
EV005905,E04566,hire,2025-08-05,2025-08,,D10,,L5,,
EV005906,E04567,hire,2025-08-15,2025-08,,D01,,L1,,
EV005907,E04568,hire,2025-08-25,2025-08,,D01,,L7,,
EV005908,E04569,hire,2025-08-13,2025-08,,D12,,L2,,
EV005909,E04570,hire,2025-08-15,2025-08,,D12,,L1,,
EV005910,E04571,hire,2025-08-26,2025-08,,D03,,L2,,
EV005911,E04572,hire,2025-08-30,2025-08,,D01,,L1,,
EV005912,E04573,hire,2025-08-03,2025-08,,D01,,L2,,
EV005913,E04574,hire,2025-08-03,2025-08,,D01,,L1,,
EV005914,E04575,hire,2025-08-20,2025-08,,D03,,L1,,
EV005915,E04576,hire,2025-08-06,2025-08,,D06,,L1,,
EV005916,E04577,hire,2025-08-20,2025-08,,D02,,L1,,
EV005917,E04578,hire,2025-08-24,2025-08,,D05,,L3,,
EV005918,E04579,hire,2025-08-25,2025-08,,D10,,L3,,
EV005919,E04580,hire,2025-08-07,2025-08,,D02,,L1,,
EV005920,E04581,hire,2025-08-26,2025-08,,D01,,L4,,
EV005921,E04582,hire,2025-08-24,2025-08,,D02,,L5,,
EV005922,E04583,hire,2025-08-17,2025-08,,D07,,L4,,
EV005923,E04584,hire,2025-08-29,2025-08,,D01,,L3,,
EV005924,E04585,hire,2025-08-08,2025-08,,D03,,L4,,
EV005925,E04586,hire,2025-08-26,2025-08,,D02,,L3,,
EV005926,E04587,hire,2025-08-19,2025-08,,D10,,L5,,
EV005927,E04588,hire,2025-08-24,2025-08,,D03,,L1,,
EV005928,E04589,hire,2025-08-21,2025-08,,D01,,L2,,
EV005929,E04590,hire,2025-08-19,2025-08,,D04,,L2,,
EV005930,E04591,hire,2025-08-15,2025-08,,D04,,L3,,
EV005931,E04592,hire,2025-08-19,2025-08,,D05,,L4,,
EV005932,E04593,hire,2025-08-11,2025-08,,D01,,L1,,
EV005933,E04594,hire,2025-08-29,2025-08,,D03,,L1,,
EV005934,E04595,hire,2025-08-17,2025-08,,D06,,L4,,
EV005935,E04596,hire,2025-08-27,2025-08,,D12,,L7,,
EV005936,E04597,hire,2025-08-03,2025-08,,D01,,L1,,
EV005937,E04598,hire,2025-08-14,2025-08,,D01,,L1,,
EV005938,E04599,hire,2025-08-27,2025-08,,D07,,L3,,
EV005939,E04600,hire,2025-08-11,2025-08,,D01,,L4,,
EV005940,E04601,hire,2025-08-02,2025-08,,D02,,L1,,
EV005941,E04602,hire,2025-08-16,2025-08,,D03,,L1,,
EV005942,E04603,hire,2025-08-31,2025-08,,D01,,L3,,
EV005943,E04604,hire,2025-08-13,2025-08,,D12,,L3,,
EV005944,E04605,hire,2025-08-12,2025-08,,D12,,L2,,
EV005945,E04606,hire,2025-08-25,2025-08,,D03,,L3,,
EV005946,E04607,hire,2025-08-10,2025-08,,D02,,L2,,
EV005947,E04608,hire,2025-08-15,2025-08,,D07,,L2,,
EV005948,E04609,hire,2025-08-14,2025-08,,D02,,L4,,
EV005949,E04610,hire,2025-08-22,2025-08,,D01,,L4,,
EV005950,E04611,hire,2025-08-08,2025-08,,D06,,L1,,
EV005951,E04612,hire,2025-08-27,2025-08,,D01,,L4,,
EV005952,E04613,hire,2025-08-08,2025-08,,D03,,L2,,
EV005953,E04614,hire,2025-08-10,2025-08,,D01,,L5,,
EV005954,E04615,hire,2025-08-24,2025-08,,D01,,L3,,
EV005955,E04616,hire,2025-08-18,2025-08,,D06,,L1,,
EV005956,E04617,hire,2025-08-06,2025-08,,D02,,L3,,
EV005957,E04618,hire,2025-08-29,2025-08,,D01,,L2,,
EV005958,E04619,hire,2025-08-16,2025-08,,D12,,L2,,
EV005959,E04620,hire,2025-08-23,2025-08,,D01,,L1,,
EV005960,E04621,hire,2025-08-06,2025-08,,D07,,L6,,
EV005961,E04622,hire,2025-08-28,2025-08,,D03,,L4,,
EV005962,E04623,hire,2025-08-16,2025-08,,D03,,L2,,
EV005963,E04624,hire,2025-08-07,2025-08,,D05,,L1,,
EV005964,E04625,hire,2025-08-28,2025-08,,D12,,L2,,
EV005965,E04626,hire,2025-08-21,2025-08,,D04,,L1,,
EV005966,E04627,hire,2025-08-03,2025-08,,D04,,L1,,
EV005967,E04628,hire,2025-08-11,2025-08,,D08,,L2,,
EV005968,E04629,hire,2025-08-02,2025-08,,D05,,L6,,
EV005969,E04630,hire,2025-08-22,2025-08,,D04,,L1,,
EV005970,E04631,hire,2025-08-04,2025-08,,D01,,L3,,
EV005971,E04632,hire,2025-08-09,2025-08,,D05,,L1,,
EV005972,E04633,hire,2025-08-09,2025-08,,D01,,L2,,
EV005973,E04634,hire,2025-08-11,2025-08,,D01,,L1,,
EV005974,E04635,hire,2025-08-02,2025-08,,D07,,L1,,
EV005975,E04636,hire,2025-08-11,2025-08,,D02,,L3,,
EV005976,E04637,hire,2025-08-12,2025-08,,D09,,L3,,
EV005977,E04638,hire,2025-08-27,2025-08,,D08,,L4,,
EV005978,E04639,hire,2025-08-13,2025-08,,D05,,L4,,
EV005979,E04640,hire,2025-08-12,2025-08,,D11,,L1,,
EV005980,E04641,hire,2025-08-14,2025-08,,D03,,L2,,
EV005981,E04642,hire,2025-08-26,2025-08,,D11,,L1,,
EV005982,E04643,hire,2025-08-05,2025-08,,D11,,L2,,
EV005983,E04644,hire,2025-08-08,2025-08,,D12,,L1,,
EV005984,E04645,hire,2025-08-17,2025-08,,D11,,L5,,
EV005985,E04646,hire,2025-08-13,2025-08,,D11,,L3,,
EV005986,E04647,hire,2025-08-20,2025-08,,D07,,L2,,
EV005987,E04648,hire,2025-08-08,2025-08,,D01,,L1,,
EV005988,E04649,hire,2025-08-14,2025-08,,D01,,L4,,
EV005989,E04650,hire,2025-08-24,2025-08,,D04,,L2,,
EV005990,E04651,hire,2025-08-03,2025-08,,D01,,L2,,
EV005991,E04652,hire,2025-08-24,2025-08,,D05,,L2,,
EV005992,E04653,hire,2025-08-09,2025-08,,D06,,L2,,
EV005993,E04654,hire,2025-08-18,2025-08,,D01,,L2,,
EV005994,E04655,hire,2025-08-14,2025-08,,D01,,L6,,
EV005995,E04656,hire,2025-08-18,2025-08,,D04,,L5,,
EV005996,E04657,hire,2025-08-15,2025-08,,D02,,L3,,
EV005997,E04658,hire,2025-08-03,2025-08,,D11,,L1,,
EV005998,E01512,transfer,2025-08-09,2025-08,D12,D05,L3,L3,,
EV005999,E01888,transfer,2025-08-08,2025-08,D01,D02,L4,L4,,
EV006000,E03587,transfer,2025-08-31,2025-08,D05,D12,L1,L1,,
EV006001,E04090,transfer,2025-08-27,2025-08,D08,D03,L7,L7,,
EV006002,E04163,transfer,2025-08-21,2025-08,D06,D05,L4,L4,,
EV006003,E03869,transfer,2025-08-22,2025-08,D02,D09,L6,L6,,
EV006004,E01670,transfer,2025-08-04,2025-08,D03,D06,L2,L2,,
EV006005,E02380,transfer,2025-08-18,2025-08,D06,D02,L1,L1,,
EV006006,E02120,transfer,2025-08-17,2025-08,D08,D05,L1,L1,,
EV006007,E02768,transfer,2025-08-17,2025-08,D05,D03,L2,L2,,
EV006008,E02336,transfer,2025-08-22,2025-08,D01,D02,L5,L5,,
EV006009,E01707,transfer,2025-08-10,2025-08,D01,D07,L2,L2,,
EV006010,E04036,transfer,2025-08-28,2025-08,D06,D07,L4,L4,,
EV006011,E00026,transfer,2025-08-30,2025-08,D11,D06,L5,L5,,
EV006012,E02669,transfer,2025-08-30,2025-08,D03,D06,L6,L6,,
EV006013,E02954,transfer,2025-08-11,2025-08,D08,D06,L6,L6,,
EV006014,E03589,transfer,2025-08-07,2025-08,D07,D01,L2,L2,,
EV006015,E03183,transfer,2025-08-05,2025-08,D11,D03,L3,L3,,
EV006016,E01297,promotion,2025-08-10,2025-08,D01,D01,L1,L2,,
EV006017,E01091,promotion,2025-08-03,2025-08,D01,D01,L4,L5,,
EV006018,E04154,promotion,2025-08-15,2025-08,D05,D05,L1,L2,,
EV006019,E02419,promotion,2025-08-09,2025-08,D06,D06,L3,L4,,
EV006020,E04583,promotion,2025-08-23,2025-08,D07,D07,L4,L5,,
EV006021,E00735,promotion,2025-08-06,2025-08,D12,D12,L4,L5,,
EV006022,E00517,promotion,2025-08-11,2025-08,D05,D05,L4,L5,,
EV006023,E04262,promotion,2025-08-25,2025-08,D11,D11,L3,L4,,
EV006024,E01411,promotion,2025-08-26,2025-08,D05,D05,L4,L5,,
EV006025,E02953,salary_adjust,2025-08-05,2025-08,D03,D03,L3,L3,,8.14%
EV006026,E04395,salary_adjust,2025-08-02,2025-08,D02,D02,L2,L2,,4.83%
EV006027,E02850,salary_adjust,2025-08-06,2025-08,D01,D01,L4,L4,,9.30%
EV006028,E02754,salary_adjust,2025-08-28,2025-08,D11,D11,L1,L1,,7.38%
EV006029,E00746,salary_adjust,2025-08-30,2025-08,D01,D01,L3,L3,,4.82%
EV006030,E04100,salary_adjust,2025-08-03,2025-08,D04,D04,L2,L2,,8.42%
EV006031,E04556,salary_adjust,2025-08-27,2025-08,D01,D01,L3,L3,,3.96%
EV006032,E02431,salary_adjust,2025-08-17,2025-08,D11,D11,L2,L2,,7.21%
EV006033,E01191,salary_adjust,2025-08-09,2025-08,D11,D11,L4,L4,,6.89%
EV006034,E02756,salary_adjust,2025-08-19,2025-08,D03,D03,L5,L5,,8.53%
EV006035,E04015,salary_adjust,2025-08-26,2025-08,D06,D06,L1,L1,,11.95%
EV006036,E03364,salary_adjust,2025-08-10,2025-08,D01,D01,L1,L1,,3.84%
EV006037,E01818,salary_adjust,2025-08-03,2025-08,D02,D02,L5,L5,,9.94%
EV006038,E01960,salary_adjust,2025-08-27,2025-08,D06,D06,L6,L6,,3.03%
EV006039,E03963,salary_adjust,2025-08-21,2025-08,D11,D11,L5,L5,,7.80%
EV006040,E00667,salary_adjust,2025-08-30,2025-08,D01,D01,L4,L4,,7.76%
EV006041,E03270,salary_adjust,2025-08-17,2025-08,D06,D06,L4,L4,,3.61%
EV006042,E00318,salary_adjust,2025-08-03,2025-08,D11,D11,L1,L1,,9.63%
EV006043,E03550,salary_adjust,2025-08-11,2025-08,D12,D12,L1,L1,,5.89%
EV006044,E04655,salary_adjust,2025-08-09,2025-08,D01,D01,L6,L6,,5.27%
EV006045,E04067,salary_adjust,2025-08-27,2025-08,D03,D03,L3,L3,,9.87%
EV006046,E03118,salary_adjust,2025-08-05,2025-08,D03,D03,L1,L1,,3.96%
EV006047,E03261,salary_adjust,2025-08-03,2025-08,D04,D04,L3,L3,,7.32%
EV006048,E02751,salary_adjust,2025-08-02,2025-08,D01,D01,L1,L1,,9.86%
EV006049,E01846,salary_adjust,2025-08-29,2025-08,D03,D03,L1,L1,,9.73%
EV006050,E03895,salary_adjust,2025-08-03,2025-08,D12,D12,L6,L6,,5.82%
EV006051,E01255,salary_adjust,2025-08-20,2025-08,D03,D03,L1,L1,,10.29%
EV006052,E03827,salary_adjust,2025-08-01,2025-08,D11,D11,L1,L1,,5.79%
EV006053,E01315,salary_adjust,2025-08-13,2025-08,D01,D01,L3,L3,,11.88%
EV006054,E03676,salary_adjust,2025-08-02,2025-08,D03,D03,L4,L4,,6.97%
EV006055,E03131,salary_adjust,2025-08-17,2025-08,D03,D03,L5,L5,,9.17%
EV006056,E02604,salary_adjust,2025-08-02,2025-08,D02,D02,L3,L3,,11.63%
EV006057,E00735,salary_adjust,2025-08-02,2025-08,D12,D12,L5,L5,,8.79%
EV006058,E04178,salary_adjust,2025-08-30,2025-08,D08,D08,L2,L2,,11.78%
EV006059,E03874,salary_adjust,2025-08-20,2025-08,D01,D01,L1,L1,,8.06%
EV006060,E01188,salary_adjust,2025-08-15,2025-08,D09,D09,L4,L4,,9.97%
EV006061,E01249,salary_adjust,2025-08-31,2025-08,D07,D07,L3,L3,,10.90%
EV006062,E02609,salary_adjust,2025-08-07,2025-08,D10,D10,L4,L4,,9.40%
EV006063,E00852,salary_adjust,2025-08-29,2025-08,D09,D09,L5,L5,,6.86%
EV006064,E03139,leave,2025-09-02,2025-09,D01,,L3,,R04,vol
EV006065,E02753,leave,2025-09-15,2025-09,D01,,L3,,R01,vol
EV006066,E00877,leave,2025-09-14,2025-09,D01,,L1,,R03,vol
EV006067,E03703,leave,2025-09-05,2025-09,D03,,L3,,R01,vol
EV006068,E03888,leave,2025-09-02,2025-09,D02,,L3,,R04,vol
EV006069,E04634,leave,2025-09-11,2025-09,D01,,L1,,R03,vol
EV006070,E02494,leave,2025-09-01,2025-09,D01,,L4,,R03,vol
EV006071,E00150,leave,2025-09-28,2025-09,D01,,L5,,R02,vol
EV006072,E01496,leave,2025-09-30,2025-09,D02,,L3,,R05,vol
EV006073,E04502,leave,2025-09-13,2025-09,D03,,L2,,R01,vol
EV006074,E04340,leave,2025-09-22,2025-09,D06,,L1,,R01,vol
EV006075,E01721,leave,2025-09-05,2025-09,D01,,L3,,R01,vol
EV006076,E00617,leave,2025-09-11,2025-09,D02,,L3,,R05,vol
EV006077,E02325,leave,2025-09-06,2025-09,D03,,L4,,R01,vol
EV006078,E03687,leave,2025-09-24,2025-09,D06,,L4,,R01,vol
EV006079,E04572,leave,2025-09-23,2025-09,D01,,L1,,R06,invol
EV006080,E02080,leave,2025-09-04,2025-09,D05,,L5,,R01,vol
EV006081,E00596,leave,2025-09-11,2025-09,D01,,L4,,R03,vol
EV006082,E02329,leave,2025-09-03,2025-09,D11,,L1,,R02,vol
EV006083,E01585,leave,2025-09-06,2025-09,D04,,L4,,R01,vol
EV006084,E03625,leave,2025-09-21,2025-09,D01,,L4,,R02,vol
EV006085,E02032,leave,2025-09-23,2025-09,D01,,L1,,R01,vol
EV006086,E02605,leave,2025-09-06,2025-09,D11,,L2,,R02,vol
EV006087,E04293,leave,2025-09-30,2025-09,D08,,L1,,R01,vol
EV006088,E00804,leave,2025-09-05,2025-09,D01,,L2,,R03,vol
EV006089,E03919,leave,2025-09-13,2025-09,D01,,L2,,R02,vol
EV006090,E03508,leave,2025-09-15,2025-09,D12,,L1,,R02,vol
EV006091,E02984,leave,2025-09-22,2025-09,D03,,L6,,R03,vol
EV006092,E03233,leave,2025-09-17,2025-09,D11,,L1,,R03,vol
EV006093,E04012,leave,2025-09-12,2025-09,D01,,L4,,R02,vol
EV006094,E01510,leave,2025-09-24,2025-09,D05,,L5,,R01,vol
EV006095,E02337,leave,2025-09-13,2025-09,D03,,L2,,R01,vol
EV006096,E01460,leave,2025-09-08,2025-09,D01,,L4,,R03,vol
EV006097,E01451,leave,2025-09-30,2025-09,D03,,L3,,R01,vol
EV006098,E04058,leave,2025-09-07,2025-09,D03,,L5,,R01,vol
EV006099,E04009,leave,2025-09-11,2025-09,D01,,L4,,R01,vol
EV006100,E03198,leave,2025-09-06,2025-09,D03,,L6,,R04,vol
EV006101,E04558,leave,2025-09-06,2025-09,D01,,L3,,R03,vol
EV006102,E01364,leave,2025-09-24,2025-09,D01,,L4,,R02,vol
EV006103,E04363,leave,2025-09-25,2025-09,D09,,L3,,R04,vol
EV006104,E01868,leave,2025-09-17,2025-09,D01,,L4,,R05,vol
EV006105,E03351,leave,2025-09-29,2025-09,D05,,L2,,R02,vol
EV006106,E00577,leave,2025-09-04,2025-09,D09,,L1,,R04,vol
EV006107,E04373,leave,2025-09-10,2025-09,D09,,L3,,R06,invol
EV006108,E02556,leave,2025-09-20,2025-09,D01,,L3,,R01,vol
EV006109,E00311,leave,2025-09-29,2025-09,D01,,L3,,R01,vol
EV006110,E03245,leave,2025-09-14,2025-09,D06,,L3,,R01,vol
EV006111,E01955,leave,2025-09-12,2025-09,D03,,L4,,R05,vol
EV006112,E02403,leave,2025-09-27,2025-09,D03,,L5,,R02,vol
EV006113,E03014,leave,2025-09-15,2025-09,D11,,L3,,R01,vol
EV006114,E03754,leave,2025-09-28,2025-09,D03,,L4,,R03,vol
EV006115,E01050,leave,2025-09-13,2025-09,D05,,L6,,R01,vol
EV006116,E02360,leave,2025-09-19,2025-09,D09,,L3,,R01,vol
EV006117,E00871,leave,2025-09-30,2025-09,D11,,L2,,R02,vol
EV006118,E02298,leave,2025-09-28,2025-09,D05,,L1,,R05,vol
EV006119,E03900,leave,2025-09-18,2025-09,D06,,L4,,R02,vol
EV006120,E00178,leave,2025-09-24,2025-09,D03,,L1,,R04,vol
EV006121,E02450,leave,2025-09-02,2025-09,D01,,L4,,R01,vol
EV006122,E03383,leave,2025-09-22,2025-09,D05,,L2,,R01,vol
EV006123,E02211,leave,2025-09-20,2025-09,D03,,L1,,R01,vol
EV006124,E01622,leave,2025-09-22,2025-09,D02,,L2,,R04,vol
EV006125,E04088,leave,2025-09-13,2025-09,D08,,L3,,R01,vol
EV006126,E03040,leave,2025-09-24,2025-09,D01,,L6,,R01,vol
EV006127,E00482,leave,2025-09-05,2025-09,D04,,L1,,R02,vol
EV006128,E00201,leave,2025-09-10,2025-09,D06,,L1,,R03,vol
EV006129,E00792,leave,2025-09-28,2025-09,D07,,L3,,R03,vol
EV006130,E03738,leave,2025-09-17,2025-09,D06,,L2,,R01,vol
EV006131,E02447,leave,2025-09-25,2025-09,D09,,L2,,R02,vol
EV006132,E01389,leave,2025-09-04,2025-09,D09,,L4,,R08,invol
EV006133,E02931,leave,2025-09-07,2025-09,D08,,L1,,R07,invol
EV006134,E03412,leave,2025-09-01,2025-09,D01,,L5,,R06,invol
EV006135,E02285,leave,2025-09-29,2025-09,D10,,L2,,R06,invol
EV006136,E01481,leave,2025-09-27,2025-09,D01,,L6,,R07,invol
EV006137,E01930,leave,2025-09-11,2025-09,D07,,L3,,R08,invol
EV006138,E02956,leave,2025-09-09,2025-09,D08,,L1,,R08,invol
EV006139,E00740,leave,2025-09-04,2025-09,D06,,L2,,R06,invol
EV006140,E03735,leave,2025-09-29,2025-09,D11,,L4,,R06,invol
EV006141,E00324,leave,2025-09-28,2025-09,D01,,L4,,R06,invol
EV006142,E03635,leave,2025-09-26,2025-09,D06,,L4,,R06,invol
EV006143,E03713,leave,2025-09-27,2025-09,D10,,L2,,R07,invol
EV006144,E00208,leave,2025-09-19,2025-09,D05,,L5,,R07,invol
EV006145,E03820,leave,2025-09-04,2025-09,D02,,L7,,R08,invol
EV006146,E00772,leave,2025-09-17,2025-09,D02,,L1,,R07,invol
EV006147,E04199,leave,2025-09-27,2025-09,D05,,L5,,R06,invol
EV006148,E04177,leave,2025-09-14,2025-09,D06,,L2,,R07,invol
EV006149,E04042,leave,2025-09-28,2025-09,D12,,L7,,R07,invol
EV006150,E00582,leave,2025-09-07,2025-09,D02,,L4,,R06,invol
EV006151,E02514,leave,2025-09-15,2025-09,D06,,L3,,R06,invol
EV006152,E00872,leave,2025-09-09,2025-09,D03,,L3,,R07,invol
EV006153,E03209,leave,2025-09-05,2025-09,D04,,L3,,R06,invol
EV006154,E03197,leave,2025-09-01,2025-09,D03,,L5,,R09,invol
EV006155,E03307,leave,2025-09-06,2025-09,D05,,L1,,R06,invol
EV006156,E03128,leave,2025-09-06,2025-09,D03,,L4,,R06,invol
EV006157,E03036,leave,2025-09-28,2025-09,D03,,L2,,R06,invol
EV006158,E02295,leave,2025-09-23,2025-09,D10,,L4,,R07,invol
EV006159,E04489,leave,2025-09-07,2025-09,D01,,L4,,R06,invol
EV006160,E03077,leave,2025-09-11,2025-09,D02,,L2,,R08,invol
EV006161,E02131,leave,2025-09-10,2025-09,D01,,L1,,R08,invol
EV006162,E04043,leave,2025-09-29,2025-09,D07,,L3,,R07,invol
EV006163,E03102,leave,2025-09-13,2025-09,D01,,L5,,R09,invol
EV006164,E02762,leave,2025-09-24,2025-09,D05,,L1,,R09,invol
EV006165,E04397,leave,2025-09-27,2025-09,D01,,L1,,R06,invol
EV006166,E02662,leave,2025-09-16,2025-09,D03,,L1,,R09,invol
EV006167,E01536,leave,2025-09-11,2025-09,D01,,L4,,R08,invol
EV006168,E00654,leave,2025-09-24,2025-09,D04,,L2,,R08,invol
EV006169,E00381,leave,2025-09-02,2025-09,D08,,L1,,R06,invol
EV006170,E04659,hire,2025-09-22,2025-09,,D04,,L6,,
EV006171,E04660,hire,2025-09-26,2025-09,,D01,,L3,,
EV006172,E04661,hire,2025-09-06,2025-09,,D01,,L3,,
EV006173,E04662,hire,2025-09-14,2025-09,,D03,,L3,,
EV006174,E04663,hire,2025-09-20,2025-09,,D01,,L3,,
EV006175,E04664,hire,2025-09-10,2025-09,,D09,,L4,,
EV006176,E04665,hire,2025-09-10,2025-09,,D05,,L4,,
EV006177,E04666,hire,2025-09-19,2025-09,,D01,,L1,,
EV006178,E04667,hire,2025-09-17,2025-09,,D10,,L2,,
EV006179,E04668,hire,2025-09-28,2025-09,,D02,,L2,,
EV006180,E04669,hire,2025-09-23,2025-09,,D01,,L2,,
EV006181,E04670,hire,2025-09-16,2025-09,,D01,,L5,,
EV006182,E04671,hire,2025-09-09,2025-09,,D02,,L3,,
EV006183,E04672,hire,2025-09-17,2025-09,,D07,,L3,,
EV006184,E04673,hire,2025-09-20,2025-09,,D10,,L7,,
EV006185,E04674,hire,2025-09-04,2025-09,,D01,,L1,,
EV006186,E04675,hire,2025-09-16,2025-09,,D06,,L3,,
EV006187,E04676,hire,2025-09-27,2025-09,,D02,,L1,,
EV006188,E04677,hire,2025-09-08,2025-09,,D11,,L1,,
EV006189,E04678,hire,2025-09-21,2025-09,,D04,,L1,,
EV006190,E04679,hire,2025-09-22,2025-09,,D02,,L2,,
EV006191,E04680,hire,2025-09-13,2025-09,,D08,,L4,,
EV006192,E04681,hire,2025-09-02,2025-09,,D02,,L4,,
EV006193,E04682,hire,2025-09-19,2025-09,,D02,,L2,,
EV006194,E04683,hire,2025-09-22,2025-09,,D05,,L5,,
EV006195,E04684,hire,2025-09-13,2025-09,,D09,,L6,,
EV006196,E04685,hire,2025-09-24,2025-09,,D03,,L1,,
EV006197,E04686,hire,2025-09-14,2025-09,,D01,,L1,,
EV006198,E04687,hire,2025-09-22,2025-09,,D05,,L4,,
EV006199,E04688,hire,2025-09-05,2025-09,,D03,,L3,,
EV006200,E04689,hire,2025-09-07,2025-09,,D01,,L3,,
EV006201,E04690,hire,2025-09-02,2025-09,,D02,,L2,,
EV006202,E04691,hire,2025-09-03,2025-09,,D07,,L1,,
EV006203,E04692,hire,2025-09-19,2025-09,,D06,,L4,,
EV006204,E04693,hire,2025-09-12,2025-09,,D01,,L1,,
EV006205,E04694,hire,2025-09-21,2025-09,,D03,,L2,,
EV006206,E04695,hire,2025-09-24,2025-09,,D03,,L1,,
EV006207,E04696,hire,2025-09-14,2025-09,,D12,,L1,,
EV006208,E04697,hire,2025-09-04,2025-09,,D01,,L5,,
EV006209,E04698,hire,2025-09-27,2025-09,,D08,,L2,,
EV006210,E04699,hire,2025-09-01,2025-09,,D03,,L6,,
EV006211,E04700,hire,2025-09-26,2025-09,,D06,,L5,,
EV006212,E04701,hire,2025-09-05,2025-09,,D01,,L5,,
EV006213,E04702,hire,2025-09-13,2025-09,,D06,,L1,,
EV006214,E04703,hire,2025-09-08,2025-09,,D01,,L4,,
EV006215,E04704,hire,2025-09-30,2025-09,,D03,,L4,,
EV006216,E04705,hire,2025-09-13,2025-09,,D01,,L6,,
EV006217,E04706,hire,2025-09-15,2025-09,,D09,,L1,,
EV006218,E04707,hire,2025-09-12,2025-09,,D02,,L4,,
EV006219,E04708,hire,2025-09-05,2025-09,,D12,,L1,,
EV006220,E04709,hire,2025-09-08,2025-09,,D01,,L4,,
EV006221,E04710,hire,2025-09-22,2025-09,,D05,,L1,,
EV006222,E04711,hire,2025-09-03,2025-09,,D06,,L2,,
EV006223,E04712,hire,2025-09-09,2025-09,,D01,,L7,,
EV006224,E04713,hire,2025-09-26,2025-09,,D01,,L1,,
EV006225,E04714,hire,2025-09-18,2025-09,,D03,,L5,,
EV006226,E04715,hire,2025-09-05,2025-09,,D01,,L1,,
EV006227,E04716,hire,2025-09-02,2025-09,,D05,,L3,,
EV006228,E04717,hire,2025-09-21,2025-09,,D01,,L7,,
EV006229,E04718,hire,2025-09-27,2025-09,,D05,,L1,,
EV006230,E04719,hire,2025-09-03,2025-09,,D02,,L1,,
EV006231,E04720,hire,2025-09-09,2025-09,,D03,,L5,,
EV006232,E04721,hire,2025-09-24,2025-09,,D07,,L1,,
EV006233,E04722,hire,2025-09-30,2025-09,,D08,,L2,,
EV006234,E04723,hire,2025-09-06,2025-09,,D02,,L3,,
EV006235,E04724,hire,2025-09-07,2025-09,,D02,,L2,,
EV006236,E04725,hire,2025-09-25,2025-09,,D12,,L3,,
EV006237,E04726,hire,2025-09-21,2025-09,,D04,,L3,,
EV006238,E04727,hire,2025-09-14,2025-09,,D11,,L5,,
EV006239,E04728,hire,2025-09-20,2025-09,,D01,,L2,,
EV006240,E04729,hire,2025-09-07,2025-09,,D01,,L1,,
EV006241,E04730,hire,2025-09-20,2025-09,,D02,,L2,,
EV006242,E04731,hire,2025-09-27,2025-09,,D03,,L1,,
EV006243,E04732,hire,2025-09-25,2025-09,,D04,,L2,,
EV006244,E04733,hire,2025-09-07,2025-09,,D03,,L2,,
EV006245,E04734,hire,2025-09-07,2025-09,,D01,,L1,,
EV006246,E04735,hire,2025-09-13,2025-09,,D01,,L3,,
EV006247,E04736,hire,2025-09-10,2025-09,,D01,,L4,,
EV006248,E04737,hire,2025-09-14,2025-09,,D07,,L3,,
EV006249,E04738,hire,2025-09-01,2025-09,,D02,,L1,,
EV006250,E04739,hire,2025-09-15,2025-09,,D06,,L1,,
EV006251,E04740,hire,2025-09-20,2025-09,,D01,,L2,,
EV006252,E04741,hire,2025-09-30,2025-09,,D12,,L1,,
EV006253,E04742,hire,2025-09-03,2025-09,,D01,,L1,,
EV006254,E04743,hire,2025-09-02,2025-09,,D01,,L1,,
EV006255,E04744,hire,2025-09-16,2025-09,,D01,,L4,,
EV006256,E04745,hire,2025-09-14,2025-09,,D02,,L2,,
EV006257,E04746,hire,2025-09-12,2025-09,,D01,,L3,,
EV006258,E04747,hire,2025-09-29,2025-09,,D03,,L2,,
EV006259,E04748,hire,2025-09-26,2025-09,,D03,,L4,,
EV006260,E04749,hire,2025-09-03,2025-09,,D11,,L3,,
EV006261,E04750,hire,2025-09-29,2025-09,,D01,,L6,,
EV006262,E04751,hire,2025-09-15,2025-09,,D02,,L1,,
EV006263,E04752,hire,2025-09-12,2025-09,,D03,,L2,,
EV006264,E04753,hire,2025-09-07,2025-09,,D02,,L3,,
EV006265,E04754,hire,2025-09-20,2025-09,,D06,,L1,,
EV006266,E04755,hire,2025-09-11,2025-09,,D03,,L4,,
EV006267,E04756,hire,2025-09-14,2025-09,,D11,,L5,,
EV006268,E04757,hire,2025-09-03,2025-09,,D04,,L3,,
EV006269,E04758,hire,2025-09-02,2025-09,,D01,,L1,,
EV006270,E04759,hire,2025-09-11,2025-09,,D01,,L2,,
EV006271,E04760,hire,2025-09-20,2025-09,,D02,,L2,,
EV006272,E04761,hire,2025-09-19,2025-09,,D10,,L5,,
EV006273,E04762,hire,2025-09-14,2025-09,,D09,,L2,,
EV006274,E04763,hire,2025-09-14,2025-09,,D01,,L3,,
EV006275,E04764,hire,2025-09-01,2025-09,,D12,,L3,,
EV006276,E04765,hire,2025-09-14,2025-09,,D01,,L1,,
EV006277,E04766,hire,2025-09-03,2025-09,,D01,,L7,,
EV006278,E04767,hire,2025-09-10,2025-09,,D11,,L4,,
EV006279,E04768,hire,2025-09-01,2025-09,,D04,,L1,,
EV006280,E04769,hire,2025-09-27,2025-09,,D01,,L4,,
EV006281,E04770,hire,2025-09-13,2025-09,,D11,,L2,,
EV006282,E04771,hire,2025-09-06,2025-09,,D01,,L5,,
EV006283,E04772,hire,2025-09-18,2025-09,,D11,,L1,,
EV006284,E04773,hire,2025-09-30,2025-09,,D11,,L6,,
EV006285,E04774,hire,2025-09-07,2025-09,,D02,,L1,,
EV006286,E04775,hire,2025-09-27,2025-09,,D04,,L1,,
EV006287,E04776,hire,2025-09-27,2025-09,,D01,,L2,,
EV006288,E04777,hire,2025-09-22,2025-09,,D05,,L5,,
EV006289,E04778,hire,2025-09-05,2025-09,,D05,,L2,,
EV006290,E04779,hire,2025-09-12,2025-09,,D02,,L5,,
EV006291,E04780,hire,2025-09-13,2025-09,,D03,,L3,,
EV006292,E04781,hire,2025-09-25,2025-09,,D01,,L3,,
EV006293,E04782,hire,2025-09-24,2025-09,,D02,,L1,,
EV006294,E04783,hire,2025-09-06,2025-09,,D03,,L1,,
EV006295,E04784,hire,2025-09-22,2025-09,,D02,,L2,,
EV006296,E04785,hire,2025-09-30,2025-09,,D12,,L1,,
EV006297,E04786,hire,2025-09-30,2025-09,,D05,,L5,,
EV006298,E04787,hire,2025-09-24,2025-09,,D01,,L1,,
EV006299,E04788,hire,2025-09-23,2025-09,,D10,,L1,,
EV006300,E04789,hire,2025-09-06,2025-09,,D05,,L2,,
EV006301,E04790,hire,2025-09-15,2025-09,,D08,,L1,,
EV006302,E04791,hire,2025-09-28,2025-09,,D05,,L1,,
EV006303,E04792,hire,2025-09-11,2025-09,,D10,,L3,,
EV006304,E04793,hire,2025-09-03,2025-09,,D03,,L3,,
EV006305,E04794,hire,2025-09-23,2025-09,,D11,,L2,,
EV006306,E04795,hire,2025-09-18,2025-09,,D08,,L1,,
EV006307,E04796,hire,2025-09-24,2025-09,,D12,,L5,,
EV006308,E04797,hire,2025-09-26,2025-09,,D08,,L1,,
EV006309,E04798,hire,2025-09-07,2025-09,,D01,,L2,,
EV006310,E04799,hire,2025-09-13,2025-09,,D03,,L3,,
EV006311,E04800,hire,2025-09-10,2025-09,,D05,,L1,,
EV006312,E04801,hire,2025-09-12,2025-09,,D08,,L2,,
EV006313,E04802,hire,2025-09-08,2025-09,,D12,,L2,,
EV006314,E04803,hire,2025-09-27,2025-09,,D01,,L1,,
EV006315,E04804,hire,2025-09-13,2025-09,,D03,,L1,,
EV006316,E04805,hire,2025-09-13,2025-09,,D06,,L1,,
EV006317,E04806,hire,2025-09-06,2025-09,,D11,,L1,,
EV006318,E04807,hire,2025-09-29,2025-09,,D03,,L3,,
EV006319,E04808,hire,2025-09-03,2025-09,,D01,,L2,,
EV006320,E04809,hire,2025-09-07,2025-09,,D12,,L1,,
EV006321,E04810,hire,2025-09-06,2025-09,,D03,,L1,,
EV006322,E04811,hire,2025-09-09,2025-09,,D01,,L2,,
EV006323,E03161,transfer,2025-09-19,2025-09,D06,D03,L1,L1,,
EV006324,E03918,transfer,2025-09-26,2025-09,D01,D03,L2,L2,,
EV006325,E03788,transfer,2025-09-27,2025-09,D07,D09,L3,L3,,
EV006326,E02716,transfer,2025-09-01,2025-09,D06,D04,L6,L6,,
EV006327,E02840,transfer,2025-09-24,2025-09,D03,D01,L2,L2,,
EV006328,E02410,transfer,2025-09-08,2025-09,D02,D04,L3,L3,,
EV006329,E00799,transfer,2025-09-08,2025-09,D02,D04,L2,L2,,
EV006330,E03725,transfer,2025-09-30,2025-09,D01,D11,L2,L2,,
EV006331,E04085,transfer,2025-09-03,2025-09,D11,D01,L1,L1,,
EV006332,E04603,transfer,2025-09-17,2025-09,D01,D06,L3,L3,,
EV006333,E01580,transfer,2025-09-11,2025-09,D02,D06,L2,L2,,
EV006334,E02946,transfer,2025-09-04,2025-09,D07,D01,L3,L3,,
EV006335,E02683,transfer,2025-09-05,2025-09,D02,D01,L2,L2,,
EV006336,E02356,transfer,2025-09-10,2025-09,D09,D06,L4,L4,,
EV006337,E04725,transfer,2025-09-15,2025-09,D12,D08,L3,L3,,
EV006338,E04696,transfer,2025-09-02,2025-09,D12,D04,L1,L1,,
EV006339,E00908,transfer,2025-09-09,2025-09,D02,D07,L1,L1,,
EV006340,E03538,transfer,2025-09-03,2025-09,D01,D11,L5,L5,,
EV006341,E01007,transfer,2025-09-06,2025-09,D03,D12,L2,L2,,
EV006342,E04404,transfer,2025-09-22,2025-09,D03,D01,L4,L4,,
EV006343,E02121,transfer,2025-09-06,2025-09,D08,D01,L3,L3,,
EV006344,E03443,transfer,2025-09-15,2025-09,D03,D11,L7,L7,,
EV006345,E03902,transfer,2025-09-25,2025-09,D05,D01,L6,L6,,
EV006346,E00754,promotion,2025-09-30,2025-09,D01,D01,L4,L5,,
EV006347,E00198,promotion,2025-09-27,2025-09,D03,D03,L3,L4,,
EV006348,E04164,promotion,2025-09-21,2025-09,D12,D12,L3,L4,,
EV006349,E01439,promotion,2025-09-24,2025-09,D01,D01,L2,L3,,
EV006350,E04305,promotion,2025-09-26,2025-09,D01,D01,L2,L3,,
EV006351,E01874,promotion,2025-09-29,2025-09,D02,D02,L1,L2,,
EV006352,E04439,promotion,2025-09-02,2025-09,D10,D10,L1,L2,,
EV006353,E00698,promotion,2025-09-27,2025-09,D03,D03,L6,L7,,
EV006354,E02487,promotion,2025-09-26,2025-09,D01,D01,L5,L6,,
EV006355,E03709,promotion,2025-09-16,2025-09,D06,D06,L2,L3,,
EV006356,E04623,promotion,2025-09-27,2025-09,D03,D03,L2,L3,,
EV006357,E03683,promotion,2025-09-24,2025-09,D06,D06,L2,L3,,
EV006358,E03081,salary_adjust,2025-09-04,2025-09,D02,D02,L3,L3,,9.16%
EV006359,E04528,salary_adjust,2025-09-20,2025-09,D10,D10,L2,L2,,11.72%
EV006360,E04261,salary_adjust,2025-09-25,2025-09,D05,D05,L2,L2,,11.95%
EV006361,E03363,salary_adjust,2025-09-30,2025-09,D01,D01,L1,L1,,4.23%
EV006362,E00473,salary_adjust,2025-09-29,2025-09,D05,D05,L2,L2,,7.15%
EV006363,E04448,salary_adjust,2025-09-15,2025-09,D04,D04,L1,L1,,6.89%
EV006364,E01304,salary_adjust,2025-09-19,2025-09,D12,D12,L4,L4,,8.48%
EV006365,E03402,salary_adjust,2025-09-21,2025-09,D12,D12,L1,L1,,5.74%
EV006366,E03722,salary_adjust,2025-09-28,2025-09,D11,D11,L2,L2,,11.09%
EV006367,E03593,salary_adjust,2025-09-10,2025-09,D02,D02,L1,L1,,8.26%
EV006368,E04377,salary_adjust,2025-09-13,2025-09,D05,D05,L1,L1,,7.46%
EV006369,E04112,salary_adjust,2025-09-23,2025-09,D02,D02,L3,L3,,6.07%
EV006370,E02886,salary_adjust,2025-09-11,2025-09,D11,D11,L4,L4,,3.45%
EV006371,E01187,salary_adjust,2025-09-15,2025-09,D01,D01,L2,L2,,11.53%
EV006372,E03868,salary_adjust,2025-09-03,2025-09,D11,D11,L2,L2,,6.21%
EV006373,E00230,salary_adjust,2025-09-27,2025-09,D08,D08,L4,L4,,5.64%
EV006374,E02952,salary_adjust,2025-09-21,2025-09,D12,D12,L1,L1,,8.65%
EV006375,E02657,salary_adjust,2025-09-24,2025-09,D01,D01,L3,L3,,7.77%
EV006376,E02902,salary_adjust,2025-09-23,2025-09,D06,D06,L2,L2,,6.43%
EV006377,E04530,salary_adjust,2025-09-10,2025-09,D03,D03,L2,L2,,7.31%
EV006378,E01324,salary_adjust,2025-09-16,2025-09,D03,D03,L3,L3,,8.29%
EV006379,E02669,salary_adjust,2025-09-30,2025-09,D06,D06,L6,L6,,3.49%
EV006380,E00954,salary_adjust,2025-09-18,2025-09,D07,D07,L2,L2,,4.90%
EV006381,E04770,salary_adjust,2025-09-02,2025-09,D11,D11,L2,L2,,6.25%
EV006382,E00295,salary_adjust,2025-09-01,2025-09,D02,D02,L3,L3,,4.04%
EV006383,E01197,salary_adjust,2025-09-25,2025-09,D07,D07,L3,L3,,4.71%
EV006384,E01397,salary_adjust,2025-09-21,2025-09,D01,D01,L1,L1,,4.62%
EV006385,E00375,salary_adjust,2025-09-27,2025-09,D01,D01,L3,L3,,8.37%
EV006386,E04109,salary_adjust,2025-09-12,2025-09,D08,D08,L4,L4,,11.41%
EV006387,E03124,salary_adjust,2025-09-19,2025-09,D11,D11,L2,L2,,7.89%
EV006388,E04443,salary_adjust,2025-09-22,2025-09,D12,D12,L1,L1,,3.09%
EV006389,E04543,salary_adjust,2025-09-27,2025-09,D08,D08,L1,L1,,4.09%
EV006390,E01225,salary_adjust,2025-09-11,2025-09,D01,D01,L4,L4,,11.51%
EV006391,E01003,salary_adjust,2025-09-25,2025-09,D08,D08,L1,L1,,3.98%
EV006392,E01310,salary_adjust,2025-09-10,2025-09,D06,D06,L4,L4,,3.38%
EV006393,E04169,salary_adjust,2025-09-15,2025-09,D12,D12,L7,L7,,3.02%
EV006394,E03844,salary_adjust,2025-09-15,2025-09,D06,D06,L2,L2,,7.16%
EV006395,E02452,salary_adjust,2025-09-12,2025-09,D04,D04,L4,L4,,6.12%
EV006396,E00183,salary_adjust,2025-09-07,2025-09,D07,D07,L4,L4,,9.91%
EV006397,E01478,leave,2025-10-07,2025-10,D11,,L4,,R01,vol
EV006398,E00411,leave,2025-10-01,2025-10,D01,,L2,,R05,vol
EV006399,E00293,leave,2025-10-22,2025-10,D05,,L1,,R02,vol
EV006400,E00884,leave,2025-10-25,2025-10,D01,,L1,,R03,vol
EV006401,E00185,leave,2025-10-18,2025-10,D04,,L2,,R01,vol
EV006402,E01615,leave,2025-10-20,2025-10,D03,,L3,,R04,vol
EV006403,E00425,leave,2025-10-10,2025-10,D01,,L4,,R02,vol
EV006404,E00811,leave,2025-10-18,2025-10,D02,,L3,,R04,vol
EV006405,E02047,leave,2025-10-11,2025-10,D05,,L3,,R01,vol
EV006406,E01433,leave,2025-10-28,2025-10,D02,,L1,,R01,vol
EV006407,E00801,leave,2025-10-10,2025-10,D02,,L3,,R01,vol
EV006408,E03360,leave,2025-10-01,2025-10,D06,,L5,,R01,vol
EV006409,E02404,leave,2025-10-14,2025-10,D03,,L4,,R03,vol
EV006410,E00613,leave,2025-10-23,2025-10,D02,,L2,,R04,vol
EV006411,E04698,leave,2025-10-10,2025-10,D08,,L2,,R04,vol
EV006412,E02240,leave,2025-10-22,2025-10,D01,,L1,,R03,vol
EV006413,E00107,leave,2025-10-28,2025-10,D02,,L1,,R02,vol
EV006414,E03828,leave,2025-10-26,2025-10,D03,,L1,,R02,vol
EV006415,E03698,leave,2025-10-21,2025-10,D01,,L2,,R01,vol
EV006416,E03795,leave,2025-10-14,2025-10,D06,,L1,,R05,vol
EV006417,E00637,leave,2025-10-26,2025-10,D11,,L1,,R02,vol
EV006418,E02734,leave,2025-10-31,2025-10,D01,,L2,,R01,vol
EV006419,E00793,leave,2025-10-08,2025-10,D06,,L3,,R04,vol
EV006420,E01603,leave,2025-10-05,2025-10,D01,,L3,,R04,vol
EV006421,E02111,leave,2025-10-26,2025-10,D01,,L4,,R01,vol
EV006422,E03239,leave,2025-10-24,2025-10,D01,,L1,,R02,vol
EV006423,E01003,leave,2025-10-23,2025-10,D08,,L1,,R04,vol
EV006424,E01073,leave,2025-10-08,2025-10,D02,,L3,,R02,vol
EV006425,E03404,leave,2025-10-27,2025-10,D04,,L2,,R02,vol
EV006426,E03264,leave,2025-10-16,2025-10,D08,,L5,,R02,vol
EV006427,E00035,leave,2025-10-26,2025-10,D08,,L3,,R02,vol
EV006428,E01730,leave,2025-10-15,2025-10,D01,,L2,,R02,vol
EV006429,E02600,leave,2025-10-24,2025-10,D02,,L1,,R02,vol
EV006430,E00789,leave,2025-10-06,2025-10,D09,,L2,,R01,vol
EV006431,E01058,leave,2025-10-12,2025-10,D06,,L3,,R05,vol
EV006432,E04257,leave,2025-10-12,2025-10,D01,,L3,,R02,vol
EV006433,E02770,leave,2025-10-22,2025-10,D01,,L1,,R01,vol
EV006434,E01334,leave,2025-10-12,2025-10,D06,,L3,,R03,vol
EV006435,E00673,leave,2025-10-29,2025-10,D12,,L1,,R04,vol
EV006436,E01204,leave,2025-10-03,2025-10,D01,,L4,,R01,vol
EV006437,E04516,leave,2025-10-07,2025-10,D05,,L3,,R01,vol
EV006438,E01269,leave,2025-10-31,2025-10,D02,,L6,,R02,vol
EV006439,E02847,leave,2025-10-31,2025-10,D09,,L1,,R01,vol
EV006440,E02920,leave,2025-10-30,2025-10,D10,,L4,,R03,vol
EV006441,E03073,leave,2025-10-28,2025-10,D02,,L3,,R02,vol
EV006442,E04176,leave,2025-10-03,2025-10,D03,,L2,,R02,vol
EV006443,E02837,leave,2025-10-27,2025-10,D06,,L3,,R02,vol
EV006444,E01905,leave,2025-10-12,2025-10,D01,,L1,,R03,vol
EV006445,E02389,leave,2025-10-05,2025-10,D03,,L1,,R01,vol
EV006446,E04808,leave,2025-10-07,2025-10,D01,,L2,,R06,invol
EV006447,E03755,leave,2025-10-28,2025-10,D01,,L5,,R01,vol
EV006448,E00600,leave,2025-10-04,2025-10,D01,,L1,,R04,vol
EV006449,E01645,leave,2025-10-10,2025-10,D04,,L2,,R06,invol
EV006450,E03480,leave,2025-10-21,2025-10,D01,,L2,,R06,invol
EV006451,E01931,leave,2025-10-18,2025-10,D09,,L1,,R07,invol
EV006452,E01992,leave,2025-10-14,2025-10,D06,,L2,,R06,invol
EV006453,E03079,leave,2025-10-15,2025-10,D03,,L3,,R06,invol
EV006454,E00378,leave,2025-10-30,2025-10,D12,,L3,,R09,invol
EV006455,E00604,leave,2025-10-30,2025-10,D02,,L4,,R07,invol
EV006456,E02418,leave,2025-10-30,2025-10,D12,,L7,,R07,invol
EV006457,E00546,leave,2025-10-03,2025-10,D02,,L6,,R06,invol
EV006458,E00619,leave,2025-10-26,2025-10,D06,,L1,,R08,invol
EV006459,E01637,leave,2025-10-28,2025-10,D07,,L4,,R08,invol
EV006460,E03402,leave,2025-10-26,2025-10,D12,,L1,,R07,invol
EV006461,E04475,leave,2025-10-16,2025-10,D05,,L2,,R06,invol
EV006462,E01495,leave,2025-10-20,2025-10,D04,,L2,,R07,invol
EV006463,E03811,leave,2025-10-08,2025-10,D01,,L6,,R07,invol
EV006464,E02171,leave,2025-10-12,2025-10,D03,,L6,,R06,invol
EV006465,E04668,leave,2025-10-10,2025-10,D02,,L2,,R07,invol
EV006466,E01276,leave,2025-10-26,2025-10,D07,,L2,,R08,invol
EV006467,E03962,leave,2025-10-19,2025-10,D11,,L1,,R07,invol
EV006468,E03487,leave,2025-10-07,2025-10,D03,,L2,,R06,invol
EV006469,E04089,leave,2025-10-13,2025-10,D01,,L6,,R06,invol
EV006470,E04582,leave,2025-10-19,2025-10,D02,,L5,,R06,invol
EV006471,E00513,leave,2025-10-14,2025-10,D02,,L5,,R06,invol
EV006472,E03510,leave,2025-10-06,2025-10,D08,,L3,,R06,invol
EV006473,E03129,leave,2025-10-27,2025-10,D11,,L2,,R09,invol
EV006474,E04693,leave,2025-10-03,2025-10,D01,,L1,,R06,invol
EV006475,E02243,leave,2025-10-02,2025-10,D12,,L2,,R08,invol
EV006476,E03443,leave,2025-10-12,2025-10,D11,,L7,,R07,invol
EV006477,E02776,leave,2025-10-07,2025-10,D12,,L6,,R07,invol
EV006478,E04351,leave,2025-10-09,2025-10,D01,,L1,,R06,invol
EV006479,E04444,leave,2025-10-17,2025-10,D05,,L6,,R06,invol
EV006480,E02760,leave,2025-10-20,2025-10,D04,,L2,,R08,invol
EV006481,E04304,leave,2025-10-13,2025-10,D01,,L1,,R08,invol
EV006482,E02276,leave,2025-10-03,2025-10,D01,,L6,,R06,invol
EV006483,E04812,hire,2025-10-20,2025-10,,D09,,L2,,
EV006484,E04813,hire,2025-10-13,2025-10,,D07,,L5,,
EV006485,E04814,hire,2025-10-01,2025-10,,D01,,L5,,
EV006486,E04815,hire,2025-10-27,2025-10,,D10,,L2,,
EV006487,E04816,hire,2025-10-16,2025-10,,D12,,L2,,
EV006488,E04817,hire,2025-10-30,2025-10,,D05,,L2,,
EV006489,E04818,hire,2025-10-12,2025-10,,D03,,L3,,
EV006490,E04819,hire,2025-10-13,2025-10,,D02,,L1,,
EV006491,E04820,hire,2025-10-09,2025-10,,D01,,L2,,
EV006492,E04821,hire,2025-10-22,2025-10,,D02,,L1,,
EV006493,E04822,hire,2025-10-12,2025-10,,D07,,L3,,
EV006494,E04823,hire,2025-10-06,2025-10,,D07,,L6,,
EV006495,E04824,hire,2025-10-16,2025-10,,D09,,L3,,
EV006496,E04825,hire,2025-10-26,2025-10,,D03,,L4,,
EV006497,E04826,hire,2025-10-30,2025-10,,D02,,L2,,
EV006498,E04827,hire,2025-10-21,2025-10,,D10,,L2,,
EV006499,E04828,hire,2025-10-29,2025-10,,D04,,L5,,
EV006500,E04829,hire,2025-10-20,2025-10,,D02,,L2,,
EV006501,E04830,hire,2025-10-22,2025-10,,D11,,L2,,
EV006502,E04831,hire,2025-10-03,2025-10,,D04,,L1,,
EV006503,E04832,hire,2025-10-19,2025-10,,D01,,L4,,
EV006504,E04833,hire,2025-10-18,2025-10,,D06,,L2,,
EV006505,E04834,hire,2025-10-06,2025-10,,D11,,L1,,
EV006506,E04835,hire,2025-10-15,2025-10,,D01,,L1,,
EV006507,E04836,hire,2025-10-19,2025-10,,D07,,L3,,
EV006508,E04837,hire,2025-10-08,2025-10,,D12,,L1,,
EV006509,E04838,hire,2025-10-13,2025-10,,D07,,L1,,
EV006510,E04839,hire,2025-10-31,2025-10,,D03,,L1,,
EV006511,E04840,hire,2025-10-23,2025-10,,D01,,L1,,
EV006512,E04841,hire,2025-10-15,2025-10,,D02,,L4,,
EV006513,E04842,hire,2025-10-11,2025-10,,D12,,L4,,
EV006514,E04843,hire,2025-10-19,2025-10,,D06,,L3,,
EV006515,E04844,hire,2025-10-27,2025-10,,D06,,L5,,
EV006516,E04845,hire,2025-10-07,2025-10,,D02,,L4,,
EV006517,E04846,hire,2025-10-09,2025-10,,D05,,L3,,
EV006518,E04847,hire,2025-10-07,2025-10,,D05,,L7,,
EV006519,E04848,hire,2025-10-20,2025-10,,D05,,L5,,
EV006520,E04849,hire,2025-10-06,2025-10,,D01,,L5,,
EV006521,E04850,hire,2025-10-19,2025-10,,D01,,L1,,
EV006522,E04851,hire,2025-10-30,2025-10,,D02,,L4,,
EV006523,E04852,hire,2025-10-11,2025-10,,D12,,L1,,
EV006524,E04853,hire,2025-10-07,2025-10,,D02,,L4,,
EV006525,E04854,hire,2025-10-22,2025-10,,D05,,L5,,
EV006526,E04855,hire,2025-10-15,2025-10,,D06,,L1,,
EV006527,E04856,hire,2025-10-13,2025-10,,D12,,L2,,
EV006528,E04857,hire,2025-10-29,2025-10,,D06,,L5,,
EV006529,E04858,hire,2025-10-23,2025-10,,D08,,L4,,
EV006530,E04859,hire,2025-10-31,2025-10,,D02,,L3,,
EV006531,E04860,hire,2025-10-24,2025-10,,D01,,L1,,
EV006532,E04861,hire,2025-10-17,2025-10,,D03,,L4,,
EV006533,E04862,hire,2025-10-09,2025-10,,D01,,L1,,
EV006534,E04863,hire,2025-10-12,2025-10,,D03,,L3,,
EV006535,E04864,hire,2025-10-31,2025-10,,D01,,L2,,
EV006536,E04865,hire,2025-10-18,2025-10,,D08,,L2,,
EV006537,E04866,hire,2025-10-10,2025-10,,D11,,L2,,
EV006538,E04867,hire,2025-10-07,2025-10,,D03,,L1,,
EV006539,E04868,hire,2025-10-09,2025-10,,D11,,L4,,
EV006540,E04869,hire,2025-10-15,2025-10,,D04,,L1,,
EV006541,E04870,hire,2025-10-23,2025-10,,D05,,L1,,
EV006542,E04871,hire,2025-10-08,2025-10,,D01,,L3,,
EV006543,E04872,hire,2025-10-18,2025-10,,D01,,L4,,
EV006544,E04873,hire,2025-10-27,2025-10,,D01,,L1,,
EV006545,E04874,hire,2025-10-30,2025-10,,D01,,L1,,
EV006546,E04875,hire,2025-10-22,2025-10,,D02,,L4,,
EV006547,E04876,hire,2025-10-08,2025-10,,D02,,L3,,
EV006548,E04877,hire,2025-10-24,2025-10,,D02,,L1,,
EV006549,E04878,hire,2025-10-11,2025-10,,D11,,L2,,
EV006550,E04879,hire,2025-10-01,2025-10,,D01,,L1,,
EV006551,E04880,hire,2025-10-02,2025-10,,D08,,L4,,
EV006552,E04881,hire,2025-10-31,2025-10,,D02,,L3,,
EV006553,E04882,hire,2025-10-14,2025-10,,D02,,L2,,
EV006554,E04883,hire,2025-10-07,2025-10,,D06,,L5,,
EV006555,E04884,hire,2025-10-27,2025-10,,D04,,L7,,
EV006556,E04885,hire,2025-10-24,2025-10,,D08,,L1,,
EV006557,E04886,hire,2025-10-29,2025-10,,D01,,L2,,
EV006558,E04887,hire,2025-10-04,2025-10,,D03,,L4,,
EV006559,E04888,hire,2025-10-30,2025-10,,D01,,L1,,
EV006560,E04889,hire,2025-10-27,2025-10,,D08,,L2,,
EV006561,E04890,hire,2025-10-29,2025-10,,D12,,L5,,
EV006562,E04891,hire,2025-10-04,2025-10,,D01,,L1,,
EV006563,E04892,hire,2025-10-11,2025-10,,D11,,L1,,
EV006564,E04893,hire,2025-10-19,2025-10,,D07,,L4,,
EV006565,E04894,hire,2025-10-07,2025-10,,D02,,L1,,
EV006566,E04895,hire,2025-10-31,2025-10,,D02,,L1,,
EV006567,E04896,hire,2025-10-27,2025-10,,D02,,L7,,
EV006568,E04897,hire,2025-10-29,2025-10,,D05,,L3,,
EV006569,E04898,hire,2025-10-09,2025-10,,D12,,L2,,
EV006570,E04899,hire,2025-10-29,2025-10,,D11,,L1,,
EV006571,E04900,hire,2025-10-28,2025-10,,D02,,L1,,
EV006572,E04901,hire,2025-10-21,2025-10,,D03,,L1,,
EV006573,E04902,hire,2025-10-21,2025-10,,D04,,L4,,
EV006574,E04903,hire,2025-10-07,2025-10,,D01,,L4,,
EV006575,E04904,hire,2025-10-12,2025-10,,D11,,L1,,
EV006576,E04905,hire,2025-10-03,2025-10,,D12,,L3,,
EV006577,E04906,hire,2025-10-05,2025-10,,D06,,L3,,
EV006578,E04907,hire,2025-10-11,2025-10,,D02,,L2,,
EV006579,E04908,hire,2025-10-08,2025-10,,D01,,L2,,
EV006580,E04909,hire,2025-10-13,2025-10,,D12,,L1,,
EV006581,E04910,hire,2025-10-11,2025-10,,D02,,L1,,
EV006582,E04911,hire,2025-10-12,2025-10,,D06,,L1,,
EV006583,E04912,hire,2025-10-09,2025-10,,D03,,L3,,
EV006584,E04913,hire,2025-10-27,2025-10,,D01,,L1,,
EV006585,E04914,hire,2025-10-01,2025-10,,D05,,L1,,
EV006586,E04915,hire,2025-10-24,2025-10,,D03,,L4,,
EV006587,E04916,hire,2025-10-20,2025-10,,D07,,L3,,
EV006588,E04917,hire,2025-10-29,2025-10,,D01,,L3,,
EV006589,E04918,hire,2025-10-09,2025-10,,D04,,L1,,
EV006590,E04919,hire,2025-10-13,2025-10,,D07,,L3,,
EV006591,E04920,hire,2025-10-05,2025-10,,D01,,L6,,
EV006592,E04921,hire,2025-10-15,2025-10,,D01,,L5,,
EV006593,E04922,hire,2025-10-30,2025-10,,D08,,L5,,
EV006594,E04923,hire,2025-10-25,2025-10,,D01,,L4,,
EV006595,E04924,hire,2025-10-09,2025-10,,D01,,L6,,
EV006596,E04925,hire,2025-10-18,2025-10,,D05,,L2,,
EV006597,E04926,hire,2025-10-03,2025-10,,D01,,L3,,
EV006598,E04927,hire,2025-10-03,2025-10,,D01,,L4,,
EV006599,E04928,hire,2025-10-19,2025-10,,D05,,L1,,
EV006600,E02706,transfer,2025-10-24,2025-10,D08,D12,L6,L6,,
EV006601,E03321,transfer,2025-10-29,2025-10,D05,D12,L2,L2,,
EV006602,E01038,transfer,2025-10-17,2025-10,D11,D03,L1,L1,,
EV006603,E04453,transfer,2025-10-15,2025-10,D03,D11,L1,L1,,
EV006604,E04100,transfer,2025-10-22,2025-10,D04,D02,L2,L2,,
EV006605,E02440,transfer,2025-10-29,2025-10,D10,D09,L2,L2,,
EV006606,E04376,transfer,2025-10-05,2025-10,D03,D01,L3,L3,,
EV006607,E02275,transfer,2025-10-21,2025-10,D11,D01,L4,L4,,
EV006608,E02716,transfer,2025-10-24,2025-10,D04,D01,L6,L6,,
EV006609,E03790,transfer,2025-10-08,2025-10,D04,D09,L6,L6,,
EV006610,E03958,transfer,2025-10-06,2025-10,D02,D03,L3,L3,,
EV006611,E04651,transfer,2025-10-05,2025-10,D01,D03,L2,L2,,
EV006612,E00662,transfer,2025-10-24,2025-10,D03,D01,L4,L4,,
EV006613,E00023,transfer,2025-10-20,2025-10,D11,D01,L4,L4,,
EV006614,E01814,transfer,2025-10-10,2025-10,D02,D01,L3,L3,,
EV006615,E00573,transfer,2025-10-07,2025-10,D01,D05,L3,L3,,
EV006616,E00656,transfer,2025-10-29,2025-10,D06,D01,L2,L2,,
EV006617,E04474,transfer,2025-10-02,2025-10,D05,D03,L3,L3,,
EV006618,E04833,transfer,2025-10-30,2025-10,D06,D01,L2,L2,,
EV006619,E02074,transfer,2025-10-31,2025-10,D01,D10,L1,L1,,
EV006620,E02429,transfer,2025-10-04,2025-10,D05,D03,L1,L1,,
EV006621,E04099,transfer,2025-10-04,2025-10,D01,D03,L1,L1,,
EV006622,E03000,transfer,2025-10-04,2025-10,D06,D05,L2,L2,,
EV006623,E01321,transfer,2025-10-10,2025-10,D08,D03,L2,L2,,
EV006624,E02978,transfer,2025-10-13,2025-10,D12,D11,L3,L3,,
EV006625,E02172,transfer,2025-10-20,2025-10,D11,D12,L1,L1,,
EV006626,E01484,transfer,2025-10-07,2025-10,D01,D04,L2,L2,,
EV006627,E01127,promotion,2025-10-31,2025-10,D08,D08,L1,L2,,
EV006628,E01962,promotion,2025-10-02,2025-10,D09,D09,L4,L5,,
EV006629,E03334,promotion,2025-10-02,2025-10,D01,D01,L6,L7,,
EV006630,E03483,promotion,2025-10-31,2025-10,D06,D06,L1,L2,,
EV006631,E03530,promotion,2025-10-31,2025-10,D03,D03,L3,L4,,
EV006632,E00283,promotion,2025-10-21,2025-10,D02,D02,L1,L2,,
EV006633,E01613,promotion,2025-10-20,2025-10,D05,D05,L2,L3,,
EV006634,E01570,promotion,2025-10-20,2025-10,D08,D08,L2,L3,,
EV006635,E02431,promotion,2025-10-25,2025-10,D11,D11,L2,L3,,
EV006636,E00851,promotion,2025-10-27,2025-10,D01,D01,L2,L3,,
EV006637,E03891,promotion,2025-10-30,2025-10,D08,D08,L2,L3,,
EV006638,E04451,salary_adjust,2025-10-30,2025-10,D04,D04,L2,L2,,7.03%
EV006639,E02921,salary_adjust,2025-10-04,2025-10,D10,D10,L6,L6,,5.90%
EV006640,E00927,salary_adjust,2025-10-06,2025-10,D06,D06,L1,L1,,10.66%
EV006641,E00562,salary_adjust,2025-10-27,2025-10,D08,D08,L3,L3,,8.24%
EV006642,E04110,salary_adjust,2025-10-02,2025-10,D11,D11,L1,L1,,7.71%
EV006643,E00457,salary_adjust,2025-10-20,2025-10,D03,D03,L1,L1,,8.15%
EV006644,E02129,salary_adjust,2025-10-20,2025-10,D01,D01,L3,L3,,5.87%
EV006645,E02274,salary_adjust,2025-10-17,2025-10,D02,D02,L5,L5,,8.68%
EV006646,E04424,salary_adjust,2025-10-28,2025-10,D05,D05,L1,L1,,10.84%
EV006647,E00700,salary_adjust,2025-10-15,2025-10,D03,D03,L3,L3,,6.93%
EV006648,E02627,salary_adjust,2025-10-13,2025-10,D01,D01,L1,L1,,9.69%
EV006649,E03433,salary_adjust,2025-10-21,2025-10,D01,D01,L1,L1,,10.63%
EV006650,E00308,salary_adjust,2025-10-26,2025-10,D06,D06,L3,L3,,4.01%
EV006651,E02139,salary_adjust,2025-10-25,2025-10,D07,D07,L6,L6,,5.24%
EV006652,E00249,salary_adjust,2025-10-02,2025-10,D05,D05,L6,L6,,3.51%
EV006653,E04569,salary_adjust,2025-10-05,2025-10,D12,D12,L2,L2,,8.23%
EV006654,E02053,salary_adjust,2025-10-01,2025-10,D04,D04,L7,L7,,7.60%
EV006655,E01735,salary_adjust,2025-10-15,2025-10,D12,D12,L1,L1,,9.68%
EV006656,E02190,salary_adjust,2025-10-12,2025-10,D01,D01,L1,L1,,7.66%
EV006657,E01632,salary_adjust,2025-10-02,2025-10,D01,D01,L2,L2,,9.64%
EV006658,E02215,salary_adjust,2025-10-07,2025-10,D04,D04,L2,L2,,4.05%
EV006659,E04814,salary_adjust,2025-10-25,2025-10,D01,D01,L5,L5,,7.94%
EV006660,E00331,salary_adjust,2025-10-10,2025-10,D03,D03,L4,L4,,5.65%
EV006661,E04597,salary_adjust,2025-10-21,2025-10,D01,D01,L1,L1,,10.89%
EV006662,E02353,salary_adjust,2025-10-12,2025-10,D04,D04,L3,L3,,9.28%
EV006663,E00626,salary_adjust,2025-10-20,2025-10,D05,D05,L1,L1,,6.83%
EV006664,E01715,salary_adjust,2025-10-13,2025-10,D01,D01,L3,L3,,6.22%
EV006665,E03783,salary_adjust,2025-10-09,2025-10,D05,D05,L1,L1,,11.82%
EV006666,E04242,salary_adjust,2025-10-29,2025-10,D06,D06,L3,L3,,9.30%
EV006667,E02746,salary_adjust,2025-10-14,2025-10,D04,D04,L1,L1,,9.98%
EV006668,E03707,salary_adjust,2025-10-17,2025-10,D03,D03,L3,L3,,6.68%
EV006669,E03533,salary_adjust,2025-10-04,2025-10,D01,D01,L4,L4,,4.18%
EV006670,E00417,salary_adjust,2025-10-22,2025-10,D03,D03,L2,L2,,10.17%
EV006671,E02626,salary_adjust,2025-10-28,2025-10,D02,D02,L1,L1,,9.00%
EV006672,E03150,salary_adjust,2025-10-19,2025-10,D02,D02,L6,L6,,10.29%
EV006673,E03070,salary_adjust,2025-10-16,2025-10,D12,D12,L1,L1,,9.99%
EV006674,E02412,salary_adjust,2025-10-28,2025-10,D11,D11,L6,L6,,6.37%
EV006675,E02924,salary_adjust,2025-10-23,2025-10,D02,D02,L3,L3,,10.02%
EV006676,E04535,salary_adjust,2025-10-06,2025-10,D12,D12,L4,L4,,9.14%
EV006677,E04273,salary_adjust,2025-10-24,2025-10,D02,D02,L4,L4,,5.10%
EV006678,E04690,salary_adjust,2025-10-18,2025-10,D02,D02,L2,L2,,6.38%
EV006679,E00533,salary_adjust,2025-10-09,2025-10,D01,D01,L6,L6,,6.76%
EV006680,E01606,salary_adjust,2025-10-23,2025-10,D08,D08,L4,L4,,10.03%
EV006681,E03350,salary_adjust,2025-10-10,2025-10,D08,D08,L2,L2,,6.77%
EV006682,E01494,salary_adjust,2025-10-27,2025-10,D01,D01,L3,L3,,6.70%
EV006683,E02308,salary_adjust,2025-10-29,2025-10,D05,D05,L7,L7,,11.96%
EV006684,E03562,salary_adjust,2025-10-20,2025-10,D06,D06,L1,L1,,7.39%
EV006685,E03009,salary_adjust,2025-10-30,2025-10,D05,D05,L5,L5,,4.55%
EV006686,E00704,salary_adjust,2025-10-02,2025-10,D02,D02,L5,L5,,10.55%
EV006687,E02968,salary_adjust,2025-10-31,2025-10,D01,D01,L1,L1,,8.26%
EV006688,E04584,salary_adjust,2025-10-07,2025-10,D01,D01,L3,L3,,6.57%
EV006689,E00999,salary_adjust,2025-10-21,2025-10,D02,D02,L2,L2,,10.49%
EV006690,E03782,salary_adjust,2025-10-12,2025-10,D11,D11,L5,L5,,4.51%
EV006691,E01080,salary_adjust,2025-10-10,2025-10,D02,D02,L6,L6,,8.84%
EV006692,E00886,salary_adjust,2025-10-21,2025-10,D01,D01,L1,L1,,8.15%
EV006693,E03803,salary_adjust,2025-10-01,2025-10,D05,D05,L2,L2,,10.78%
EV006694,E02440,salary_adjust,2025-10-20,2025-10,D09,D09,L2,L2,,5.61%
EV006695,E03915,salary_adjust,2025-10-12,2025-10,D01,D01,L1,L1,,4.47%
EV006696,E02246,salary_adjust,2025-10-08,2025-10,D01,D01,L1,L1,,11.42%
EV006697,E00882,salary_adjust,2025-10-08,2025-10,D05,D05,L5,L5,,11.18%
EV006698,E01259,salary_adjust,2025-10-29,2025-10,D11,D11,L1,L1,,6.93%
EV006699,E02098,salary_adjust,2025-10-14,2025-10,D06,D06,L1,L1,,9.92%
EV006700,E00737,salary_adjust,2025-10-21,2025-10,D07,D07,L1,L1,,11.55%
EV006701,E04367,salary_adjust,2025-10-31,2025-10,D01,D01,L1,L1,,7.04%
EV006702,E03244,salary_adjust,2025-10-07,2025-10,D03,D03,L1,L1,,3.37%
EV006703,E04697,salary_adjust,2025-10-17,2025-10,D01,D01,L5,L5,,5.30%
EV006704,E01117,salary_adjust,2025-10-26,2025-10,D02,D02,L2,L2,,6.21%
EV006705,E01383,salary_adjust,2025-10-22,2025-10,D03,D03,L1,L1,,5.37%
EV006706,E00915,salary_adjust,2025-10-01,2025-10,D02,D02,L3,L3,,9.40%
EV006707,E01023,salary_adjust,2025-10-08,2025-10,D12,D12,L3,L3,,11.69%
EV006708,E04379,salary_adjust,2025-10-16,2025-10,D06,D06,L1,L1,,3.64%
EV006709,E03731,salary_adjust,2025-10-18,2025-10,D01,D01,L3,L3,,10.58%
EV006710,E01736,salary_adjust,2025-10-30,2025-10,D01,D01,L3,L3,,9.09%
EV006711,E04567,salary_adjust,2025-10-21,2025-10,D01,D01,L1,L1,,4.57%
EV006712,E02248,salary_adjust,2025-10-31,2025-10,D07,D07,L3,L3,,7.54%
EV006713,E04704,salary_adjust,2025-10-03,2025-10,D03,D03,L4,L4,,6.90%
EV006714,E04307,salary_adjust,2025-10-28,2025-10,D08,D08,L5,L5,,9.25%
EV006715,E02928,salary_adjust,2025-10-14,2025-10,D07,D07,L2,L2,,8.29%
EV006716,E03214,salary_adjust,2025-10-01,2025-10,D01,D01,L2,L2,,4.46%
EV006717,E00885,salary_adjust,2025-10-21,2025-10,D03,D03,L1,L1,,4.30%
EV006718,E04846,salary_adjust,2025-10-02,2025-10,D05,D05,L3,L3,,10.74%
EV006719,E02109,salary_adjust,2025-10-10,2025-10,D01,D01,L3,L3,,3.79%
EV006720,E02220,salary_adjust,2025-10-11,2025-10,D05,D05,L2,L2,,8.41%
EV006721,E02076,salary_adjust,2025-10-09,2025-10,D11,D11,L1,L1,,3.98%
EV006722,E04926,salary_adjust,2025-10-22,2025-10,D01,D01,L3,L3,,10.56%
EV006723,E01900,salary_adjust,2025-10-30,2025-10,D01,D01,L1,L1,,9.42%
EV006724,E03714,salary_adjust,2025-10-29,2025-10,D08,D08,L4,L4,,7.50%
EV006725,E03250,salary_adjust,2025-10-06,2025-10,D12,D12,L1,L1,,9.96%
EV006726,E00365,salary_adjust,2025-10-28,2025-10,D03,D03,L4,L4,,5.29%
EV006727,E00509,salary_adjust,2025-10-10,2025-10,D10,D10,L6,L6,,9.74%
EV006728,E00591,salary_adjust,2025-10-09,2025-10,D08,D08,L5,L5,,7.61%
EV006729,E00944,salary_adjust,2025-10-27,2025-10,D06,D06,L2,L2,,6.53%
EV006730,E01427,salary_adjust,2025-10-18,2025-10,D02,D02,L2,L2,,6.64%
EV006731,E00842,salary_adjust,2025-10-24,2025-10,D07,D07,L2,L2,,10.92%
EV006732,E03149,salary_adjust,2025-10-01,2025-10,D02,D02,L2,L2,,8.93%
EV006733,E00440,salary_adjust,2025-10-09,2025-10,D02,D02,L2,L2,,4.85%
EV006734,E00172,salary_adjust,2025-10-15,2025-10,D02,D02,L4,L4,,9.20%
EV006735,E01977,salary_adjust,2025-10-04,2025-10,D02,D02,L3,L3,,7.42%
EV006736,E01153,salary_adjust,2025-10-17,2025-10,D07,D07,L1,L1,,3.67%
EV006737,E00392,salary_adjust,2025-10-25,2025-10,D02,D02,L1,L1,,4.13%
EV006738,E03465,salary_adjust,2025-10-27,2025-10,D02,D02,L5,L5,,10.17%
EV006739,E01753,salary_adjust,2025-10-12,2025-10,D03,D03,L1,L1,,5.24%
EV006740,E04711,salary_adjust,2025-10-15,2025-10,D06,D06,L2,L2,,3.22%
EV006741,E02604,salary_adjust,2025-10-09,2025-10,D02,D02,L3,L3,,7.90%
EV006742,E01916,salary_adjust,2025-10-27,2025-10,D03,D03,L3,L3,,10.27%
EV006743,E02282,salary_adjust,2025-10-21,2025-10,D05,D05,L5,L5,,8.17%
EV006744,E01197,salary_adjust,2025-10-21,2025-10,D07,D07,L3,L3,,8.41%
EV006745,E02143,salary_adjust,2025-10-06,2025-10,D01,D01,L2,L2,,10.57%
EV006746,E03722,salary_adjust,2025-10-01,2025-10,D11,D11,L2,L2,,7.99%
EV006747,E03696,salary_adjust,2025-10-27,2025-10,D02,D02,L1,L1,,7.57%
EV006748,E00563,salary_adjust,2025-10-18,2025-10,D01,D01,L1,L1,,9.36%
EV006749,E03746,salary_adjust,2025-10-12,2025-10,D03,D03,L4,L4,,7.78%
EV006750,E04739,salary_adjust,2025-10-16,2025-10,D06,D06,L1,L1,,5.07%
EV006751,E04618,salary_adjust,2025-10-23,2025-10,D01,D01,L2,L2,,10.17%
EV006752,E00173,salary_adjust,2025-10-21,2025-10,D01,D01,L2,L2,,6.08%
EV006753,E02083,salary_adjust,2025-10-29,2025-10,D04,D04,L3,L3,,5.14%
EV006754,E00140,salary_adjust,2025-10-08,2025-10,D05,D05,L6,L6,,7.19%
EV006755,E02116,salary_adjust,2025-10-10,2025-10,D01,D01,L4,L4,,10.95%
EV006756,E00502,salary_adjust,2025-10-04,2025-10,D03,D03,L2,L2,,5.31%
EV006757,E01774,salary_adjust,2025-10-10,2025-10,D07,D07,L1,L1,,6.92%
EV006758,E03529,salary_adjust,2025-10-25,2025-10,D12,D12,L3,L3,,5.47%
EV006759,E01698,salary_adjust,2025-10-01,2025-10,D03,D03,L4,L4,,6.59%
EV006760,E03191,salary_adjust,2025-10-04,2025-10,D06,D06,L3,L3,,10.93%
EV006761,E01729,salary_adjust,2025-10-14,2025-10,D02,D02,L3,L3,,10.95%
EV006762,E00430,salary_adjust,2025-10-14,2025-10,D03,D03,L3,L3,,5.05%
EV006763,E00707,salary_adjust,2025-10-10,2025-10,D02,D02,L3,L3,,6.98%
EV006764,E01505,salary_adjust,2025-10-15,2025-10,D04,D04,L4,L4,,11.70%
EV006765,E00291,salary_adjust,2025-10-02,2025-10,D09,D09,L2,L2,,8.65%
EV006766,E03536,salary_adjust,2025-10-29,2025-10,D05,D05,L1,L1,,6.88%
EV006767,E00294,salary_adjust,2025-10-14,2025-10,D06,D06,L1,L1,,6.41%
EV006768,E04589,salary_adjust,2025-10-21,2025-10,D01,D01,L2,L2,,7.38%
EV006769,E03018,salary_adjust,2025-10-15,2025-10,D03,D03,L2,L2,,9.83%
EV006770,E02251,salary_adjust,2025-10-22,2025-10,D05,D05,L3,L3,,9.26%
EV006771,E03628,salary_adjust,2025-10-07,2025-10,D01,D01,L6,L6,,8.40%
EV006772,E02728,salary_adjust,2025-10-05,2025-10,D03,D03,L3,L3,,10.82%
EV006773,E03253,salary_adjust,2025-10-06,2025-10,D01,D01,L1,L1,,8.96%
EV006774,E01041,salary_adjust,2025-10-11,2025-10,D12,D12,L3,L3,,3.99%
EV006775,E04459,salary_adjust,2025-10-26,2025-10,D01,D01,L1,L1,,5.99%
EV006776,E03032,salary_adjust,2025-10-28,2025-10,D04,D04,L4,L4,,8.88%
EV006777,E04797,salary_adjust,2025-10-24,2025-10,D08,D08,L1,L1,,11.28%
EV006778,E00352,salary_adjust,2025-10-17,2025-10,D03,D03,L2,L2,,8.78%
EV006779,E01270,salary_adjust,2025-10-23,2025-10,D02,D02,L1,L1,,7.18%
EV006780,E03385,salary_adjust,2025-10-03,2025-10,D01,D01,L2,L2,,3.70%
EV006781,E02396,salary_adjust,2025-10-21,2025-10,D12,D12,L3,L3,,4.70%
EV006782,E01562,salary_adjust,2025-10-12,2025-10,D01,D01,L6,L6,,3.76%
EV006783,E00879,salary_adjust,2025-10-06,2025-10,D01,D01,L3,L3,,5.69%
EV006784,E04160,salary_adjust,2025-10-01,2025-10,D01,D01,L3,L3,,4.66%
EV006785,E04907,salary_adjust,2025-10-27,2025-10,D02,D02,L2,L2,,3.98%
EV006786,E04472,salary_adjust,2025-10-25,2025-10,D02,D02,L6,L6,,5.18%
EV006787,E03737,salary_adjust,2025-10-15,2025-10,D02,D02,L3,L3,,10.92%
EV006788,E00070,salary_adjust,2025-10-08,2025-10,D11,D11,L4,L4,,6.92%
EV006789,E00039,salary_adjust,2025-10-12,2025-10,D01,D01,L4,L4,,9.50%
EV006790,E00672,salary_adjust,2025-10-29,2025-10,D01,D01,L1,L1,,6.70%
EV006791,E04028,salary_adjust,2025-10-15,2025-10,D01,D01,L3,L3,,9.16%
EV006792,E03212,salary_adjust,2025-10-10,2025-10,D05,D05,L1,L1,,10.22%
EV006793,E02573,salary_adjust,2025-10-21,2025-10,D06,D06,L1,L1,,8.44%
EV006794,E04297,salary_adjust,2025-10-19,2025-10,D04,D04,L2,L2,,10.90%
EV006795,E01116,salary_adjust,2025-10-31,2025-10,D01,D01,L1,L1,,10.08%
EV006796,E02592,salary_adjust,2025-10-27,2025-10,D01,D01,L2,L2,,5.63%
EV006797,E04170,salary_adjust,2025-10-28,2025-10,D11,D11,L1,L1,,4.49%
EV006798,E01951,salary_adjust,2025-10-27,2025-10,D03,D03,L4,L4,,5.32%
EV006799,E03543,leave,2025-11-19,2025-11,D03,,L3,,R03,vol
EV006800,E00569,leave,2025-11-02,2025-11,D02,,L4,,R02,vol
EV006801,E04566,leave,2025-11-07,2025-11,D10,,L5,,R05,vol
EV006802,E04691,leave,2025-11-20,2025-11,D07,,L1,,R01,vol
EV006803,E04658,leave,2025-11-22,2025-11,D11,,L1,,R06,invol
EV006804,E00359,leave,2025-11-25,2025-11,D11,,L2,,R02,vol
EV006805,E03433,leave,2025-11-26,2025-11,D01,,L1,,R02,vol
EV006806,E04842,leave,2025-11-10,2025-11,D12,,L4,,R05,vol
EV006807,E04008,leave,2025-11-01,2025-11,D10,,L3,,R02,vol
EV006808,E04214,leave,2025-11-17,2025-11,D03,,L2,,R01,vol
EV006809,E01718,leave,2025-11-17,2025-11,D05,,L2,,R02,vol
EV006810,E01383,leave,2025-11-11,2025-11,D03,,L1,,R03,vol
EV006811,E04832,leave,2025-11-14,2025-11,D01,,L4,,R02,vol
EV006812,E04684,leave,2025-11-20,2025-11,D09,,L6,,R03,vol
EV006813,E02004,leave,2025-11-24,2025-11,D02,,L3,,R01,vol
EV006814,E01774,leave,2025-11-11,2025-11,D07,,L1,,R05,vol
EV006815,E04820,leave,2025-11-27,2025-11,D01,,L2,,R02,vol
EV006816,E03201,leave,2025-11-26,2025-11,D11,,L2,,R02,vol
EV006817,E02687,leave,2025-11-19,2025-11,D01,,L3,,R01,vol
EV006818,E03285,leave,2025-11-19,2025-11,D07,,L3,,R04,vol
EV006819,E04085,leave,2025-11-24,2025-11,D01,,L1,,R02,vol
EV006820,E00175,leave,2025-11-22,2025-11,D04,,L3,,R01,vol
EV006821,E02442,leave,2025-11-29,2025-11,D01,,L7,,R02,vol
EV006822,E04926,leave,2025-11-26,2025-11,D01,,L3,,R06,invol
EV006823,E04216,leave,2025-11-16,2025-11,D01,,L1,,R01,vol
EV006824,E01345,leave,2025-11-06,2025-11,D07,,L1,,R03,vol
EV006825,E00744,leave,2025-11-11,2025-11,D01,,L2,,R01,vol
EV006826,E02972,leave,2025-11-16,2025-11,D03,,L2,,R01,vol
EV006827,E01698,leave,2025-11-17,2025-11,D03,,L4,,R04,vol
EV006828,E02967,leave,2025-11-06,2025-11,D03,,L2,,R01,vol
EV006829,E02710,leave,2025-11-16,2025-11,D03,,L2,,R02,vol
EV006830,E04785,leave,2025-11-20,2025-11,D12,,L1,,R03,vol
EV006831,E01913,leave,2025-11-07,2025-11,D01,,L2,,R01,vol
EV006832,E00766,leave,2025-11-23,2025-11,D01,,L4,,R01,vol
EV006833,E04784,leave,2025-11-02,2025-11,D02,,L2,,R04,vol
EV006834,E00534,leave,2025-11-09,2025-11,D03,,L2,,R01,vol
EV006835,E01560,leave,2025-11-16,2025-11,D04,,L5,,R02,vol
EV006836,E04669,leave,2025-11-06,2025-11,D01,,L2,,R06,invol
EV006837,E04780,leave,2025-11-11,2025-11,D03,,L3,,R01,vol
EV006838,E00614,leave,2025-11-12,2025-11,D11,,L2,,R02,vol
EV006839,E00195,leave,2025-11-30,2025-11,D04,,L1,,R01,vol
EV006840,E00496,leave,2025-11-25,2025-11,D11,,L5,,R02,vol
EV006841,E01939,leave,2025-11-12,2025-11,D01,,L3,,R01,vol
EV006842,E03037,leave,2025-11-08,2025-11,D08,,L2,,R01,vol
EV006843,E03517,leave,2025-11-05,2025-11,D03,,L5,,R02,vol
EV006844,E01814,leave,2025-11-15,2025-11,D01,,L3,,R03,vol
EV006845,E00415,leave,2025-11-17,2025-11,D11,,L3,,R01,vol
EV006846,E03788,leave,2025-11-17,2025-11,D09,,L3,,R01,vol
EV006847,E03910,leave,2025-11-05,2025-11,D02,,L3,,R02,vol
EV006848,E02397,leave,2025-11-07,2025-11,D11,,L2,,R07,invol
EV006849,E01764,leave,2025-11-12,2025-11,D04,,L2,,R08,invol
EV006850,E03032,leave,2025-11-16,2025-11,D04,,L4,,R06,invol
EV006851,E01146,leave,2025-11-15,2025-11,D11,,L4,,R09,invol
EV006852,E02989,leave,2025-11-11,2025-11,D05,,L3,,R07,invol
EV006853,E01161,leave,2025-11-20,2025-11,D09,,L4,,R06,invol
EV006854,E02355,leave,2025-11-11,2025-11,D12,,L6,,R07,invol
EV006855,E03428,leave,2025-11-05,2025-11,D06,,L3,,R06,invol
EV006856,E04614,leave,2025-11-18,2025-11,D01,,L5,,R07,invol
EV006857,E04385,leave,2025-11-23,2025-11,D11,,L4,,R06,invol
EV006858,E04694,leave,2025-11-01,2025-11,D03,,L2,,R07,invol
EV006859,E02536,leave,2025-11-08,2025-11,D01,,L6,,R09,invol
EV006860,E03868,leave,2025-11-25,2025-11,D11,,L2,,R09,invol
EV006861,E02939,leave,2025-11-11,2025-11,D03,,L2,,R06,invol
EV006862,E02223,leave,2025-11-07,2025-11,D05,,L1,,R07,invol
EV006863,E02254,leave,2025-11-22,2025-11,D07,,L6,,R08,invol
EV006864,E03840,leave,2025-11-20,2025-11,D03,,L1,,R06,invol
EV006865,E00961,leave,2025-11-05,2025-11,D03,,L1,,R06,invol
EV006866,E00601,leave,2025-11-09,2025-11,D01,,L1,,R06,invol
EV006867,E04849,leave,2025-11-22,2025-11,D01,,L5,,R06,invol
EV006868,E02167,leave,2025-11-08,2025-11,D12,,L2,,R07,invol
EV006869,E03953,leave,2025-11-15,2025-11,D04,,L2,,R09,invol
EV006870,E01820,leave,2025-11-20,2025-11,D03,,L2,,R06,invol
EV006871,E04374,leave,2025-11-23,2025-11,D01,,L2,,R09,invol
EV006872,E00691,leave,2025-11-12,2025-11,D06,,L4,,R08,invol
EV006873,E02365,leave,2025-11-02,2025-11,D12,,L5,,R06,invol
EV006874,E03242,leave,2025-11-27,2025-11,D05,,L2,,R08,invol
EV006875,E01396,leave,2025-11-20,2025-11,D03,,L3,,R06,invol
EV006876,E01648,leave,2025-11-13,2025-11,D01,,L6,,R07,invol
EV006877,E00161,leave,2025-11-16,2025-11,D12,,L7,,R06,invol
EV006878,E00345,leave,2025-11-28,2025-11,D01,,L5,,R06,invol
EV006879,E03516,leave,2025-11-03,2025-11,D02,,L6,,R07,invol
EV006880,E01920,leave,2025-11-27,2025-11,D04,,L4,,R07,invol
EV006881,E02408,leave,2025-11-10,2025-11,D06,,L2,,R08,invol
EV006882,E04929,hire,2025-11-17,2025-11,,D01,,L2,,
EV006883,E04930,hire,2025-11-11,2025-11,,D06,,L1,,
EV006884,E04931,hire,2025-11-13,2025-11,,D03,,L6,,
EV006885,E04932,hire,2025-11-22,2025-11,,D06,,L3,,
EV006886,E04933,hire,2025-11-03,2025-11,,D01,,L1,,
EV006887,E04934,hire,2025-11-25,2025-11,,D02,,L1,,
EV006888,E04935,hire,2025-11-24,2025-11,,D01,,L2,,
EV006889,E04936,hire,2025-11-13,2025-11,,D01,,L5,,
EV006890,E04937,hire,2025-11-23,2025-11,,D04,,L5,,
EV006891,E04938,hire,2025-11-02,2025-11,,D03,,L1,,
EV006892,E04939,hire,2025-11-07,2025-11,,D04,,L5,,
EV006893,E04940,hire,2025-11-11,2025-11,,D03,,L2,,
EV006894,E04941,hire,2025-11-12,2025-11,,D01,,L2,,
EV006895,E04942,hire,2025-11-13,2025-11,,D09,,L5,,
EV006896,E04943,hire,2025-11-02,2025-11,,D01,,L1,,
EV006897,E04944,hire,2025-11-29,2025-11,,D01,,L1,,
EV006898,E04945,hire,2025-11-19,2025-11,,D01,,L4,,
EV006899,E04946,hire,2025-11-16,2025-11,,D01,,L2,,
EV006900,E04947,hire,2025-11-04,2025-11,,D03,,L4,,
EV006901,E04948,hire,2025-11-13,2025-11,,D01,,L1,,
EV006902,E04949,hire,2025-11-14,2025-11,,D11,,L3,,
EV006903,E04950,hire,2025-11-02,2025-11,,D04,,L1,,
EV006904,E04951,hire,2025-11-19,2025-11,,D12,,L1,,
EV006905,E04952,hire,2025-11-14,2025-11,,D02,,L6,,
EV006906,E04953,hire,2025-11-30,2025-11,,D03,,L1,,
EV006907,E04954,hire,2025-11-16,2025-11,,D03,,L1,,
EV006908,E04955,hire,2025-11-26,2025-11,,D03,,L6,,
EV006909,E04956,hire,2025-11-02,2025-11,,D08,,L3,,
EV006910,E04957,hire,2025-11-09,2025-11,,D06,,L5,,
EV006911,E04958,hire,2025-11-17,2025-11,,D05,,L2,,
EV006912,E04959,hire,2025-11-11,2025-11,,D03,,L2,,
EV006913,E04960,hire,2025-11-01,2025-11,,D06,,L3,,
EV006914,E04961,hire,2025-11-12,2025-11,,D03,,L4,,
EV006915,E04962,hire,2025-11-20,2025-11,,D03,,L1,,
EV006916,E04963,hire,2025-11-10,2025-11,,D01,,L1,,
EV006917,E04964,hire,2025-11-10,2025-11,,D12,,L6,,
EV006918,E04965,hire,2025-11-15,2025-11,,D07,,L7,,
EV006919,E04966,hire,2025-11-29,2025-11,,D03,,L2,,
EV006920,E04967,hire,2025-11-06,2025-11,,D04,,L3,,
EV006921,E04968,hire,2025-11-24,2025-11,,D01,,L4,,
EV006922,E04969,hire,2025-11-21,2025-11,,D01,,L1,,
EV006923,E04970,hire,2025-11-05,2025-11,,D05,,L1,,
EV006924,E04971,hire,2025-11-26,2025-11,,D04,,L1,,
EV006925,E04972,hire,2025-11-20,2025-11,,D04,,L6,,
EV006926,E04973,hire,2025-11-18,2025-11,,D06,,L2,,
EV006927,E04974,hire,2025-11-20,2025-11,,D10,,L1,,
EV006928,E04975,hire,2025-11-29,2025-11,,D04,,L6,,
EV006929,E04976,hire,2025-11-05,2025-11,,D12,,L2,,
EV006930,E04977,hire,2025-11-11,2025-11,,D07,,L4,,
EV006931,E04978,hire,2025-11-28,2025-11,,D03,,L3,,
EV006932,E04979,hire,2025-11-13,2025-11,,D10,,L1,,
EV006933,E04980,hire,2025-11-11,2025-11,,D01,,L6,,
EV006934,E04981,hire,2025-11-12,2025-11,,D03,,L3,,
EV006935,E04982,hire,2025-11-01,2025-11,,D04,,L2,,
EV006936,E04983,hire,2025-11-26,2025-11,,D06,,L2,,
EV006937,E04984,hire,2025-11-15,2025-11,,D04,,L1,,
EV006938,E04985,hire,2025-11-29,2025-11,,D05,,L2,,
EV006939,E04986,hire,2025-11-02,2025-11,,D01,,L1,,
EV006940,E04987,hire,2025-11-29,2025-11,,D03,,L7,,
EV006941,E04988,hire,2025-11-24,2025-11,,D01,,L7,,
EV006942,E04989,hire,2025-11-10,2025-11,,D06,,L3,,
EV006943,E04990,hire,2025-11-24,2025-11,,D12,,L1,,
EV006944,E04991,hire,2025-11-09,2025-11,,D03,,L5,,
EV006945,E04992,hire,2025-11-27,2025-11,,D10,,L1,,
EV006946,E04993,hire,2025-11-28,2025-11,,D12,,L1,,
EV006947,E04994,hire,2025-11-13,2025-11,,D01,,L3,,
EV006948,E04995,hire,2025-11-27,2025-11,,D08,,L5,,
EV006949,E04996,hire,2025-11-08,2025-11,,D01,,L3,,
EV006950,E04997,hire,2025-11-04,2025-11,,D01,,L6,,
EV006951,E04998,hire,2025-11-19,2025-11,,D02,,L4,,
EV006952,E04999,hire,2025-11-11,2025-11,,D01,,L3,,
EV006953,E05000,hire,2025-11-15,2025-11,,D11,,L1,,
EV006954,E05001,hire,2025-11-02,2025-11,,D04,,L3,,
EV006955,E05002,hire,2025-11-19,2025-11,,D05,,L2,,
EV006956,E05003,hire,2025-11-26,2025-11,,D01,,L1,,
EV006957,E05004,hire,2025-11-21,2025-11,,D03,,L4,,
EV006958,E05005,hire,2025-11-19,2025-11,,D01,,L6,,
EV006959,E05006,hire,2025-11-17,2025-11,,D02,,L1,,
EV006960,E05007,hire,2025-11-19,2025-11,,D10,,L4,,
EV006961,E05008,hire,2025-11-28,2025-11,,D02,,L5,,
EV006962,E05009,hire,2025-11-16,2025-11,,D01,,L1,,
EV006963,E05010,hire,2025-11-20,2025-11,,D04,,L5,,
EV006964,E05011,hire,2025-11-05,2025-11,,D01,,L4,,
EV006965,E05012,hire,2025-11-23,2025-11,,D01,,L3,,
EV006966,E05013,hire,2025-11-24,2025-11,,D06,,L1,,
EV006967,E05014,hire,2025-11-14,2025-11,,D10,,L1,,
EV006968,E05015,hire,2025-11-23,2025-11,,D04,,L3,,
EV006969,E05016,hire,2025-11-04,2025-11,,D11,,L4,,
EV006970,E05017,hire,2025-11-16,2025-11,,D05,,L5,,
EV006971,E05018,hire,2025-11-28,2025-11,,D05,,L1,,
EV006972,E05019,hire,2025-11-28,2025-11,,D09,,L5,,
EV006973,E05020,hire,2025-11-18,2025-11,,D10,,L3,,
EV006974,E05021,hire,2025-11-24,2025-11,,D02,,L4,,
EV006975,E05022,hire,2025-11-12,2025-11,,D01,,L1,,
EV006976,E05023,hire,2025-11-27,2025-11,,D08,,L4,,
EV006977,E05024,hire,2025-11-01,2025-11,,D09,,L4,,
EV006978,E05025,hire,2025-11-11,2025-11,,D05,,L1,,
EV006979,E05026,hire,2025-11-06,2025-11,,D02,,L2,,
EV006980,E05027,hire,2025-11-10,2025-11,,D04,,L4,,
EV006981,E05028,hire,2025-11-12,2025-11,,D02,,L1,,
EV006982,E05029,hire,2025-11-14,2025-11,,D06,,L3,,
EV006983,E05030,hire,2025-11-04,2025-11,,D12,,L4,,
EV006984,E05031,hire,2025-11-17,2025-11,,D06,,L2,,
EV006985,E05032,hire,2025-11-15,2025-11,,D02,,L2,,
EV006986,E05033,hire,2025-11-28,2025-11,,D05,,L1,,
EV006987,E05034,hire,2025-11-03,2025-11,,D05,,L6,,
EV006988,E05035,hire,2025-11-04,2025-11,,D05,,L3,,
EV006989,E05036,hire,2025-11-13,2025-11,,D03,,L1,,
EV006990,E05037,hire,2025-11-06,2025-11,,D12,,L1,,
EV006991,E05038,hire,2025-11-14,2025-11,,D01,,L1,,
EV006992,E05039,hire,2025-11-09,2025-11,,D03,,L2,,
EV006993,E05040,hire,2025-11-14,2025-11,,D03,,L4,,
EV006994,E05041,hire,2025-11-06,2025-11,,D12,,L1,,
EV006995,E05042,hire,2025-11-28,2025-11,,D05,,L1,,
EV006996,E05043,hire,2025-11-22,2025-11,,D07,,L2,,
EV006997,E05044,hire,2025-11-15,2025-11,,D06,,L7,,
EV006998,E05045,hire,2025-11-17,2025-11,,D03,,L4,,
EV006999,E05046,hire,2025-11-25,2025-11,,D11,,L1,,
EV007000,E02521,transfer,2025-11-01,2025-11,D08,D12,L1,L1,,
EV007001,E04769,transfer,2025-11-06,2025-11,D01,D07,L4,L4,,
EV007002,E03011,transfer,2025-11-27,2025-11,D01,D03,L3,L3,,
EV007003,E04959,transfer,2025-11-04,2025-11,D03,D01,L2,L2,,
EV007004,E00554,transfer,2025-11-06,2025-11,D07,D05,L1,L1,,
EV007005,E03862,transfer,2025-11-26,2025-11,D03,D02,L1,L1,,
EV007006,E01015,transfer,2025-11-10,2025-11,D09,D12,L1,L1,,
EV007007,E02995,transfer,2025-11-30,2025-11,D03,D01,L2,L2,,
EV007008,E03183,transfer,2025-11-24,2025-11,D03,D05,L3,L3,,
EV007009,E03203,transfer,2025-11-19,2025-11,D01,D07,L1,L1,,
EV007010,E04890,transfer,2025-11-29,2025-11,D12,D01,L5,L5,,
EV007011,E04575,transfer,2025-11-13,2025-11,D03,D05,L1,L1,,
EV007012,E04646,transfer,2025-11-09,2025-11,D11,D01,L3,L3,,
EV007013,E00556,transfer,2025-11-03,2025-11,D03,D05,L5,L5,,
EV007014,E04252,transfer,2025-11-21,2025-11,D01,D08,L2,L2,,
EV007015,E03194,transfer,2025-11-05,2025-11,D04,D01,L2,L2,,
EV007016,E02482,transfer,2025-11-07,2025-11,D06,D01,L3,L3,,
EV007017,E03941,transfer,2025-11-15,2025-11,D01,D12,L6,L6,,
EV007018,E01625,transfer,2025-11-22,2025-11,D01,D11,L1,L1,,
EV007019,E00901,transfer,2025-11-19,2025-11,D07,D06,L3,L3,,
EV007020,E03540,transfer,2025-11-26,2025-11,D10,D01,L6,L6,,
EV007021,E01823,transfer,2025-11-20,2025-11,D04,D01,L2,L2,,
EV007022,E03495,transfer,2025-11-26,2025-11,D01,D04,L3,L3,,
EV007023,E04560,transfer,2025-11-22,2025-11,D01,D02,L4,L4,,
EV007024,E02481,transfer,2025-11-03,2025-11,D09,D06,L7,L7,,
EV007025,E00684,transfer,2025-11-12,2025-11,D01,D03,L6,L6,,
EV007026,E00742,transfer,2025-11-06,2025-11,D01,D04,L3,L3,,
EV007027,E02825,transfer,2025-11-01,2025-11,D05,D07,L6,L6,,
EV007028,E02498,transfer,2025-11-08,2025-11,D12,D06,L2,L2,,
EV007029,E03206,transfer,2025-11-28,2025-11,D05,D06,L3,L3,,
EV007030,E01796,promotion,2025-11-27,2025-11,D02,D02,L2,L3,,
EV007031,E03436,promotion,2025-11-13,2025-11,D03,D03,L4,L5,,
EV007032,E03189,promotion,2025-11-13,2025-11,D03,D03,L1,L2,,
EV007033,E01176,promotion,2025-11-16,2025-11,D01,D01,L6,L7,,
EV007034,E04569,promotion,2025-11-01,2025-11,D12,D12,L2,L3,,
EV007035,E02711,promotion,2025-11-04,2025-11,D05,D05,L4,L5,,
EV007036,E04636,promotion,2025-11-03,2025-11,D02,D02,L3,L4,,
EV007037,E02452,promotion,2025-11-24,2025-11,D04,D04,L4,L5,,
EV007038,E01901,promotion,2025-11-29,2025-11,D02,D02,L3,L4,,
EV007039,E04908,promotion,2025-11-29,2025-11,D01,D01,L2,L3,,
EV007040,E02366,promotion,2025-11-14,2025-11,D03,D03,L2,L3,,
EV007041,E02407,promotion,2025-11-13,2025-11,D03,D03,L1,L2,,
EV007042,E03499,salary_adjust,2025-11-15,2025-11,D05,D05,L4,L4,,11.15%
EV007043,E02378,salary_adjust,2025-11-01,2025-11,D01,D01,L2,L2,,6.52%
EV007044,E00626,salary_adjust,2025-11-04,2025-11,D05,D05,L1,L1,,9.36%
EV007045,E03720,salary_adjust,2025-11-19,2025-11,D05,D05,L3,L3,,10.90%
EV007046,E03109,salary_adjust,2025-11-29,2025-11,D08,D08,L3,L3,,7.49%
EV007047,E04883,salary_adjust,2025-11-21,2025-11,D06,D06,L5,L5,,5.89%
EV007048,E01951,salary_adjust,2025-11-23,2025-11,D03,D03,L4,L4,,4.63%
EV007049,E04847,salary_adjust,2025-11-23,2025-11,D05,D05,L7,L7,,10.34%
EV007050,E04674,salary_adjust,2025-11-01,2025-11,D01,D01,L1,L1,,8.99%
EV007051,E02271,salary_adjust,2025-11-07,2025-11,D11,D11,L1,L1,,7.90%
EV007052,E04793,salary_adjust,2025-11-19,2025-11,D03,D03,L3,L3,,9.05%
EV007053,E03920,salary_adjust,2025-11-07,2025-11,D05,D05,L2,L2,,7.86%
EV007054,E04371,salary_adjust,2025-11-15,2025-11,D03,D03,L1,L1,,9.97%
EV007055,E01165,salary_adjust,2025-11-04,2025-11,D01,D01,L3,L3,,3.83%
EV007056,E04744,salary_adjust,2025-11-21,2025-11,D01,D01,L4,L4,,5.23%
EV007057,E00180,salary_adjust,2025-11-20,2025-11,D01,D01,L5,L5,,7.29%
EV007058,E00749,salary_adjust,2025-11-09,2025-11,D12,D12,L1,L1,,7.26%
EV007059,E00407,salary_adjust,2025-11-06,2025-11,D05,D05,L3,L3,,11.92%
EV007060,E00380,salary_adjust,2025-11-02,2025-11,D09,D09,L1,L1,,8.53%
EV007061,E04175,salary_adjust,2025-11-11,2025-11,D03,D03,L2,L2,,7.02%
EV007062,E04284,salary_adjust,2025-11-12,2025-11,D01,D01,L5,L5,,7.09%
EV007063,E04709,salary_adjust,2025-11-05,2025-11,D01,D01,L4,L4,,8.81%
EV007064,E04407,salary_adjust,2025-11-24,2025-11,D01,D01,L4,L4,,11.46%
EV007065,E04153,salary_adjust,2025-11-06,2025-11,D04,D04,L6,L6,,4.20%
EV007066,E00754,salary_adjust,2025-11-21,2025-11,D01,D01,L5,L5,,6.10%
EV007067,E00602,salary_adjust,2025-11-02,2025-11,D08,D08,L4,L4,,6.41%
EV007068,E01351,salary_adjust,2025-11-05,2025-11,D05,D05,L2,L2,,7.32%
EV007069,E04981,salary_adjust,2025-11-15,2025-11,D03,D03,L3,L3,,9.47%
EV007070,E00200,salary_adjust,2025-11-24,2025-11,D01,D01,L3,L3,,11.69%
EV007071,E00967,salary_adjust,2025-11-02,2025-11,D06,D06,L3,L3,,9.47%
EV007072,E03963,salary_adjust,2025-11-29,2025-11,D11,D11,L5,L5,,6.28%
EV007073,E04237,salary_adjust,2025-11-07,2025-11,D09,D09,L4,L4,,10.79%
EV007074,E01624,salary_adjust,2025-11-28,2025-11,D06,D06,L2,L2,,7.44%
EV007075,E04327,salary_adjust,2025-11-27,2025-11,D01,D01,L5,L5,,7.52%
EV007076,E04002,salary_adjust,2025-11-10,2025-11,D11,D11,L1,L1,,7.32%
EV007077,E02945,salary_adjust,2025-11-23,2025-11,D06,D06,L1,L1,,8.47%
EV007078,E02815,salary_adjust,2025-11-04,2025-11,D02,D02,L1,L1,,8.67%
EV007079,E01620,salary_adjust,2025-11-12,2025-11,D08,D08,L2,L2,,11.18%
EV007080,E03808,salary_adjust,2025-11-15,2025-11,D02,D02,L1,L1,,5.61%
EV007081,E00978,salary_adjust,2025-11-12,2025-11,D01,D01,L3,L3,,7.35%
EV007082,E04761,leave,2025-12-03,2025-12,D10,,L5,,R03,vol
EV007083,E03769,leave,2025-12-12,2025-12,D01,,L2,,R01,vol
EV007084,E00911,leave,2025-12-18,2025-12,D01,,L4,,R04,vol
EV007085,E04901,leave,2025-12-01,2025-12,D03,,L1,,R06,invol
EV007086,E04706,leave,2025-12-23,2025-12,D09,,L1,,R01,vol
EV007087,E02951,leave,2025-12-03,2025-12,D01,,L5,,R01,vol
EV007088,E01601,leave,2025-12-16,2025-12,D03,,L1,,R05,vol
EV007089,E04264,leave,2025-12-26,2025-12,D03,,L1,,R01,vol
EV007090,E01752,leave,2025-12-24,2025-12,D07,,L1,,R01,vol
EV007091,E01147,leave,2025-12-13,2025-12,D03,,L4,,R02,vol
EV007092,E03466,leave,2025-12-12,2025-12,D05,,L3,,R01,vol
EV007093,E03531,leave,2025-12-01,2025-12,D04,,L1,,R05,vol
EV007094,E04920,leave,2025-12-24,2025-12,D01,,L6,,R02,vol
EV007095,E02488,leave,2025-12-02,2025-12,D03,,L4,,R01,vol
EV007096,E03697,leave,2025-12-11,2025-12,D03,,L2,,R03,vol
EV007097,E00814,leave,2025-12-19,2025-12,D05,,L1,,R01,vol
EV007098,E00229,leave,2025-12-20,2025-12,D01,,L3,,R01,vol
EV007099,E03640,leave,2025-12-31,2025-12,D02,,L1,,R02,vol
EV007100,E01546,leave,2025-12-13,2025-12,D09,,L3,,R02,vol
EV007101,E01676,leave,2025-12-30,2025-12,D12,,L4,,R02,vol
EV007102,E01641,leave,2025-12-10,2025-12,D01,,L3,,R02,vol
EV007103,E04633,leave,2025-12-23,2025-12,D01,,L2,,R01,vol
EV007104,E01724,leave,2025-12-28,2025-12,D03,,L2,,R03,vol
EV007105,E02899,leave,2025-12-30,2025-12,D08,,L4,,R01,vol
EV007106,E04536,leave,2025-12-24,2025-12,D01,,L3,,R01,vol
EV007107,E01321,leave,2025-12-02,2025-12,D03,,L2,,R03,vol
EV007108,E00756,leave,2025-12-22,2025-12,D01,,L6,,R02,vol
EV007109,E02069,leave,2025-12-08,2025-12,D07,,L2,,R01,vol
EV007110,E01350,leave,2025-12-18,2025-12,D11,,L1,,R01,vol
EV007111,E02615,leave,2025-12-07,2025-12,D03,,L7,,R01,vol
EV007112,E03432,leave,2025-12-14,2025-12,D01,,L1,,R01,vol
EV007113,E00334,leave,2025-12-29,2025-12,D07,,L3,,R02,vol
EV007114,E04905,leave,2025-12-15,2025-12,D12,,L3,,R04,vol
EV007115,E03621,leave,2025-12-04,2025-12,D03,,L2,,R01,vol
EV007116,E01980,leave,2025-12-25,2025-12,D01,,L1,,R01,vol
EV007117,E01550,leave,2025-12-28,2025-12,D04,,L2,,R02,vol
EV007118,E04646,leave,2025-12-19,2025-12,D01,,L3,,R02,vol
EV007119,E03167,leave,2025-12-03,2025-12,D02,,L3,,R02,vol
EV007120,E01467,leave,2025-12-12,2025-12,D02,,L4,,R01,vol
EV007121,E03431,leave,2025-12-29,2025-12,D07,,L1,,R03,vol
EV007122,E02136,leave,2025-12-02,2025-12,D01,,L3,,R04,vol
EV007123,E01473,leave,2025-12-11,2025-12,D01,,L4,,R01,vol
EV007124,E00090,leave,2025-12-19,2025-12,D01,,L1,,R02,vol
EV007125,E02156,leave,2025-12-02,2025-12,D01,,L1,,R01,vol
EV007126,E03456,leave,2025-12-10,2025-12,D01,,L2,,R02,vol
EV007127,E02673,leave,2025-12-19,2025-12,D01,,L2,,R01,vol
EV007128,E01866,leave,2025-12-12,2025-12,D03,,L4,,R05,vol
EV007129,E03362,leave,2025-12-07,2025-12,D01,,L4,,R01,vol
EV007130,E02302,leave,2025-12-13,2025-12,D11,,L5,,R01,vol
EV007131,E01494,leave,2025-12-04,2025-12,D01,,L3,,R01,vol
EV007132,E04629,leave,2025-12-29,2025-12,D05,,L6,,R02,vol
EV007133,E00028,leave,2025-12-16,2025-12,D06,,L2,,R02,vol
EV007134,E01839,leave,2025-12-27,2025-12,D01,,L2,,R05,vol
EV007135,E01916,leave,2025-12-20,2025-12,D03,,L3,,R02,vol
EV007136,E04213,leave,2025-12-18,2025-12,D07,,L2,,R01,vol
EV007137,E02650,leave,2025-12-22,2025-12,D01,,L6,,R04,vol
EV007138,E02646,leave,2025-12-11,2025-12,D11,,L5,,R04,vol
EV007139,E04254,leave,2025-12-13,2025-12,D01,,L4,,R01,vol
EV007140,E03024,leave,2025-12-23,2025-12,D06,,L6,,R04,vol
EV007141,E00494,leave,2025-12-31,2025-12,D06,,L1,,R03,vol
EV007142,E04578,leave,2025-12-29,2025-12,D05,,L3,,R06,invol
EV007143,E01072,leave,2025-12-29,2025-12,D01,,L3,,R01,vol
EV007144,E02886,leave,2025-12-04,2025-12,D11,,L4,,R02,vol
EV007145,E01909,leave,2025-12-13,2025-12,D02,,L1,,R01,vol
EV007146,E03210,leave,2025-12-14,2025-12,D02,,L2,,R01,vol
EV007147,E02315,leave,2025-12-07,2025-12,D07,,L5,,R09,invol
EV007148,E03856,leave,2025-12-30,2025-12,D01,,L2,,R08,invol
EV007149,E02012,leave,2025-12-24,2025-12,D02,,L3,,R07,invol
EV007150,E04964,leave,2025-12-26,2025-12,D12,,L6,,R06,invol
EV007151,E04619,leave,2025-12-08,2025-12,D12,,L2,,R08,invol
EV007152,E00829,leave,2025-12-12,2025-12,D03,,L5,,R06,invol
EV007153,E02901,leave,2025-12-22,2025-12,D07,,L4,,R06,invol
EV007154,E04082,leave,2025-12-19,2025-12,D05,,L2,,R07,invol
EV007155,E00786,leave,2025-12-08,2025-12,D01,,L3,,R07,invol
EV007156,E00121,leave,2025-12-06,2025-12,D01,,L1,,R07,invol
EV007157,E01232,leave,2025-12-13,2025-12,D03,,L2,,R06,invol
EV007158,E02092,leave,2025-12-03,2025-12,D05,,L2,,R06,invol
EV007159,E03075,leave,2025-12-04,2025-12,D01,,L1,,R06,invol
EV007160,E02255,leave,2025-12-11,2025-12,D06,,L1,,R07,invol
EV007161,E02626,leave,2025-12-13,2025-12,D02,,L1,,R06,invol
EV007162,E03130,leave,2025-12-27,2025-12,D03,,L5,,R07,invol
EV007163,E02755,leave,2025-12-03,2025-12,D05,,L2,,R07,invol
EV007164,E01984,leave,2025-12-17,2025-12,D01,,L4,,R06,invol
EV007165,E02016,leave,2025-12-04,2025-12,D07,,L1,,R06,invol
EV007166,E04514,leave,2025-12-31,2025-12,D09,,L3,,R06,invol
EV007167,E01833,leave,2025-12-07,2025-12,D01,,L5,,R07,invol
EV007168,E03150,leave,2025-12-27,2025-12,D02,,L6,,R07,invol
EV007169,E04055,leave,2025-12-18,2025-12,D04,,L1,,R06,invol
EV007170,E00137,leave,2025-12-24,2025-12,D12,,L1,,R09,invol
EV007171,E02133,leave,2025-12-27,2025-12,D03,,L1,,R07,invol
EV007172,E00551,leave,2025-12-14,2025-12,D01,,L5,,R08,invol
EV007173,E01519,leave,2025-12-18,2025-12,D08,,L1,,R06,invol
EV007174,E00158,leave,2025-12-20,2025-12,D01,,L5,,R06,invol
EV007175,E04810,leave,2025-12-19,2025-12,D03,,L1,,R06,invol
EV007176,E03688,leave,2025-12-21,2025-12,D11,,L2,,R09,invol
EV007177,E02903,leave,2025-12-02,2025-12,D09,,L4,,R07,invol
EV007178,E04096,leave,2025-12-18,2025-12,D01,,L3,,R06,invol
EV007179,E02627,leave,2025-12-30,2025-12,D01,,L1,,R06,invol
EV007180,E00082,leave,2025-12-06,2025-12,D01,,L1,,R08,invol
EV007181,E04281,leave,2025-12-16,2025-12,D02,,L1,,R09,invol
EV007182,E00558,leave,2025-12-28,2025-12,D11,,L2,,R08,invol
EV007183,E02289,leave,2025-12-18,2025-12,D03,,L4,,R08,invol
EV007184,E04000,leave,2025-12-22,2025-12,D10,,L4,,R08,invol
EV007185,E02506,leave,2025-12-16,2025-12,D12,,L1,,R08,invol
EV007186,E04520,leave,2025-12-05,2025-12,D02,,L1,,R09,invol
EV007187,E04772,leave,2025-12-10,2025-12,D11,,L1,,R06,invol
EV007188,E05047,hire,2025-12-04,2025-12,,D11,,L5,,
EV007189,E05048,hire,2025-12-28,2025-12,,D04,,L3,,
EV007190,E05049,hire,2025-12-12,2025-12,,D08,,L4,,
EV007191,E05050,hire,2025-12-05,2025-12,,D10,,L5,,
EV007192,E05051,hire,2025-12-05,2025-12,,D06,,L1,,
EV007193,E05052,hire,2025-12-05,2025-12,,D03,,L1,,
EV007194,E05053,hire,2025-12-25,2025-12,,D03,,L3,,
EV007195,E05054,hire,2025-12-09,2025-12,,D01,,L3,,
EV007196,E05055,hire,2025-12-31,2025-12,,D01,,L5,,
EV007197,E05056,hire,2025-12-08,2025-12,,D01,,L2,,
EV007198,E05057,hire,2025-12-19,2025-12,,D06,,L1,,
EV007199,E05058,hire,2025-12-27,2025-12,,D08,,L5,,
EV007200,E05059,hire,2025-12-10,2025-12,,D02,,L7,,
EV007201,E05060,hire,2025-12-16,2025-12,,D09,,L1,,
EV007202,E05061,hire,2025-12-01,2025-12,,D08,,L5,,
EV007203,E05062,hire,2025-12-10,2025-12,,D01,,L4,,
EV007204,E05063,hire,2025-12-04,2025-12,,D03,,L3,,
EV007205,E05064,hire,2025-12-17,2025-12,,D04,,L2,,
EV007206,E05065,hire,2025-12-15,2025-12,,D02,,L3,,
EV007207,E05066,hire,2025-12-17,2025-12,,D02,,L2,,
EV007208,E05067,hire,2025-12-02,2025-12,,D05,,L6,,
EV007209,E05068,hire,2025-12-15,2025-12,,D06,,L3,,
EV007210,E05069,hire,2025-12-26,2025-12,,D01,,L6,,
EV007211,E05070,hire,2025-12-01,2025-12,,D04,,L3,,
EV007212,E05071,hire,2025-12-16,2025-12,,D01,,L5,,
EV007213,E05072,hire,2025-12-03,2025-12,,D05,,L2,,
EV007214,E05073,hire,2025-12-24,2025-12,,D04,,L2,,
EV007215,E05074,hire,2025-12-19,2025-12,,D03,,L1,,
EV007216,E05075,hire,2025-12-04,2025-12,,D03,,L1,,
EV007217,E05076,hire,2025-12-22,2025-12,,D08,,L1,,
EV007218,E05077,hire,2025-12-18,2025-12,,D01,,L2,,
EV007219,E05078,hire,2025-12-07,2025-12,,D01,,L2,,
EV007220,E05079,hire,2025-12-17,2025-12,,D10,,L5,,
EV007221,E05080,hire,2025-12-29,2025-12,,D04,,L5,,
EV007222,E05081,hire,2025-12-02,2025-12,,D07,,L2,,
EV007223,E05082,hire,2025-12-24,2025-12,,D04,,L1,,
EV007224,E05083,hire,2025-12-01,2025-12,,D02,,L4,,
EV007225,E05084,hire,2025-12-04,2025-12,,D10,,L7,,
EV007226,E05085,hire,2025-12-27,2025-12,,D02,,L3,,
EV007227,E05086,hire,2025-12-09,2025-12,,D09,,L3,,
EV007228,E05087,hire,2025-12-14,2025-12,,D03,,L1,,
EV007229,E05088,hire,2025-12-15,2025-12,,D01,,L3,,
EV007230,E05089,hire,2025-12-24,2025-12,,D11,,L4,,
EV007231,E05090,hire,2025-12-20,2025-12,,D01,,L2,,
EV007232,E05091,hire,2025-12-19,2025-12,,D01,,L2,,
EV007233,E05092,hire,2025-12-05,2025-12,,D02,,L2,,
EV007234,E05093,hire,2025-12-27,2025-12,,D01,,L1,,
EV007235,E05094,hire,2025-12-12,2025-12,,D05,,L4,,
EV007236,E05095,hire,2025-12-27,2025-12,,D04,,L3,,
EV007237,E05096,hire,2025-12-04,2025-12,,D02,,L1,,
EV007238,E05097,hire,2025-12-03,2025-12,,D09,,L2,,
EV007239,E05098,hire,2025-12-22,2025-12,,D10,,L1,,
EV007240,E05099,hire,2025-12-11,2025-12,,D05,,L4,,
EV007241,E05100,hire,2025-12-08,2025-12,,D05,,L2,,
EV007242,E05101,hire,2025-12-07,2025-12,,D11,,L2,,
EV007243,E05102,hire,2025-12-11,2025-12,,D10,,L4,,
EV007244,E05103,hire,2025-12-15,2025-12,,D08,,L1,,
EV007245,E05104,hire,2025-12-06,2025-12,,D01,,L2,,
EV007246,E05105,hire,2025-12-12,2025-12,,D03,,L2,,
EV007247,E05106,hire,2025-12-07,2025-12,,D02,,L5,,
EV007248,E05107,hire,2025-12-08,2025-12,,D01,,L1,,
EV007249,E05108,hire,2025-12-27,2025-12,,D01,,L2,,
EV007250,E05109,hire,2025-12-03,2025-12,,D08,,L1,,
EV007251,E05110,hire,2025-12-10,2025-12,,D12,,L1,,
EV007252,E05111,hire,2025-12-07,2025-12,,D03,,L4,,
EV007253,E05112,hire,2025-12-31,2025-12,,D08,,L2,,
EV007254,E05113,hire,2025-12-27,2025-12,,D10,,L2,,
EV007255,E05114,hire,2025-12-01,2025-12,,D12,,L6,,
EV007256,E05115,hire,2025-12-21,2025-12,,D03,,L1,,
EV007257,E05116,hire,2025-12-15,2025-12,,D08,,L3,,
EV007258,E05117,hire,2025-12-15,2025-12,,D04,,L2,,
EV007259,E05118,hire,2025-12-24,2025-12,,D02,,L3,,
EV007260,E05119,hire,2025-12-20,2025-12,,D06,,L4,,
EV007261,E05120,hire,2025-12-12,2025-12,,D08,,L1,,
EV007262,E05121,hire,2025-12-08,2025-12,,D01,,L2,,
EV007263,E05122,hire,2025-12-29,2025-12,,D09,,L2,,
EV007264,E05123,hire,2025-12-29,2025-12,,D11,,L5,,
EV007265,E05124,hire,2025-12-31,2025-12,,D06,,L3,,
EV007266,E05125,hire,2025-12-22,2025-12,,D11,,L5,,
EV007267,E05126,hire,2025-12-21,2025-12,,D03,,L2,,
EV007268,E05127,hire,2025-12-10,2025-12,,D08,,L3,,
EV007269,E05128,hire,2025-12-10,2025-12,,D11,,L5,,
EV007270,E05129,hire,2025-12-18,2025-12,,D10,,L4,,
EV007271,E05130,hire,2025-12-20,2025-12,,D07,,L1,,
EV007272,E05131,hire,2025-12-31,2025-12,,D01,,L6,,
EV007273,E05132,hire,2025-12-16,2025-12,,D01,,L1,,
EV007274,E05133,hire,2025-12-06,2025-12,,D01,,L1,,
EV007275,E05134,hire,2025-12-16,2025-12,,D05,,L1,,
EV007276,E05135,hire,2025-12-21,2025-12,,D01,,L2,,
EV007277,E05136,hire,2025-12-19,2025-12,,D03,,L1,,
EV007278,E05137,hire,2025-12-23,2025-12,,D01,,L2,,
EV007279,E05138,hire,2025-12-14,2025-12,,D03,,L1,,
EV007280,E05139,hire,2025-12-03,2025-12,,D01,,L1,,
EV007281,E05140,hire,2025-12-31,2025-12,,D01,,L5,,
EV007282,E05141,hire,2025-12-07,2025-12,,D03,,L5,,
EV007283,E05142,hire,2025-12-28,2025-12,,D02,,L2,,
EV007284,E05143,hire,2025-12-12,2025-12,,D06,,L4,,
EV007285,E05144,hire,2025-12-23,2025-12,,D01,,L2,,
EV007286,E05145,hire,2025-12-10,2025-12,,D01,,L2,,
EV007287,E05146,hire,2025-12-18,2025-12,,D01,,L3,,
EV007288,E05147,hire,2025-12-08,2025-12,,D05,,L1,,
EV007289,E05148,hire,2025-12-14,2025-12,,D01,,L6,,
EV007290,E05149,hire,2025-12-19,2025-12,,D01,,L6,,
EV007291,E05150,hire,2025-12-15,2025-12,,D02,,L1,,
EV007292,E05151,hire,2025-12-27,2025-12,,D02,,L4,,
EV007293,E05152,hire,2025-12-05,2025-12,,D01,,L1,,
EV007294,E05153,hire,2025-12-20,2025-12,,D03,,L4,,
EV007295,E05154,hire,2025-12-22,2025-12,,D01,,L3,,
EV007296,E05155,hire,2025-12-19,2025-12,,D02,,L2,,
EV007297,E05156,hire,2025-12-05,2025-12,,D06,,L4,,
EV007298,E05157,hire,2025-12-09,2025-12,,D07,,L3,,
EV007299,E05158,hire,2025-12-30,2025-12,,D03,,L2,,
EV007300,E05159,hire,2025-12-12,2025-12,,D05,,L2,,
EV007301,E05160,hire,2025-12-13,2025-12,,D04,,L6,,
EV007302,E05161,hire,2025-12-09,2025-12,,D02,,L3,,
EV007303,E05162,hire,2025-12-25,2025-12,,D01,,L3,,
EV007304,E05163,hire,2025-12-17,2025-12,,D04,,L6,,
EV007305,E05164,hire,2025-12-01,2025-12,,D05,,L4,,
EV007306,E05165,hire,2025-12-08,2025-12,,D03,,L1,,
EV007307,E05166,hire,2025-12-05,2025-12,,D01,,L3,,
EV007308,E05167,hire,2025-12-20,2025-12,,D01,,L1,,
EV007309,E05168,hire,2025-12-27,2025-12,,D01,,L2,,
EV007310,E05169,hire,2025-12-05,2025-12,,D11,,L3,,
EV007311,E05170,hire,2025-12-11,2025-12,,D02,,L2,,
EV007312,E05171,hire,2025-12-06,2025-12,,D05,,L1,,
EV007313,E05172,hire,2025-12-15,2025-12,,D12,,L4,,
EV007314,E05173,hire,2025-12-24,2025-12,,D01,,L1,,
EV007315,E05174,hire,2025-12-08,2025-12,,D01,,L7,,
EV007316,E05175,hire,2025-12-15,2025-12,,D01,,L2,,
EV007317,E05176,hire,2025-12-26,2025-12,,D01,,L1,,
EV007318,E05177,hire,2025-12-19,2025-12,,D11,,L6,,
EV007319,E05178,hire,2025-12-31,2025-12,,D11,,L1,,
EV007320,E05179,hire,2025-12-02,2025-12,,D01,,L1,,
EV007321,E05180,hire,2025-12-05,2025-12,,D01,,L2,,
EV007322,E05181,hire,2025-12-14,2025-12,,D12,,L5,,
EV007323,E05182,hire,2025-12-21,2025-12,,D01,,L6,,
EV007324,E05183,hire,2025-12-06,2025-12,,D02,,L3,,
EV007325,E05184,hire,2025-12-16,2025-12,,D02,,L6,,
EV007326,E05185,hire,2025-12-15,2025-12,,D02,,L1,,
EV007327,E05186,hire,2025-12-27,2025-12,,D07,,L2,,
EV007328,E05187,hire,2025-12-07,2025-12,,D10,,L2,,
EV007329,E05188,hire,2025-12-17,2025-12,,D06,,L1,,
EV007330,E05189,hire,2025-12-10,2025-12,,D01,,L4,,
EV007331,E05190,hire,2025-12-04,2025-12,,D01,,L5,,
EV007332,E05191,hire,2025-12-21,2025-12,,D11,,L4,,
EV007333,E05192,hire,2025-12-24,2025-12,,D10,,L2,,
EV007334,E01466,transfer,2025-12-11,2025-12,D11,D06,L1,L1,,
EV007335,E00422,transfer,2025-12-04,2025-12,D02,D08,L1,L1,,
EV007336,E02932,transfer,2025-12-05,2025-12,D01,D12,L1,L1,,
EV007337,E00606,transfer,2025-12-27,2025-12,D05,D04,L2,L2,,
EV007338,E04467,transfer,2025-12-13,2025-12,D11,D01,L1,L1,,
EV007339,E04960,transfer,2025-12-10,2025-12,D06,D07,L3,L3,,
EV007340,E04790,transfer,2025-12-06,2025-12,D08,D12,L1,L1,,
EV007341,E04853,transfer,2025-12-19,2025-12,D02,D01,L4,L4,,
EV007342,E01343,transfer,2025-12-17,2025-12,D03,D07,L1,L1,,
EV007343,E02454,transfer,2025-12-10,2025-12,D01,D12,L4,L4,,
EV007344,E04224,transfer,2025-12-20,2025-12,D02,D11,L1,L1,,
EV007345,E03291,transfer,2025-12-31,2025-12,D05,D11,L2,L2,,
EV007346,E03747,transfer,2025-12-09,2025-12,D06,D07,L4,L4,,
EV007347,E01298,transfer,2025-12-24,2025-12,D02,D01,L5,L5,,
EV007348,E04207,transfer,2025-12-14,2025-12,D01,D09,L4,L4,,
EV007349,E02721,transfer,2025-12-26,2025-12,D03,D02,L3,L3,,
EV007350,E03557,transfer,2025-12-23,2025-12,D06,D03,L4,L4,,
EV007351,E01787,transfer,2025-12-06,2025-12,D02,D07,L1,L1,,
EV007352,E00272,transfer,2025-12-10,2025-12,D11,D12,L5,L5,,
EV007353,E02526,transfer,2025-12-04,2025-12,D05,D12,L5,L5,,
EV007354,E03448,transfer,2025-12-27,2025-12,D02,D01,L2,L2,,
EV007355,E00389,transfer,2025-12-04,2025-12,D01,D12,L4,L4,,
EV007356,E01096,transfer,2025-12-31,2025-12,D03,D01,L7,L7,,
EV007357,E04954,transfer,2025-12-20,2025-12,D03,D02,L1,L1,,
EV007358,E03453,transfer,2025-12-26,2025-12,D07,D01,L4,L4,,
EV007359,E01094,transfer,2025-12-07,2025-12,D11,D02,L3,L3,,
EV007360,E04140,transfer,2025-12-27,2025-12,D10,D01,L4,L4,,
EV007361,E04749,transfer,2025-12-16,2025-12,D11,D06,L3,L3,,
EV007362,E00876,promotion,2025-12-29,2025-12,D12,D12,L4,L5,,
EV007363,E02860,promotion,2025-12-21,2025-12,D01,D01,L5,L6,,
EV007364,E01994,promotion,2025-12-08,2025-12,D02,D02,L3,L4,,
EV007365,E03642,promotion,2025-12-30,2025-12,D04,D04,L3,L4,,
EV007366,E04845,promotion,2025-12-21,2025-12,D02,D02,L4,L5,,
EV007367,E02023,promotion,2025-12-05,2025-12,D01,D01,L1,L2,,
EV007368,E02249,promotion,2025-12-13,2025-12,D11,D11,L1,L2,,
EV007369,E02870,promotion,2025-12-11,2025-12,D03,D03,L3,L4,,
EV007370,E02022,promotion,2025-12-24,2025-12,D06,D06,L5,L6,,
EV007371,E03155,promotion,2025-12-02,2025-12,D12,D12,L4,L5,,
EV007372,E02301,salary_adjust,2025-12-08,2025-12,D01,D01,L3,L3,,10.35%
EV007373,E04731,salary_adjust,2025-12-08,2025-12,D03,D03,L1,L1,,9.50%
EV007374,E03598,salary_adjust,2025-12-20,2025-12,D02,D02,L2,L2,,4.88%
EV007375,E04465,salary_adjust,2025-12-20,2025-12,D01,D01,L1,L1,,7.86%
EV007376,E05161,salary_adjust,2025-12-16,2025-12,D02,D02,L3,L3,,6.89%
EV007377,E02469,salary_adjust,2025-12-05,2025-12,D04,D04,L2,L2,,11.24%
EV007378,E01690,salary_adjust,2025-12-21,2025-12,D07,D07,L3,L3,,3.92%
EV007379,E02555,salary_adjust,2025-12-07,2025-12,D01,D01,L7,L7,,7.67%
EV007380,E03932,salary_adjust,2025-12-09,2025-12,D03,D03,L3,L3,,3.20%
EV007381,E04996,salary_adjust,2025-12-12,2025-12,D01,D01,L3,L3,,6.18%
EV007382,E04103,salary_adjust,2025-12-28,2025-12,D02,D02,L1,L1,,9.10%
EV007383,E00407,salary_adjust,2025-12-18,2025-12,D05,D05,L3,L3,,6.56%
EV007384,E00297,salary_adjust,2025-12-06,2025-12,D06,D06,L3,L3,,10.00%
EV007385,E05189,salary_adjust,2025-12-09,2025-12,D01,D01,L4,L4,,6.95%
EV007386,E01809,salary_adjust,2025-12-12,2025-12,D03,D03,L1,L1,,10.46%
EV007387,E00005,salary_adjust,2025-12-03,2025-12,D01,D01,L3,L3,,5.99%
EV007388,E02461,salary_adjust,2025-12-09,2025-12,D01,D01,L5,L5,,3.49%
EV007389,E00598,salary_adjust,2025-12-12,2025-12,D12,D12,L2,L2,,5.31%
EV007390,E03610,salary_adjust,2025-12-30,2025-12,D02,D02,L4,L4,,4.39%
EV007391,E00094,salary_adjust,2025-12-14,2025-12,D01,D01,L1,L1,,5.90%
EV007392,E02564,salary_adjust,2025-12-04,2025-12,D02,D02,L2,L2,,9.45%
EV007393,E03017,salary_adjust,2025-12-09,2025-12,D11,D11,L5,L5,,5.96%
EV007394,E00529,salary_adjust,2025-12-21,2025-12,D05,D05,L3,L3,,4.57%
EV007395,E03871,salary_adjust,2025-12-14,2025-12,D04,D04,L4,L4,,9.34%
EV007396,E03534,salary_adjust,2025-12-21,2025-12,D11,D11,L2,L2,,6.58%
EV007397,E02023,salary_adjust,2025-12-06,2025-12,D01,D01,L2,L2,,7.22%
EV007398,E03575,salary_adjust,2025-12-13,2025-12,D02,D02,L2,L2,,8.92%
EV007399,E02970,salary_adjust,2025-12-29,2025-12,D03,D03,L1,L1,,11.21%
EV007400,E04859,salary_adjust,2025-12-28,2025-12,D02,D02,L3,L3,,9.18%
EV007401,E00657,salary_adjust,2025-12-05,2025-12,D02,D02,L7,L7,,3.06%
EV007402,E05015,salary_adjust,2025-12-14,2025-12,D04,D04,L3,L3,,10.26%
EV007403,E00412,salary_adjust,2025-12-01,2025-12,D01,D01,L2,L2,,6.35%
EV007404,E03707,salary_adjust,2025-12-10,2025-12,D03,D03,L3,L3,,4.20%
EV007405,E00734,salary_adjust,2025-12-16,2025-12,D01,D01,L2,L2,,9.98%
EV007406,E01434,salary_adjust,2025-12-10,2025-12,D01,D01,L1,L1,,11.53%
EV007407,E03623,salary_adjust,2025-12-26,2025-12,D01,D01,L3,L3,,3.97%
EV007408,E02523,salary_adjust,2025-12-17,2025-12,D11,D11,L4,L4,,5.30%
EV007409,E04537,salary_adjust,2025-12-04,2025-12,D06,D06,L3,L3,,10.98%
EV007410,E01867,salary_adjust,2025-12-21,2025-12,D11,D11,L1,L1,,4.97%
EV007411,E05183,salary_adjust,2025-12-10,2025-12,D02,D02,L3,L3,,8.75%
EV007412,E01982,salary_adjust,2025-12-14,2025-12,D08,D08,L1,L1,,8.79%
